{
"type": "FeatureCollection",
"name": "skor_bahaya_longsor",
"crs": { "type": "name", "properties": { "name": "urn:ogc:def:crs:OGC:1.3:CRS84" } },
"features": [
{ "type": "Feature", "properties": { "Kelas": "", "SKOR_LONGSOR": 0 }, "geometry": { "type": "MultiPolygon", "coordinates": [ [ [ [ 110.5031524, -7.8228591 ], [ 110.503884599729943, -7.823123433429648 ], [ 110.503884599729943, -7.823324471294511 ], [ 110.502986284445825, -7.823324471294511 ], [ 110.502986284445825, -7.822799159889581 ], [ 110.5031524, -7.8228591 ] ] ] ] } },
{ "type": "Feature", "properties": { "Kelas": "Sangat Rendah", "SKOR_LONGSOR": 1 }, "geometry": { "type": "MultiPolygon", "coordinates": [ [ [ [ 110.50568123029818, -7.823324471294511 ], [ 110.506579545582312, -7.823324471294511 ], [ 110.506579545582312, -7.824220311256696 ], [ 110.50568123029818, -7.824220311256696 ], [ 110.50568123029818, -7.823324471294511 ] ] ] ] } },
{ "type": "Feature", "properties": { "Kelas": "Cukup Rendah", "SKOR_LONGSOR": 2 }, "geometry": { "type": "MultiPolygon", "coordinates": [ [ [ [ 110.504782915014061, -7.824220311256696 ], [ 110.506579545582312, -7.824220311256696 ], [ 110.506579545582312, -7.825116149268863 ], [ 110.504782915014061, -7.825116149268863 ], [ 110.504782915014061, -7.824220311256696 ] ] ] ] } },
{ "type": "Feature", "properties": { "Kelas": "Sedang", "SKOR_LONGSOR": 3 }, "geometry": { "type": "MultiPolygon", "coordinates": [ [ [ [ 110.506579545582312, -7.824220311256696 ], [ 110.507477860866416, -7.824220311256696 ], [ 110.507477860866416, -7.825116149268863 ], [ 110.506579545582312, -7.825116149268863 ], [ 110.506579545582312, -7.824220311256696 ] ] ] ] } },
{ "type": "Feature", "properties": { "Kelas": "Cukup Rendah", "SKOR_LONGSOR": 2 }, "geometry": { "type": "MultiPolygon", "coordinates": [ [ [ [ 110.5103719, -7.8242247 ], [ 110.5103731, -7.8242581 ], [ 110.5103774, -7.8242766 ], [ 110.5103795, -7.824297 ], [ 110.5103849, -7.8243092 ], [ 110.5104036, -7.8243897 ], [ 110.5104799, -7.8245742 ], [ 110.5104875, -7.8247754 ], [ 110.510492, -7.8248227 ], [ 110.5105028, -7.8249337 ], [ 110.51056474014581, -7.825116149268863 ], [ 110.510172806718785, -7.825116149268863 ], [ 110.510172806718785, -7.824220311256696 ], [ 110.510371754082698, -7.824220311256696 ], [ 110.5103719, -7.8242247 ] ] ] ] } },
{ "type": "Feature", "properties": { "Kelas": "Sangat Rendah", "SKOR_LONGSOR": 1 }, "geometry": { "type": "MultiPolygon", "coordinates": [ [ [ [ 110.283797355120655, -7.825116149268863 ], [ 110.284695670404787, -7.825116149268863 ], [ 110.284695670404787, -7.826011985330803 ], [ 110.283797355120655, -7.826011985330803 ], [ 110.283797355120655, -7.825116149268863 ] ] ] ] } },
{ "type": "Feature", "properties": { "Kelas": "Cukup Tinggi", "SKOR_LONGSOR": 4 }, "geometry": { "type": "MultiPolygon", "coordinates": [ [ [ [ 110.5136918, -7.8283441 ], [ 110.5139436, -7.8282568 ], [ 110.5142488, -7.8281738 ], [ 110.5145534, -7.8280847 ], [ 110.5149561, -7.8285484 ], [ 110.5149584, -7.828551 ], [ 110.5149808, -7.8287826 ], [ 110.514974, -7.8288864 ], [ 110.5149354, -7.8294165 ], [ 110.5149049, -7.8299782 ], [ 110.5149354, -7.8301241 ], [ 110.515088, -7.8302648 ], [ 110.5154924, -7.8303611 ], [ 110.515912, -7.8304121 ], [ 110.516324, -7.8303845 ], [ 110.516461013707612, -7.830379416398762 ], [ 110.516461013707612, -7.831386960735411 ], [ 110.515562698423494, -7.831386960735411 ], [ 110.515562698423494, -7.830491136379422 ], [ 110.514664383139376, -7.830491136379422 ], [ 110.514664383139376, -7.828699481813059 ], [ 110.513099576555135, -7.828699481813059 ], [ 110.5132188, -7.8286221 ], [ 110.513318, -7.8285501 ], [ 110.5136918, -7.8283441 ] ] ], [ [ [ 110.5063125, -7.8230165 ], [ 110.5065067, -7.8230168 ], [ 110.5065587, -7.8230168 ], [ 110.5069742, -7.8230173 ], [ 110.5070127, -7.8230144 ], [ 110.5071323, -7.8230164 ], [ 110.5071415, -7.8230047 ], [ 110.5071551, -7.8229873 ], [ 110.5071655, -7.8229049 ], [ 110.5071681, -7.8228847 ], [ 110.5071743, -7.8227939 ], [ 110.5071501, -7.8226607 ], [ 110.5071259, -7.8226001 ], [ 110.5070896, -7.8224729 ], [ 110.5070534, -7.8223154 ], [ 110.5070778, -7.822158 ], [ 110.5071266, -7.8219764 ], [ 110.5071571, -7.8218795 ], [ 110.5072544, -7.8217767 ], [ 110.5073759, -7.8217284 ], [ 110.5075095, -7.8216922 ], [ 110.5076128, -7.821656 ], [ 110.5078265, -7.8216064 ], [ 110.5080707, -7.8216818 ], [ 110.508681, -7.821872 ], [ 110.5089481, -7.8219531 ], [ 110.5090244, -7.8219864 ], [ 110.5091159, -7.8220237 ], [ 110.5093219, -7.8221037 ], [ 110.5094546, -7.8221291 ], [ 110.5094592, -7.82213 ], [ 110.5094889, -7.8221194 ], [ 110.5094899, -7.8221186 ], [ 110.5095206, -7.8220944 ], [ 110.5095729, -7.8221624 ], [ 110.5098466, -7.8225043 ], [ 110.5098929, -7.8225767 ], [ 110.510034, -7.8227978 ], [ 110.5100908, -7.8228867 ], [ 110.5102357, -7.8232858 ], [ 110.5102622, -7.8235041 ], [ 110.510312, -7.8239138 ], [ 110.5103459, -7.8239869 ], [ 110.5103654, -7.8240292 ], [ 110.510371754082698, -7.824220311256696 ], [ 110.510172806718785, -7.824220311256696 ], [ 110.510172806718785, -7.825116149268863 ], [ 110.51056474014581, -7.825116149268863 ], [ 110.5106553, -7.8253829 ], [ 110.5106548, -7.8253882 ], [ 110.5106401, -7.8255312 ], [ 110.5105561, -7.8257124 ], [ 110.5104951, -7.8257377 ], [ 110.5103273, -7.8257792 ], [ 110.5102052, -7.825844 ], [ 110.5101365, -7.8259494 ], [ 110.5101136, -7.8260872 ], [ 110.5101136, -7.8263671 ], [ 110.5100908, -7.8265135 ], [ 110.5103731, -7.826596 ], [ 110.5104646, -7.8265173 ], [ 110.5106553, -7.8261859 ], [ 110.5108003, -7.8261468 ], [ 110.5108627, -7.8261811 ], [ 110.5108919, -7.8261973 ], [ 110.5110445, -7.8264334 ], [ 110.5110826, -7.8266694 ], [ 110.5110826, -7.8267804 ], [ 110.5110826, -7.826907819442295 ], [ 110.508376176150549, -7.826907819442295 ], [ 110.508376176150549, -7.826011985330803 ], [ 110.507477860866416, -7.826011985330803 ], [ 110.507477860866416, -7.826907819442295 ], [ 110.506579545582312, -7.826907819442295 ], [ 110.506579545582312, -7.826011985330803 ], [ 110.50568123029818, -7.826011985330803 ], [ 110.50568123029818, -7.825116149268863 ], [ 110.507477860866416, -7.825116149268863 ], [ 110.507477860866416, -7.824220311256696 ], [ 110.506579545582312, -7.824220311256696 ], [ 110.506579545582312, -7.823324471294511 ], [ 110.505528861074097, -7.823324471294511 ], [ 110.5057583, -7.8232 ], [ 110.5059892, -7.8231543 ], [ 110.5063125, -7.8230165 ] ] ] ] } },
{ "type": "Feature", "properties": { "Kelas": "Sangat Rendah", "SKOR_LONGSOR": 1 }, "geometry": { "type": "MultiPolygon", "coordinates": [ [ [ [ 110.284695670404787, -7.826011985330803 ], [ 110.285593985688891, -7.826011985330803 ], [ 110.285593985688891, -7.826907819442295 ], [ 110.284695670404787, -7.826907819442295 ], [ 110.284695670404787, -7.826011985330803 ] ] ] ] } },
{ "type": "Feature", "properties": { "Kelas": "Sedang", "SKOR_LONGSOR": 3 }, "geometry": { "type": "MultiPolygon", "coordinates": [ [ [ [ 110.507477860866416, -7.826011985330803 ], [ 110.508376176150549, -7.826011985330803 ], [ 110.508376176150549, -7.826907819442295 ], [ 110.507477860866416, -7.826907819442295 ], [ 110.507477860866416, -7.826011985330803 ] ] ] ] } },
{ "type": "Feature", "properties": { "Kelas": "Sangat Rendah", "SKOR_LONGSOR": 1 }, "geometry": { "type": "MultiPolygon", "coordinates": [ [ [ [ 110.285593985688891, -7.826907819442295 ], [ 110.286492300973023, -7.826907819442295 ], [ 110.286492300973023, -7.827803651603118 ], [ 110.285593985688891, -7.827803651603118 ], [ 110.285593985688891, -7.826907819442295 ] ] ] ] } },
{ "type": "Feature", "properties": { "Kelas": "Sedang", "SKOR_LONGSOR": 3 }, "geometry": { "type": "MultiPolygon", "coordinates": [ [ [ [ 110.5110826, -7.8269226 ], [ 110.5110915, -7.8269442 ], [ 110.511136, -7.8270518 ], [ 110.5111404, -7.8270886 ], [ 110.5111665, -7.8273074 ], [ 110.5111589, -7.827337 ], [ 110.5111131, -7.827439 ], [ 110.511071122002903, -7.82752479176666 ], [ 110.511071122002903, -7.826907819442295 ], [ 110.5110826, -7.826907819442295 ], [ 110.5110826, -7.8269226 ] ] ] ] } },
{ "type": "Feature", "properties": { "Kelas": "Cukup Rendah", "SKOR_LONGSOR": 2 }, "geometry": { "type": "MultiPolygon", "coordinates": [ [ [ [ 110.284695670404787, -7.826907819442295 ], [ 110.285593985688891, -7.826907819442295 ], [ 110.285593985688891, -7.828699481813059 ], [ 110.283797355120655, -7.828699481813059 ], [ 110.283797355120655, -7.827803651603118 ], [ 110.284695670404787, -7.827803651603118 ], [ 110.284695670404787, -7.826907819442295 ] ] ] ] } },
{ "type": "Feature", "properties": { "Kelas": "Sangat Rendah", "SKOR_LONGSOR": 1 }, "geometry": { "type": "MultiPolygon", "coordinates": [ [ [ [ 110.287390616257127, -7.827990794696201 ], [ 110.287390616257127, -7.828699481813059 ], [ 110.286492300973023, -7.828699481813059 ], [ 110.286492300973023, -7.827803651603118 ], [ 110.287383348120386, -7.827803651603118 ], [ 110.287390616257127, -7.827990794696201 ] ] ] ] } },
{ "type": "Feature", "properties": { "Kelas": "Sangat Rendah", "SKOR_LONGSOR": 1 }, "geometry": { "type": "MultiPolygon", "coordinates": [ [ [ [ 110.506579545582312, -7.827803651603118 ], [ 110.507477860866416, -7.827803651603118 ], [ 110.507477860866416, -7.828699481813059 ], [ 110.506579545582312, -7.828699481813059 ], [ 110.506579545582312, -7.827803651603118 ] ] ] ] } },
{ "type": "Feature", "properties": { "Kelas": "Cukup Rendah", "SKOR_LONGSOR": 2 }, "geometry": { "type": "MultiPolygon", "coordinates": [ [ [ [ 110.5110673, -7.8279345 ], [ 110.511075, -7.8281052 ], [ 110.511075, -7.8283169 ], [ 110.5110899, -7.8283596 ], [ 110.511102787851755, -7.828699481813059 ], [ 110.511071122002903, -7.828699481813059 ], [ 110.511071122002903, -7.830491136379422 ], [ 110.510172806718785, -7.830491136379422 ], [ 110.510172806718785, -7.831386960735411 ], [ 110.507477860866416, -7.831386960735411 ], [ 110.507477860866416, -7.8295953100719 ], [ 110.506579545582312, -7.8295953100719 ], [ 110.506579545582312, -7.828699481813059 ], [ 110.50568123029818, -7.828699481813059 ], [ 110.50568123029818, -7.8295953100719 ], [ 110.504782915014061, -7.8295953100719 ], [ 110.504782915014061, -7.828699481813059 ], [ 110.503884599729943, -7.828699481813059 ], [ 110.503884599729943, -7.826907819442295 ], [ 110.50568123029818, -7.826907819442295 ], [ 110.50568123029818, -7.826011985330803 ], [ 110.506579545582312, -7.826011985330803 ], [ 110.506579545582312, -7.826907819442295 ], [ 110.511071122002903, -7.826907819442295 ], [ 110.511071122002903, -7.82752479176666 ], [ 110.5110445, -7.8275792 ], [ 110.5110445, -7.8276593 ], [ 110.5110673, -7.8279345 ] ], [ [ 110.507477860866416, -7.828699481813059 ], [ 110.507477860866416, -7.827803651603118 ], [ 110.506579545582312, -7.827803651603118 ], [ 110.506579545582312, -7.828699481813059 ], [ 110.507477860866416, -7.828699481813059 ] ] ] ] } },
{ "type": "Feature", "properties": { "Kelas": "Sedang", "SKOR_LONGSOR": 3 }, "geometry": { "type": "MultiPolygon", "coordinates": [ [ [ [ 110.5111036, -7.8287209 ], [ 110.5110978, -7.8287637 ], [ 110.5111197, -7.8287803 ], [ 110.5111885, -7.8288319 ], [ 110.5112115, -7.8288506 ], [ 110.5114458, -7.8290407 ], [ 110.511969437287021, -7.829004016799884 ], [ 110.511969437287021, -7.8295953100719 ], [ 110.511071122002903, -7.8295953100719 ], [ 110.511071122002903, -7.828699481813059 ], [ 110.511102787851755, -7.828699481813059 ], [ 110.5111036, -7.8287209 ] ] ] ] } },
{ "type": "Feature", "properties": { "Kelas": "Sangat Rendah", "SKOR_LONGSOR": 1 }, "geometry": { "type": "MultiPolygon", "coordinates": [ [ [ [ 110.273915886995354, -7.830491136379422 ], [ 110.274814202279458, -7.830491136379422 ], [ 110.274814202279458, -7.831386960735411 ], [ 110.273915886995354, -7.831386960735411 ], [ 110.273915886995354, -7.830491136379422 ] ] ] ] } },
{ "type": "Feature", "properties": { "Kelas": "Sangat Rendah", "SKOR_LONGSOR": 1 }, "geometry": { "type": "MultiPolygon", "coordinates": [ [ [ [ 110.283797355120655, -7.830491136379422 ], [ 110.284695670404787, -7.830491136379422 ], [ 110.284695670404787, -7.831386960735411 ], [ 110.283797355120655, -7.831386960735411 ], [ 110.283797355120655, -7.830491136379422 ] ] ] ] } },
{ "type": "Feature", "properties": { "Kelas": "Sangat Rendah", "SKOR_LONGSOR": 1 }, "geometry": { "type": "MultiPolygon", "coordinates": [ [ [ [ 110.286492300973023, -7.830491136379422 ], [ 110.287390616257127, -7.830491136379422 ], [ 110.287390616257127, -7.831386960735411 ], [ 110.286492300973023, -7.831386960735411 ], [ 110.286492300973023, -7.830491136379422 ] ] ] ] } },
{ "type": "Feature", "properties": { "Kelas": "Cukup Rendah", "SKOR_LONGSOR": 2 }, "geometry": { "type": "MultiPolygon", "coordinates": [ [ [ [ 110.502087969161707, -7.830491136379422 ], [ 110.503884599729943, -7.830491136379422 ], [ 110.503884599729943, -7.831386960735411 ], [ 110.50568123029818, -7.831386960735411 ], [ 110.50568123029818, -7.832282783139646 ], [ 110.502087969161707, -7.832282783139646 ], [ 110.502087969161707, -7.830491136379422 ] ] ] ] } },
{ "type": "Feature", "properties": { "Kelas": "Sangat Rendah", "SKOR_LONGSOR": 1 }, "geometry": { "type": "MultiPolygon", "coordinates": [ [ [ [ 110.50568123029818, -7.828699481813059 ], [ 110.506579545582312, -7.828699481813059 ], [ 110.506579545582312, -7.8295953100719 ], [ 110.507477860866416, -7.8295953100719 ], [ 110.507477860866416, -7.832282783139646 ], [ 110.50568123029818, -7.832282783139646 ], [ 110.50568123029818, -7.831386960735411 ], [ 110.503884599729943, -7.831386960735411 ], [ 110.503884599729943, -7.830491136379422 ], [ 110.504782915014061, -7.830491136379422 ], [ 110.504782915014061, -7.8295953100719 ], [ 110.50568123029818, -7.8295953100719 ], [ 110.50568123029818, -7.828699481813059 ] ] ] ] } },
{ "type": "Feature", "properties": { "Kelas": "Cukup Rendah", "SKOR_LONGSOR": 2 }, "geometry": { "type": "MultiPolygon", "coordinates": [ [ [ [ 110.273915886995354, -7.831386960735411 ], [ 110.274814202279458, -7.831386960735411 ], [ 110.274814202279458, -7.832282783139646 ], [ 110.273915886995354, -7.832282783139646 ], [ 110.273915886995354, -7.831386960735411 ] ] ] ] } },
{ "type": "Feature", "properties": { "Kelas": "Sedang", "SKOR_LONGSOR": 3 }, "geometry": { "type": "MultiPolygon", "coordinates": [ [ [ [ 110.285593985688891, -7.831386960735411 ], [ 110.286492300973023, -7.831386960735411 ], [ 110.286492300973023, -7.832282783139646 ], [ 110.285593985688891, -7.832282783139646 ], [ 110.285593985688891, -7.831386960735411 ] ] ] ] } },
{ "type": "Feature", "properties": { "Kelas": "Cukup Rendah", "SKOR_LONGSOR": 2 }, "geometry": { "type": "MultiPolygon", "coordinates": [ [ [ [ 110.275712517563591, -7.830491136379422 ], [ 110.277509148131827, -7.830491136379422 ], [ 110.277509148131827, -7.832282783139646 ], [ 110.276610832847695, -7.832282783139646 ], [ 110.276610832847695, -7.833178603591911 ], [ 110.274814202279458, -7.833178603591911 ], [ 110.274814202279458, -7.832282783139646 ], [ 110.275712517563591, -7.832282783139646 ], [ 110.275712517563591, -7.830491136379422 ] ] ] ] } },
{ "type": "Feature", "properties": { "Kelas": "Sangat Rendah", "SKOR_LONGSOR": 1 }, "geometry": { "type": "MultiPolygon", "coordinates": [ [ [ [ 110.276610832847695, -7.832282783139646 ], [ 110.277509148131827, -7.832282783139646 ], [ 110.277509148131827, -7.833178603591911 ], [ 110.276610832847695, -7.833178603591911 ], [ 110.276610832847695, -7.832282783139646 ] ] ] ] } },
{ "type": "Feature", "properties": { "Kelas": "Sangat Rendah", "SKOR_LONGSOR": 1 }, "geometry": { "type": "MultiPolygon", "coordinates": [ [ [ [ 110.2811024092683, -7.832282783139646 ], [ 110.282000724552418, -7.832282783139646 ], [ 110.282000724552418, -7.833178603591911 ], [ 110.2811024092683, -7.833178603591911 ], [ 110.2811024092683, -7.832282783139646 ] ] ] ] } },
{ "type": "Feature", "properties": { "Kelas": "Cukup Tinggi", "SKOR_LONGSOR": 4 }, "geometry": { "type": "MultiPolygon", "coordinates": [ [ [ [ 110.285593985688891, -7.832282783139646 ], [ 110.286492300973023, -7.832282783139646 ], [ 110.286492300973023, -7.833178603591911 ], [ 110.285593985688891, -7.833178603591911 ], [ 110.285593985688891, -7.832282783139646 ] ] ] ] } },
{ "type": "Feature", "properties": { "Kelas": "Cukup Rendah", "SKOR_LONGSOR": 2 }, "geometry": { "type": "MultiPolygon", "coordinates": [ [ [ [ 110.2879504, -7.8323051 ], [ 110.2880343, -7.8325383 ], [ 110.2882022, -7.832975 ], [ 110.28828893154126, -7.833165086627931 ], [ 110.28828893154126, -7.833178603591911 ], [ 110.287390616257127, -7.833178603591911 ], [ 110.287390616257127, -7.832282783139646 ], [ 110.287943480019862, -7.832282783139646 ], [ 110.2879504, -7.8323051 ] ] ] ] } },
{ "type": "Feature", "properties": { "Kelas": "Cukup Tinggi", "SKOR_LONGSOR": 4 }, "geometry": { "type": "MultiPolygon", "coordinates": [ [ [ [ 110.502087969161707, -7.832282783139646 ], [ 110.503884599729943, -7.832282783139646 ], [ 110.503884599729943, -7.833178603591911 ], [ 110.502087969161707, -7.833178603591911 ], [ 110.502087969161707, -7.832282783139646 ] ] ] ] } },
{ "type": "Feature", "properties": { "Kelas": "Sedang", "SKOR_LONGSOR": 3 }, "geometry": { "type": "MultiPolygon", "coordinates": [ [ [ [ 110.275712517563591, -7.833178603591911 ], [ 110.276610832847695, -7.833178603591911 ], [ 110.276610832847695, -7.834074422091986 ], [ 110.275712517563591, -7.834074422091986 ], [ 110.275712517563591, -7.833178603591911 ] ] ] ] } },
{ "type": "Feature", "properties": { "Kelas": "Cukup Rendah", "SKOR_LONGSOR": 2 }, "geometry": { "type": "MultiPolygon", "coordinates": [ [ [ [ 110.276610832847695, -7.833178603591911 ], [ 110.277509148131827, -7.833178603591911 ], [ 110.277509148131827, -7.834970238639658 ], [ 110.276610832847695, -7.834970238639658 ], [ 110.276610832847695, -7.833178603591911 ] ] ] ] } },
{ "type": "Feature", "properties": { "Kelas": "Sangat Rendah", "SKOR_LONGSOR": 1 }, "geometry": { "type": "MultiPolygon", "coordinates": [ [ [ [ 110.277509148131827, -7.833178603591911 ], [ 110.278407463415945, -7.833178603591911 ], [ 110.278407463415945, -7.834074422091986 ], [ 110.277509148131827, -7.834074422091986 ], [ 110.277509148131827, -7.833178603591911 ] ] ] ] } },
{ "type": "Feature", "properties": { "Kelas": "Cukup Rendah", "SKOR_LONGSOR": 2 }, "geometry": { "type": "MultiPolygon", "coordinates": [ [ [ [ 110.485918294047551, -7.833178603591911 ], [ 110.486816609331669, -7.833178603591911 ], [ 110.486816609331669, -7.834074422091986 ], [ 110.485918294047551, -7.834074422091986 ], [ 110.485918294047551, -7.833178603591911 ] ] ] ] } },
{ "type": "Feature", "properties": { "Kelas": "Cukup Tinggi", "SKOR_LONGSOR": 4 }, "geometry": { "type": "MultiPolygon", "coordinates": [ [ [ [ 110.486816609331669, -7.833178603591911 ], [ 110.487714924615787, -7.833178603591911 ], [ 110.487714924615787, -7.834074422091986 ], [ 110.486816609331669, -7.834074422091986 ], [ 110.486816609331669, -7.833178603591911 ] ] ] ] } },
{ "type": "Feature", "properties": { "Kelas": "Sangat Rendah", "SKOR_LONGSOR": 1 }, "geometry": { "type": "MultiPolygon", "coordinates": [ [ [ [ 110.496698077456983, -7.833178603591911 ], [ 110.49849470802522, -7.833178603591911 ], [ 110.49849470802522, -7.834074422091986 ], [ 110.496698077456983, -7.834074422091986 ], [ 110.496698077456983, -7.833178603591911 ] ] ] ] } },
{ "type": "Feature", "properties": { "Kelas": "Sangat Rendah", "SKOR_LONGSOR": 1 }, "geometry": { "type": "MultiPolygon", "coordinates": [ [ [ [ 110.499393023309338, -7.833178603591911 ], [ 110.50029133859347, -7.833178603591911 ], [ 110.50029133859347, -7.834074422091986 ], [ 110.499393023309338, -7.834074422091986 ], [ 110.499393023309338, -7.833178603591911 ] ] ] ] } },
{ "type": "Feature", "properties": { "Kelas": "Cukup Rendah", "SKOR_LONGSOR": 2 }, "geometry": { "type": "MultiPolygon", "coordinates": [ [ [ [ 110.278407463415945, -7.834074422091986 ], [ 110.279305778700063, -7.834074422091986 ], [ 110.279305778700063, -7.834970238639658 ], [ 110.278407463415945, -7.834970238639658 ], [ 110.278407463415945, -7.834074422091986 ] ] ] ] } },
{ "type": "Feature", "properties": { "Kelas": "Sangat Rendah", "SKOR_LONGSOR": 1 }, "geometry": { "type": "MultiPolygon", "coordinates": [ [ [ [ 110.286492300973023, -7.832282783139646 ], [ 110.287390616257127, -7.832282783139646 ], [ 110.287390616257127, -7.833178603591911 ], [ 110.28828893154126, -7.833178603591911 ], [ 110.28828893154126, -7.834074422091986 ], [ 110.287390616257127, -7.834074422091986 ], [ 110.287390616257127, -7.834970238639658 ], [ 110.286492300973023, -7.834970238639658 ], [ 110.286492300973023, -7.835866053234705 ], [ 110.285593985688891, -7.835866053234705 ], [ 110.285593985688891, -7.834074422091986 ], [ 110.286492300973023, -7.834074422091986 ], [ 110.286492300973023, -7.832282783139646 ] ] ] ] } },
{ "type": "Feature", "properties": { "Kelas": "Sangat Rendah", "SKOR_LONGSOR": 1 }, "geometry": { "type": "MultiPolygon", "coordinates": [ [ [ [ 110.28828893154126, -7.834074422091986 ], [ 110.289187246825378, -7.834074422091986 ], [ 110.289187246825378, -7.834970238639658 ], [ 110.28828893154126, -7.834970238639658 ], [ 110.28828893154126, -7.834074422091986 ] ] ] ] } },
{ "type": "Feature", "properties": { "Kelas": "Cukup Rendah", "SKOR_LONGSOR": 2 }, "geometry": { "type": "MultiPolygon", "coordinates": [ [ [ [ 110.484121663479314, -7.834074422091986 ], [ 110.485019978763432, -7.834074422091986 ], [ 110.485019978763432, -7.834970238639658 ], [ 110.484121663479314, -7.834970238639658 ], [ 110.484121663479314, -7.834074422091986 ] ] ] ] } },
{ "type": "Feature", "properties": { "Kelas": "Sedang", "SKOR_LONGSOR": 3 }, "geometry": { "type": "MultiPolygon", "coordinates": [ [ [ [ 110.485019978763432, -7.834074422091986 ], [ 110.485918294047551, -7.834074422091986 ], [ 110.485918294047551, -7.834970238639658 ], [ 110.485019978763432, -7.834970238639658 ], [ 110.485019978763432, -7.834074422091986 ] ] ] ] } },
{ "type": "Feature", "properties": { "Kelas": "Cukup Tinggi", "SKOR_LONGSOR": 4 }, "geometry": { "type": "MultiPolygon", "coordinates": [ [ [ [ 110.485918294047551, -7.834074422091986 ], [ 110.486816609331669, -7.834074422091986 ], [ 110.486816609331669, -7.835866053234705 ], [ 110.485918294047551, -7.835866053234705 ], [ 110.485918294047551, -7.834074422091986 ] ] ] ] } },
{ "type": "Feature", "properties": { "Kelas": "Tinggi", "SKOR_LONGSOR": 0 }, "geometry": { "type": "MultiPolygon", "coordinates": [ [ [ [ 110.490409870468142, -7.834074422091986 ], [ 110.491308185752274, -7.834074422091986 ], [ 110.491308185752274, -7.834970238639658 ], [ 110.490409870468142, -7.834970238639658 ], [ 110.490409870468142, -7.834074422091986 ] ] ] ] } },
{ "type": "Feature", "properties": { "Kelas": "Cukup Tinggi", "SKOR_LONGSOR": 4 }, "geometry": { "type": "MultiPolygon", "coordinates": [ [ [ [ 110.491308185752274, -7.834074422091986 ], [ 110.493104816320511, -7.834074422091986 ], [ 110.493104816320511, -7.835866053234705 ], [ 110.491308185752274, -7.835866053234705 ], [ 110.491308185752274, -7.834074422091986 ] ] ] ] } },
{ "type": "Feature", "properties": { "Kelas": "Sangat Rendah", "SKOR_LONGSOR": 1 }, "geometry": { "type": "MultiPolygon", "coordinates": [ [ [ [ 110.493104816320511, -7.834074422091986 ], [ 110.494901446888747, -7.834074422091986 ], [ 110.494901446888747, -7.834970238639658 ], [ 110.493104816320511, -7.834970238639658 ], [ 110.493104816320511, -7.834074422091986 ] ] ] ] } },
{ "type": "Feature", "properties": { "Kelas": "Cukup Tinggi", "SKOR_LONGSOR": 4 }, "geometry": { "type": "MultiPolygon", "coordinates": [ [ [ [ 110.495799762172865, -7.834074422091986 ], [ 110.49849470802522, -7.834074422091986 ], [ 110.49849470802522, -7.834970238639658 ], [ 110.495799762172865, -7.834970238639658 ], [ 110.495799762172865, -7.834074422091986 ] ] ] ] } },
{ "type": "Feature", "properties": { "Kelas": "Sedang", "SKOR_LONGSOR": 3 }, "geometry": { "type": "MultiPolygon", "coordinates": [ [ [ [ 110.49849470802522, -7.834074422091986 ], [ 110.499393023309338, -7.834074422091986 ], [ 110.499393023309338, -7.834970238639658 ], [ 110.49849470802522, -7.834970238639658 ], [ 110.49849470802522, -7.834074422091986 ] ] ] ] } },
{ "type": "Feature", "properties": { "Kelas": "Cukup Rendah", "SKOR_LONGSOR": 2 }, "geometry": { "type": "MultiPolygon", "coordinates": [ [ [ [ 110.50029133859347, -7.834074422091986 ], [ 110.501189653877589, -7.834074422091986 ], [ 110.501189653877589, -7.834970238639658 ], [ 110.50029133859347, -7.834970238639658 ], [ 110.50029133859347, -7.834074422091986 ] ] ] ] } },
{ "type": "Feature", "properties": { "Kelas": "Sangat Rendah", "SKOR_LONGSOR": 1 }, "geometry": { "type": "MultiPolygon", "coordinates": [ [ [ [ 110.277509148131827, -7.834970238639658 ], [ 110.278407463415945, -7.834970238639658 ], [ 110.278407463415945, -7.835866053234705 ], [ 110.277509148131827, -7.835866053234705 ], [ 110.277509148131827, -7.834970238639658 ] ] ] ] } },
{ "type": "Feature", "properties": { "Kelas": "Sangat Rendah", "SKOR_LONGSOR": 1 }, "geometry": { "type": "MultiPolygon", "coordinates": [ [ [ [ 110.279305778700063, -7.834970238639658 ], [ 110.280204093984182, -7.834970238639658 ], [ 110.280204093984182, -7.835866053234705 ], [ 110.279305778700063, -7.835866053234705 ], [ 110.279305778700063, -7.834970238639658 ] ] ] ] } },
{ "type": "Feature", "properties": { "Kelas": "Cukup Rendah", "SKOR_LONGSOR": 2 }, "geometry": { "type": "MultiPolygon", "coordinates": [ [ [ [ 110.287390616257127, -7.834970238639658 ], [ 110.28828893154126, -7.834970238639658 ], [ 110.28828893154126, -7.835866053234705 ], [ 110.289187246825378, -7.835866053234705 ], [ 110.289187246825378, -7.836761865876912 ], [ 110.287390616257127, -7.836761865876912 ], [ 110.287390616257127, -7.834970238639658 ] ] ] ] } },
{ "type": "Feature", "properties": { "Kelas": "Sangat Rendah", "SKOR_LONGSOR": 1 }, "geometry": { "type": "MultiPolygon", "coordinates": [ [ [ [ 110.289187246825378, -7.834970238639658 ], [ 110.290085562109496, -7.834970238639658 ], [ 110.290085562109496, -7.835866053234705 ], [ 110.289187246825378, -7.835866053234705 ], [ 110.289187246825378, -7.834970238639658 ] ] ] ] } },
{ "type": "Feature", "properties": { "Kelas": "Sedang", "SKOR_LONGSOR": 3 }, "geometry": { "type": "MultiPolygon", "coordinates": [ [ [ [ 110.50029133859347, -7.834970238639658 ], [ 110.501189653877589, -7.834970238639658 ], [ 110.501189653877589, -7.835866053234705 ], [ 110.50029133859347, -7.835866053234705 ], [ 110.50029133859347, -7.834970238639658 ] ] ] ] } },
{ "type": "Feature", "properties": { "Kelas": "Sedang", "SKOR_LONGSOR": 3 }, "geometry": { "type": "MultiPolygon", "coordinates": [ [ [ [ 110.502087969161707, -7.834970238639658 ], [ 110.502986284445825, -7.834970238639658 ], [ 110.502986284445825, -7.835866053234705 ], [ 110.502087969161707, -7.835866053234705 ], [ 110.502087969161707, -7.834970238639658 ] ] ] ] } },
{ "type": "Feature", "properties": { "Kelas": "Cukup Tinggi", "SKOR_LONGSOR": 4 }, "geometry": { "type": "MultiPolygon", "coordinates": [ [ [ [ 110.5199306, -7.8357268 ], [ 110.519808142193597, -7.835866053234705 ], [ 110.519155959559981, -7.835866053234705 ], [ 110.519155959559981, -7.834970238639658 ], [ 110.520595888268986, -7.834970238639658 ], [ 110.5199306, -7.8357268 ] ] ] ] } },
{ "type": "Feature", "properties": { "Kelas": "Sangat Rendah", "SKOR_LONGSOR": 1 }, "geometry": { "type": "MultiPolygon", "coordinates": [ [ [ [ 110.284695670404787, -7.835866053234705 ], [ 110.285593985688891, -7.835866053234705 ], [ 110.285593985688891, -7.836761865876912 ], [ 110.284695670404787, -7.836761865876912 ], [ 110.284695670404787, -7.835866053234705 ] ] ] ] } },
{ "type": "Feature", "properties": { "Kelas": "Cukup Tinggi", "SKOR_LONGSOR": 4 }, "geometry": { "type": "MultiPolygon", "coordinates": [ [ [ [ 110.495799762172865, -7.835866053234705 ], [ 110.496698077456983, -7.835866053234705 ], [ 110.496698077456983, -7.836761865876912 ], [ 110.495799762172865, -7.836761865876912 ], [ 110.495799762172865, -7.835866053234705 ] ] ] ] } },
{ "type": "Feature", "properties": { "Kelas": "Sedang", "SKOR_LONGSOR": 3 }, "geometry": { "type": "MultiPolygon", "coordinates": [ [ [ [ 110.513766067855258, -7.835866053234705 ], [ 110.514664383139376, -7.835866053234705 ], [ 110.514664383139376, -7.836761865876912 ], [ 110.513766067855258, -7.836761865876912 ], [ 110.513766067855258, -7.835866053234705 ] ] ] ] } },
{ "type": "Feature", "properties": { "Kelas": "Cukup Rendah", "SKOR_LONGSOR": 2 }, "geometry": { "type": "MultiPolygon", "coordinates": [ [ [ [ 110.284695670404787, -7.836761865876912 ], [ 110.285593985688891, -7.836761865876912 ], [ 110.285593985688891, -7.837657676566065 ], [ 110.284695670404787, -7.837657676566065 ], [ 110.284695670404787, -7.836761865876912 ] ] ] ] } },
{ "type": "Feature", "properties": { "Kelas": "Sangat Rendah", "SKOR_LONGSOR": 1 }, "geometry": { "type": "MultiPolygon", "coordinates": [ [ [ [ 110.480528402342841, -7.836761865876912 ], [ 110.481426717626945, -7.836761865876912 ], [ 110.481426717626945, -7.837657676566065 ], [ 110.480528402342841, -7.837657676566065 ], [ 110.480528402342841, -7.836761865876912 ] ] ] ] } },
{ "type": "Feature", "properties": { "Kelas": "Cukup Rendah", "SKOR_LONGSOR": 2 }, "geometry": { "type": "MultiPolygon", "coordinates": [ [ [ [ 110.481426717626945, -7.836761865876912 ], [ 110.482325032911078, -7.836761865876912 ], [ 110.482325032911078, -7.837657676566065 ], [ 110.481426717626945, -7.837657676566065 ], [ 110.481426717626945, -7.836761865876912 ] ] ] ] } },
{ "type": "Feature", "properties": { "Kelas": "Cukup Tinggi", "SKOR_LONGSOR": 4 }, "geometry": { "type": "MultiPolygon", "coordinates": [ [ [ [ 110.482325032911078, -7.836761865876912 ], [ 110.483223348195182, -7.836761865876912 ], [ 110.483223348195182, -7.837657676566065 ], [ 110.482325032911078, -7.837657676566065 ], [ 110.482325032911078, -7.836761865876912 ] ] ] ] } },
{ "type": "Feature", "properties": { "Kelas": "Cukup Rendah", "SKOR_LONGSOR": 2 }, "geometry": { "type": "MultiPolygon", "coordinates": [ [ [ [ 110.5197002, -7.8359888 ], [ 110.5196667, -7.8359847 ], [ 110.5193155, -7.8359423 ], [ 110.5192636, -7.8359657 ], [ 110.5192465, -7.8359667 ], [ 110.5186896, -7.8362199 ], [ 110.518392, -7.8363534 ], [ 110.5181282, -7.8364717 ], [ 110.5174987, -7.8366462 ], [ 110.517266018900912, -7.836761865876912 ], [ 110.516461013707612, -7.836761865876912 ], [ 110.516461013707612, -7.837487690245045 ], [ 110.5163329, -7.8376271 ], [ 110.51630492144281, -7.837657676566065 ], [ 110.516304797894989, -7.837657676566065 ], [ 110.5162866, -7.8376535 ], [ 110.515751, -7.8375343 ], [ 110.515274, -7.8374723 ], [ 110.514881, -7.8376174 ], [ 110.514771774145188, -7.837657676566065 ], [ 110.513854995445982, -7.837657676566065 ], [ 110.5138228, -7.8376494 ], [ 110.5132425, -7.8375007 ], [ 110.5132212, -7.8374972 ], [ 110.5128851, -7.8374432 ], [ 110.5128578, -7.8374388 ], [ 110.5126242, -7.8374854 ], [ 110.512069, -7.8375961 ], [ 110.511969437287021, -7.837615928801053 ], [ 110.511969437287021, -7.836761865876912 ], [ 110.514664383139376, -7.836761865876912 ], [ 110.514664383139376, -7.835866053234705 ], [ 110.519808142193597, -7.835866053234705 ], [ 110.5197002, -7.8359888 ] ] ] ] } },
{ "type": "Feature", "properties": { "Kelas": "Sangat Rendah", "SKOR_LONGSOR": 1 }, "geometry": { "type": "MultiPolygon", "coordinates": [ [ [ [ 110.283797355120655, -7.836761865876912 ], [ 110.284695670404787, -7.836761865876912 ], [ 110.284695670404787, -7.837657676566065 ], [ 110.285593985688891, -7.837657676566065 ], [ 110.285593985688891, -7.838553485301939 ], [ 110.284695670404787, -7.838553485301939 ], [ 110.284695670404787, -7.839449292084322 ], [ 110.283797355120655, -7.839449292084322 ], [ 110.283797355120655, -7.838553485301939 ], [ 110.282899039836536, -7.838553485301939 ], [ 110.282899039836536, -7.837657676566065 ], [ 110.283797355120655, -7.837657676566065 ], [ 110.283797355120655, -7.836761865876912 ] ] ] ] } },
{ "type": "Feature", "properties": { "Kelas": "Sedang", "SKOR_LONGSOR": 3 }, "geometry": { "type": "MultiPolygon", "coordinates": [ [ [ [ 110.480528402342841, -7.837657676566065 ], [ 110.481426717626945, -7.837657676566065 ], [ 110.481426717626945, -7.838553485301939 ], [ 110.480528402342841, -7.838553485301939 ], [ 110.480528402342841, -7.837657676566065 ] ] ] ] } },
{ "type": "Feature", "properties": { "Kelas": "Cukup Rendah", "SKOR_LONGSOR": 2 }, "geometry": { "type": "MultiPolygon", "coordinates": [ [ [ [ 110.482325032911078, -7.837657676566065 ], [ 110.483223348195182, -7.837657676566065 ], [ 110.483223348195182, -7.838553485301939 ], [ 110.482325032911078, -7.838553485301939 ], [ 110.482325032911078, -7.837657676566065 ] ] ] ] } },
{ "type": "Feature", "properties": { "Kelas": "Sedang", "SKOR_LONGSOR": 3 }, "geometry": { "type": "MultiPolygon", "coordinates": [ [ [ [ 110.510172806718785, -7.837657676566065 ], [ 110.510172806718785, -7.837723684590556 ], [ 110.5099488, -7.8376676 ], [ 110.509909214914998, -7.837657676566065 ], [ 110.510172806718785, -7.837657676566065 ] ] ], [ [ [ 110.509327239212567, -7.837657676566065 ], [ 110.509274491434653, -7.837665373280917 ], [ 110.509274491434653, -7.837657676566065 ], [ 110.509327239212567, -7.837657676566065 ] ] ] ] } },
{ "type": "Feature", "properties": { "Kelas": "Cukup Tinggi", "SKOR_LONGSOR": 4 }, "geometry": { "type": "MultiPolygon", "coordinates": [ [ [ [ 110.5114032, -7.8377287 ], [ 110.5111818, -7.8377526 ], [ 110.511071122002903, -7.837764499052177 ], [ 110.511071122002903, -7.837657676566065 ], [ 110.51175981691037, -7.837657676566065 ], [ 110.5114032, -7.8377287 ] ] ] ] } },
{ "type": "Feature", "properties": { "Kelas": "Tinggi", "SKOR_LONGSOR": 0 }, "geometry": { "type": "MultiPolygon", "coordinates": [ [ [ [ 110.5163049, -7.8376577 ], [ 110.516304797894989, -7.837657676566065 ], [ 110.51630492144281, -7.837657676566065 ], [ 110.5163049, -7.8376577 ] ] ] ] } },
{ "type": "Feature", "properties": { "Kelas": "Cukup Tinggi", "SKOR_LONGSOR": 4 }, "geometry": { "type": "MultiPolygon", "coordinates": [ [ [ [ 110.458968835523976, -7.838553485301939 ], [ 110.45986715080808, -7.838553485301939 ], [ 110.45986715080808, -7.839449292084322 ], [ 110.458968835523976, -7.839449292084322 ], [ 110.458968835523976, -7.838553485301939 ] ] ] ] } },
{ "type": "Feature", "properties": { "Kelas": "Sangat Rendah", "SKOR_LONGSOR": 1 }, "geometry": { "type": "MultiPolygon", "coordinates": [ [ [ [ 110.45986715080808, -7.838553485301939 ], [ 110.462562096660449, -7.838553485301939 ], [ 110.462562096660449, -7.839449292084322 ], [ 110.45986715080808, -7.839449292084322 ], [ 110.45986715080808, -7.838553485301939 ] ] ] ] } },
{ "type": "Feature", "properties": { "Kelas": "Cukup Rendah", "SKOR_LONGSOR": 2 }, "geometry": { "type": "MultiPolygon", "coordinates": [ [ [ [ 110.479630087058709, -7.838553485301939 ], [ 110.480528402342841, -7.838553485301939 ], [ 110.480528402342841, -7.839449292084322 ], [ 110.479630087058709, -7.839449292084322 ], [ 110.479630087058709, -7.838553485301939 ] ] ] ] } },
{ "type": "Feature", "properties": { "Kelas": "Cukup Tinggi", "SKOR_LONGSOR": 4 }, "geometry": { "type": "MultiPolygon", "coordinates": [ [ [ [ 110.484121663479314, -7.838553485301939 ], [ 110.485019978763432, -7.838553485301939 ], [ 110.485019978763432, -7.839449292084322 ], [ 110.484121663479314, -7.839449292084322 ], [ 110.484121663479314, -7.838553485301939 ] ] ] ] } },
{ "type": "Feature", "properties": { "Kelas": "Cukup Tinggi", "SKOR_LONGSOR": 4 }, "geometry": { "type": "MultiPolygon", "coordinates": [ [ [ [ 110.4945049, -7.8393915 ], [ 110.4942344, -7.8393707 ], [ 110.4942235, -7.8393707 ], [ 110.4941976, -7.8393679 ], [ 110.4938971, -7.8393448 ], [ 110.4938693, -7.8393323 ], [ 110.4938076, -7.8393242 ], [ 110.493104816320511, -7.839007066343696 ], [ 110.493104816320511, -7.838553485301939 ], [ 110.494901446888747, -7.838553485301939 ], [ 110.494901446888747, -7.839346415333738 ], [ 110.4945049, -7.8393915 ] ] ] ] } },
{ "type": "Feature", "properties": { "Kelas": "Cukup Rendah", "SKOR_LONGSOR": 2 }, "geometry": { "type": "MultiPolygon", "coordinates": [ [ [ [ 110.5105893, -7.8378163 ], [ 110.5105567, -7.8378198 ], [ 110.510172806718785, -7.837723684590556 ], [ 110.510172806718785, -7.837657676566065 ], [ 110.511071122002903, -7.837657676566065 ], [ 110.511071122002903, -7.837764499052177 ], [ 110.5105893, -7.8378163 ] ] ] ] } },
{ "type": "Feature", "properties": { "Kelas": "Cukup Tinggi", "SKOR_LONGSOR": 4 }, "geometry": { "type": "MultiPolygon", "coordinates": [ [ [ [ 110.458070520239843, -7.839449292084322 ], [ 110.458968835523976, -7.839449292084322 ], [ 110.458968835523976, -7.841240899787739 ], [ 110.458070520239843, -7.841240899787739 ], [ 110.458070520239843, -7.839449292084322 ] ] ] ] } },
{ "type": "Feature", "properties": { "Kelas": "Cukup Rendah", "SKOR_LONGSOR": 2 }, "geometry": { "type": "MultiPolygon", "coordinates": [ [ [ [ 110.458968835523976, -7.839449292084322 ], [ 110.462562096660449, -7.839449292084322 ], [ 110.462562096660449, -7.841240899787739 ], [ 110.461663781376316, -7.841240899787739 ], [ 110.461663781376316, -7.842136700708339 ], [ 110.460765466092212, -7.842136700708339 ], [ 110.460765466092212, -7.843032499674579 ], [ 110.45986715080808, -7.843032499674579 ], [ 110.45986715080808, -7.841240899787739 ], [ 110.458968835523976, -7.841240899787739 ], [ 110.458968835523976, -7.839449292084322 ] ] ] ] } },
{ "type": "Feature", "properties": { "Kelas": "Cukup Tinggi", "SKOR_LONGSOR": 4 }, "geometry": { "type": "MultiPolygon", "coordinates": [ [ [ [ 110.487714924615787, -7.839659694599593 ], [ 110.487714924615787, -7.839449292084322 ], [ 110.487839410257493, -7.839449292084322 ], [ 110.487714924615787, -7.839659694599593 ] ] ] ] } },
{ "type": "Feature", "properties": { "Kelas": "Sangat Rendah", "SKOR_LONGSOR": 1 }, "geometry": { "type": "MultiPolygon", "coordinates": [ [ [ [ 110.274814202279458, -7.840345096912996 ], [ 110.275712517563591, -7.840345096912996 ], [ 110.275712517563591, -7.841240899787739 ], [ 110.274814202279458, -7.841240899787739 ], [ 110.274814202279458, -7.840345096912996 ] ] ] ] } },
{ "type": "Feature", "properties": { "Kelas": "Sedang", "SKOR_LONGSOR": 3 }, "geometry": { "type": "MultiPolygon", "coordinates": [ [ [ [ 110.282000724552418, -7.840345096912996 ], [ 110.282899039836536, -7.840345096912996 ], [ 110.282899039836536, -7.841240899787739 ], [ 110.282000724552418, -7.841240899787739 ], [ 110.282000724552418, -7.840345096912996 ] ] ] ] } },
{ "type": "Feature", "properties": { "Kelas": "Cukup Tinggi", "SKOR_LONGSOR": 4 }, "geometry": { "type": "MultiPolygon", "coordinates": [ [ [ [ 110.282899039836536, -7.840345096912996 ], [ 110.283797355120655, -7.840345096912996 ], [ 110.283797355120655, -7.841240899787739 ], [ 110.282899039836536, -7.841240899787739 ], [ 110.282899039836536, -7.840345096912996 ] ] ] ] } },
{ "type": "Feature", "properties": { "Kelas": "Sangat Rendah", "SKOR_LONGSOR": 1 }, "geometry": { "type": "MultiPolygon", "coordinates": [ [ [ [ 110.5147351, -7.8376712 ], [ 110.5145688, -7.8376783 ], [ 110.5143811, -7.8376861 ], [ 110.5141738, -7.8376792 ], [ 110.5139041, -7.8376703 ], [ 110.513854995445982, -7.837657676566065 ], [ 110.514771774145188, -7.837657676566065 ], [ 110.5147351, -7.8376712 ] ] ] ] } },
{ "type": "Feature", "properties": { "Kelas": "Cukup Rendah", "SKOR_LONGSOR": 2 }, "geometry": { "type": "MultiPolygon", "coordinates": [ [ [ [ 110.2873913, -7.8280084 ], [ 110.2875622, -7.829944 ], [ 110.2876483, -7.83049 ], [ 110.2877058, -7.8306896 ], [ 110.2876223, -7.8309652 ], [ 110.2876147, -7.8312131 ], [ 110.287621803987037, -7.831386960735411 ], [ 110.287390616257127, -7.831386960735411 ], [ 110.287390616257127, -7.830491136379422 ], [ 110.286492300973023, -7.830491136379422 ], [ 110.286492300973023, -7.831386960735411 ], [ 110.285593985688891, -7.831386960735411 ], [ 110.285593985688891, -7.833178603591911 ], [ 110.286492300973023, -7.833178603591911 ], [ 110.286492300973023, -7.834074422091986 ], [ 110.285593985688891, -7.834074422091986 ], [ 110.285593985688891, -7.835866053234705 ], [ 110.284695670404787, -7.835866053234705 ], [ 110.284695670404787, -7.836761865876912 ], [ 110.283797355120655, -7.836761865876912 ], [ 110.283797355120655, -7.837657676566065 ], [ 110.282899039836536, -7.837657676566065 ], [ 110.282899039836536, -7.838553485301939 ], [ 110.283797355120655, -7.838553485301939 ], [ 110.283797355120655, -7.839449292084322 ], [ 110.284695670404787, -7.839449292084322 ], [ 110.284695670404787, -7.838553485301939 ], [ 110.285593985688891, -7.838553485301939 ], [ 110.285593985688891, -7.839449292084322 ], [ 110.286492300973023, -7.839449292084322 ], [ 110.286492300973023, -7.840345096912996 ], [ 110.285593985688891, -7.840345096912996 ], [ 110.285593985688891, -7.841240899787739 ], [ 110.284695670404787, -7.841240899787739 ], [ 110.284695670404787, -7.843032499674579 ], [ 110.282899039836536, -7.843032499674579 ], [ 110.282899039836536, -7.841240899787739 ], [ 110.283797355120655, -7.841240899787739 ], [ 110.283797355120655, -7.840345096912996 ], [ 110.282000724552418, -7.840345096912996 ], [ 110.282000724552418, -7.841240899787739 ], [ 110.280204093984182, -7.841240899787739 ], [ 110.280204093984182, -7.838553485301939 ], [ 110.279305778700063, -7.838553485301939 ], [ 110.279305778700063, -7.835866053234705 ], [ 110.280204093984182, -7.835866053234705 ], [ 110.280204093984182, -7.834970238639658 ], [ 110.2811024092683, -7.834970238639658 ], [ 110.2811024092683, -7.834074422091986 ], [ 110.282899039836536, -7.834074422091986 ], [ 110.282899039836536, -7.833178603591911 ], [ 110.282000724552418, -7.833178603591911 ], [ 110.282000724552418, -7.830491136379422 ], [ 110.282899039836536, -7.830491136379422 ], [ 110.282899039836536, -7.831386960735411 ], [ 110.284695670404787, -7.831386960735411 ], [ 110.284695670404787, -7.830491136379422 ], [ 110.283797355120655, -7.830491136379422 ], [ 110.283797355120655, -7.8295953100719 ], [ 110.285593985688891, -7.8295953100719 ], [ 110.285593985688891, -7.828699481813059 ], [ 110.287390616257127, -7.828699481813059 ], [ 110.287390616257127, -7.827990794696201 ], [ 110.2873913, -7.8280084 ] ] ] ] } },
{ "type": "Feature", "properties": { "Kelas": "Cukup Tinggi", "SKOR_LONGSOR": 4 }, "geometry": { "type": "MultiPolygon", "coordinates": [ [ [ [ 110.457172204955739, -7.841240899787739 ], [ 110.458070520239843, -7.841240899787739 ], [ 110.458070520239843, -7.843032499674579 ], [ 110.458968835523976, -7.843032499674579 ], [ 110.458968835523976, -7.842136700708339 ], [ 110.45986715080808, -7.842136700708339 ], [ 110.45986715080808, -7.845719884844947 ], [ 110.458968835523976, -7.845719884844947 ], [ 110.458968835523976, -7.843928296686236 ], [ 110.457172204955739, -7.843928296686236 ], [ 110.457172204955739, -7.841240899787739 ] ] ] ] } },
{ "type": "Feature", "properties": { "Kelas": "Cukup Rendah", "SKOR_LONGSOR": 2 }, "geometry": { "type": "MultiPolygon", "coordinates": [ [ [ [ 110.458070520239843, -7.841240899787739 ], [ 110.458968835523976, -7.841240899787739 ], [ 110.458968835523976, -7.843032499674579 ], [ 110.458070520239843, -7.843032499674579 ], [ 110.458070520239843, -7.841240899787739 ] ] ] ] } },
{ "type": "Feature", "properties": { "Kelas": "Sedang", "SKOR_LONGSOR": 3 }, "geometry": { "type": "MultiPolygon", "coordinates": [ [ [ [ 110.458968835523976, -7.841240899787739 ], [ 110.45986715080808, -7.841240899787739 ], [ 110.45986715080808, -7.842136700708339 ], [ 110.458968835523976, -7.842136700708339 ], [ 110.458968835523976, -7.841240899787739 ] ] ] ] } },
{ "type": "Feature", "properties": { "Kelas": "Sangat Rendah", "SKOR_LONGSOR": 1 }, "geometry": { "type": "MultiPolygon", "coordinates": [ [ [ [ 110.477833456490472, -7.841240899787739 ], [ 110.478731771774605, -7.841240899787739 ], [ 110.478731771774605, -7.842136700708339 ], [ 110.477833456490472, -7.842136700708339 ], [ 110.477833456490472, -7.841240899787739 ] ] ] ] } },
{ "type": "Feature", "properties": { "Kelas": "Sedang", "SKOR_LONGSOR": 3 }, "geometry": { "type": "MultiPolygon", "coordinates": [ [ [ [ 110.478731771774605, -7.841240899787739 ], [ 110.479630087058709, -7.841240899787739 ], [ 110.479630087058709, -7.842136700708339 ], [ 110.478731771774605, -7.842136700708339 ], [ 110.478731771774605, -7.841240899787739 ] ] ] ] } },
{ "type": "Feature", "properties": { "Kelas": "Cukup Rendah", "SKOR_LONGSOR": 2 }, "geometry": { "type": "MultiPolygon", "coordinates": [ [ [ [ 110.275712517563591, -7.842136700708339 ], [ 110.276610832847695, -7.842136700708339 ], [ 110.276610832847695, -7.843032499674579 ], [ 110.275712517563591, -7.843032499674579 ], [ 110.275712517563591, -7.842136700708339 ] ] ] ] } },
{ "type": "Feature", "properties": { "Kelas": "Sedang", "SKOR_LONGSOR": 3 }, "geometry": { "type": "MultiPolygon", "coordinates": [ [ [ [ 110.282000724552418, -7.842136700708339 ], [ 110.282899039836536, -7.842136700708339 ], [ 110.282899039836536, -7.843032499674579 ], [ 110.282000724552418, -7.843032499674579 ], [ 110.282000724552418, -7.842136700708339 ] ] ] ] } },
{ "type": "Feature", "properties": { "Kelas": "Cukup Tinggi", "SKOR_LONGSOR": 4 }, "geometry": { "type": "MultiPolygon", "coordinates": [ [ [ [ 110.481426717626945, -7.837657676566065 ], [ 110.482325032911078, -7.837657676566065 ], [ 110.482325032911078, -7.838553485301939 ], [ 110.483223348195182, -7.838553485301939 ], [ 110.483223348195182, -7.839449292084322 ], [ 110.482325032911078, -7.839449292084322 ], [ 110.482325032911078, -7.840345096912996 ], [ 110.481426717626945, -7.840345096912996 ], [ 110.481426717626945, -7.841240899787739 ], [ 110.480528402342841, -7.841240899787739 ], [ 110.480528402342841, -7.843032499674579 ], [ 110.477833456490472, -7.843032499674579 ], [ 110.477833456490472, -7.842136700708339 ], [ 110.479630087058709, -7.842136700708339 ], [ 110.479630087058709, -7.839449292084322 ], [ 110.480528402342841, -7.839449292084322 ], [ 110.480528402342841, -7.838553485301939 ], [ 110.481426717626945, -7.838553485301939 ], [ 110.481426717626945, -7.837657676566065 ] ] ] ] } },
{ "type": "Feature", "properties": { "Kelas": "Sedang", "SKOR_LONGSOR": 3 }, "geometry": { "type": "MultiPolygon", "coordinates": [ [ [ [ 110.2811024092683, -7.843032499674579 ], [ 110.282000724552418, -7.843032499674579 ], [ 110.282000724552418, -7.843928296686236 ], [ 110.2811024092683, -7.843928296686236 ], [ 110.2811024092683, -7.843032499674579 ] ] ] ] } },
{ "type": "Feature", "properties": { "Kelas": "Sangat Rendah", "SKOR_LONGSOR": 1 }, "geometry": { "type": "MultiPolygon", "coordinates": [ [ [ [ 110.449087367398647, -7.843032499674579 ], [ 110.449985682682765, -7.843032499674579 ], [ 110.449985682682765, -7.843928296686236 ], [ 110.449087367398647, -7.843928296686236 ], [ 110.449087367398647, -7.843032499674579 ] ] ] ] } },
{ "type": "Feature", "properties": { "Kelas": "Sangat Rendah", "SKOR_LONGSOR": 1 }, "geometry": { "type": "MultiPolygon", "coordinates": [ [ [ [ 110.469748618933409, -7.843032499674579 ], [ 110.470646934217513, -7.843032499674579 ], [ 110.470646934217513, -7.843928296686236 ], [ 110.469748618933409, -7.843928296686236 ], [ 110.469748618933409, -7.843032499674579 ] ] ] ] } },
{ "type": "Feature", "properties": { "Kelas": "Cukup Rendah", "SKOR_LONGSOR": 2 }, "geometry": { "type": "MultiPolygon", "coordinates": [ [ [ [ 110.476036825922236, -7.843032499674579 ], [ 110.476935141206354, -7.843032499674579 ], [ 110.476935141206354, -7.843928296686236 ], [ 110.476036825922236, -7.843928296686236 ], [ 110.476036825922236, -7.843032499674579 ] ] ] ] } },
{ "type": "Feature", "properties": { "Kelas": "Cukup Rendah", "SKOR_LONGSOR": 2 }, "geometry": { "type": "MultiPolygon", "coordinates": [ [ [ [ 110.2811024092683, -7.843928296686236 ], [ 110.282000724552418, -7.843928296686236 ], [ 110.282000724552418, -7.844824091743098 ], [ 110.2811024092683, -7.844824091743098 ], [ 110.2811024092683, -7.843928296686236 ] ] ] ] } },
{ "type": "Feature", "properties": { "Kelas": "Sangat Rendah", "SKOR_LONGSOR": 1 }, "geometry": { "type": "MultiPolygon", "coordinates": [ [ [ [ 110.449985682682765, -7.843928296686236 ], [ 110.450883997966883, -7.843928296686236 ], [ 110.450883997966883, -7.846615675991562 ], [ 110.449985682682765, -7.846615675991562 ], [ 110.449985682682765, -7.843928296686236 ] ] ] ] } },
{ "type": "Feature", "properties": { "Kelas": "Sedang", "SKOR_LONGSOR": 3 }, "geometry": { "type": "MultiPolygon", "coordinates": [ [ [ [ 110.456273889671607, -7.843928296686236 ], [ 110.457172204955739, -7.843928296686236 ], [ 110.457172204955739, -7.844824091743098 ], [ 110.456273889671607, -7.844824091743098 ], [ 110.456273889671607, -7.843928296686236 ] ] ] ] } },
{ "type": "Feature", "properties": { "Kelas": "Sedang", "SKOR_LONGSOR": 3 }, "geometry": { "type": "MultiPolygon", "coordinates": [ [ [ [ 110.458070520239843, -7.843928296686236 ], [ 110.458968835523976, -7.843928296686236 ], [ 110.458968835523976, -7.845719884844947 ], [ 110.458070520239843, -7.845719884844947 ], [ 110.458070520239843, -7.843928296686236 ] ] ] ] } },
{ "type": "Feature", "properties": { "Kelas": "Cukup Rendah", "SKOR_LONGSOR": 2 }, "geometry": { "type": "MultiPolygon", "coordinates": [ [ [ [ 110.469748618933409, -7.843928296686236 ], [ 110.471545249501645, -7.843928296686236 ], [ 110.471545249501645, -7.844824091743098 ], [ 110.472443564785749, -7.844824091743098 ], [ 110.472443564785749, -7.845719884844947 ], [ 110.469748618933409, -7.845719884844947 ], [ 110.469748618933409, -7.843928296686236 ] ] ] ] } },
{ "type": "Feature", "properties": { "Kelas": "Sangat Rendah", "SKOR_LONGSOR": 1 }, "geometry": { "type": "MultiPolygon", "coordinates": [ [ [ [ 110.471545249501645, -7.843928296686236 ], [ 110.472443564785749, -7.843928296686236 ], [ 110.472443564785749, -7.844824091743098 ], [ 110.471545249501645, -7.844824091743098 ], [ 110.471545249501645, -7.843928296686236 ] ] ] ] } },
{ "type": "Feature", "properties": { "Kelas": "Sangat Rendah", "SKOR_LONGSOR": 1 }, "geometry": { "type": "MultiPolygon", "coordinates": [ [ [ [ 110.473341880069881, -7.843928296686236 ], [ 110.476036825922236, -7.843928296686236 ], [ 110.476036825922236, -7.844824091743098 ], [ 110.473341880069881, -7.844824091743098 ], [ 110.473341880069881, -7.843928296686236 ] ] ] ] } },
{ "type": "Feature", "properties": { "Kelas": "Sangat Rendah", "SKOR_LONGSOR": 1 }, "geometry": { "type": "MultiPolygon", "coordinates": [ [ [ [ 110.275712517563591, -7.844824091743098 ], [ 110.276610832847695, -7.844824091743098 ], [ 110.276610832847695, -7.845719884844947 ], [ 110.275712517563591, -7.845719884844947 ], [ 110.275712517563591, -7.844824091743098 ] ] ] ] } },
{ "type": "Feature", "properties": { "Kelas": "Cukup Rendah", "SKOR_LONGSOR": 2 }, "geometry": { "type": "MultiPolygon", "coordinates": [ [ [ [ 110.276610832847695, -7.844824091743098 ], [ 110.277509148131827, -7.844824091743098 ], [ 110.277509148131827, -7.846615675991562 ], [ 110.276610832847695, -7.846615675991562 ], [ 110.276610832847695, -7.844824091743098 ] ] ] ] } },
{ "type": "Feature", "properties": { "Kelas": "Sedang", "SKOR_LONGSOR": 3 }, "geometry": { "type": "MultiPolygon", "coordinates": [ [ [ [ 110.277509148131827, -7.844824091743098 ], [ 110.278407463415945, -7.844824091743098 ], [ 110.278407463415945, -7.845719884844947 ], [ 110.277509148131827, -7.845719884844947 ], [ 110.277509148131827, -7.844824091743098 ] ] ] ] } },
{ "type": "Feature", "properties": { "Kelas": "Cukup Rendah", "SKOR_LONGSOR": 2 }, "geometry": { "type": "MultiPolygon", "coordinates": [ [ [ [ 110.280204093984182, -7.844824091743098 ], [ 110.2811024092683, -7.844824091743098 ], [ 110.2811024092683, -7.845719884844947 ], [ 110.280204093984182, -7.845719884844947 ], [ 110.280204093984182, -7.844824091743098 ] ] ] ] } },
{ "type": "Feature", "properties": { "Kelas": "Sangat Rendah", "SKOR_LONGSOR": 1 }, "geometry": { "type": "MultiPolygon", "coordinates": [ [ [ [ 110.445494106262174, -7.844824091743098 ], [ 110.447290736830411, -7.844824091743098 ], [ 110.447290736830411, -7.845719884844947 ], [ 110.445494106262174, -7.845719884844947 ], [ 110.445494106262174, -7.844824091743098 ] ] ] ] } },
{ "type": "Feature", "properties": { "Kelas": "Cukup Tinggi", "SKOR_LONGSOR": 4 }, "geometry": { "type": "MultiPolygon", "coordinates": [ [ [ [ 110.455375574387489, -7.844824091743098 ], [ 110.456273889671607, -7.844824091743098 ], [ 110.456273889671607, -7.845719884844947 ], [ 110.455375574387489, -7.845719884844947 ], [ 110.455375574387489, -7.844824091743098 ] ] ] ] } },
{ "type": "Feature", "properties": { "Kelas": "Cukup Tinggi", "SKOR_LONGSOR": 4 }, "geometry": { "type": "MultiPolygon", "coordinates": [ [ [ [ 110.476036825922236, -7.843928296686236 ], [ 110.476935141206354, -7.843928296686236 ], [ 110.476935141206354, -7.845719884844947 ], [ 110.474240195354, -7.845719884844947 ], [ 110.474240195354, -7.844824091743098 ], [ 110.476036825922236, -7.844824091743098 ], [ 110.476036825922236, -7.843928296686236 ] ] ] ] } },
{ "type": "Feature", "properties": { "Kelas": "Cukup Tinggi", "SKOR_LONGSOR": 4 }, "geometry": { "type": "MultiPolygon", "coordinates": [ [ [ [ 110.280204093984182, -7.841240899787739 ], [ 110.282899039836536, -7.841240899787739 ], [ 110.282899039836536, -7.842136700708339 ], [ 110.282000724552418, -7.842136700708339 ], [ 110.282000724552418, -7.843032499674579 ], [ 110.2811024092683, -7.843032499674579 ], [ 110.2811024092683, -7.844824091743098 ], [ 110.280204093984182, -7.844824091743098 ], [ 110.280204093984182, -7.845719884844947 ], [ 110.279305778700063, -7.845719884844947 ], [ 110.279305778700063, -7.846615675991562 ], [ 110.277509148131827, -7.846615675991562 ], [ 110.277509148131827, -7.845719884844947 ], [ 110.278407463415945, -7.845719884844947 ], [ 110.278407463415945, -7.843928296686236 ], [ 110.279305778700063, -7.843928296686236 ], [ 110.279305778700063, -7.842136700708339 ], [ 110.280204093984182, -7.842136700708339 ], [ 110.280204093984182, -7.841240899787739 ] ] ] ] } },
{ "type": "Feature", "properties": { "Kelas": "Cukup Rendah", "SKOR_LONGSOR": 2 }, "geometry": { "type": "MultiPolygon", "coordinates": [ [ [ [ 110.279305778700063, -7.845719884844947 ], [ 110.280204093984182, -7.845719884844947 ], [ 110.280204093984182, -7.846615675991562 ], [ 110.279305778700063, -7.846615675991562 ], [ 110.279305778700063, -7.845719884844947 ] ] ] ] } },
{ "type": "Feature", "properties": { "Kelas": "Sangat Rendah", "SKOR_LONGSOR": 1 }, "geometry": { "type": "MultiPolygon", "coordinates": [ [ [ [ 110.282000724552418, -7.843032499674579 ], [ 110.282899039836536, -7.843032499674579 ], [ 110.282899039836536, -7.844824091743098 ], [ 110.283797355120655, -7.844824091743098 ], [ 110.283797355120655, -7.845719884844947 ], [ 110.282000724552418, -7.845719884844947 ], [ 110.282000724552418, -7.846615675991562 ], [ 110.280204093984182, -7.846615675991562 ], [ 110.280204093984182, -7.845719884844947 ], [ 110.2811024092683, -7.845719884844947 ], [ 110.2811024092683, -7.844824091743098 ], [ 110.282000724552418, -7.844824091743098 ], [ 110.282000724552418, -7.843032499674579 ] ] ] ] } },
{ "type": "Feature", "properties": { "Kelas": "Cukup Rendah", "SKOR_LONGSOR": 2 }, "geometry": { "type": "MultiPolygon", "coordinates": [ [ [ [ 110.282000724552418, -7.845719884844947 ], [ 110.282899039836536, -7.845719884844947 ], [ 110.282899039836536, -7.846615675991562 ], [ 110.282000724552418, -7.846615675991562 ], [ 110.282000724552418, -7.845719884844947 ] ] ] ] } },
{ "type": "Feature", "properties": { "Kelas": "Sangat Rendah", "SKOR_LONGSOR": 1 }, "geometry": { "type": "MultiPolygon", "coordinates": [ [ [ [ 110.283797355120655, -7.845719884844947 ], [ 110.284695670404787, -7.845719884844947 ], [ 110.284695670404787, -7.846615675991562 ], [ 110.283797355120655, -7.846615675991562 ], [ 110.283797355120655, -7.845719884844947 ] ] ] ] } },
{ "type": "Feature", "properties": { "Kelas": "Sedang", "SKOR_LONGSOR": 3 }, "geometry": { "type": "MultiPolygon", "coordinates": [ [ [ [ 110.454477259103371, -7.845719884844947 ], [ 110.455375574387489, -7.845719884844947 ], [ 110.455375574387489, -7.846615675991562 ], [ 110.454477259103371, -7.846615675991562 ], [ 110.454477259103371, -7.845719884844947 ] ] ] ] } },
{ "type": "Feature", "properties": { "Kelas": "Sedang", "SKOR_LONGSOR": 3 }, "geometry": { "type": "MultiPolygon", "coordinates": [ [ [ [ 110.457172204955739, -7.845719884844947 ], [ 110.458070520239843, -7.845719884844947 ], [ 110.458070520239843, -7.846615675991562 ], [ 110.457172204955739, -7.846615675991562 ], [ 110.457172204955739, -7.845719884844947 ] ] ] ] } },
{ "type": "Feature", "properties": { "Kelas": "Cukup Tinggi", "SKOR_LONGSOR": 4 }, "geometry": { "type": "MultiPolygon", "coordinates": [ [ [ [ 110.458070520239843, -7.845719884844947 ], [ 110.458968835523976, -7.845719884844947 ], [ 110.458968835523976, -7.846615675991562 ], [ 110.458070520239843, -7.846615675991562 ], [ 110.458070520239843, -7.845719884844947 ] ] ] ] } },
{ "type": "Feature", "properties": { "Kelas": "Sedang", "SKOR_LONGSOR": 3 }, "geometry": { "type": "MultiPolygon", "coordinates": [ [ [ [ 110.458968835523976, -7.845719884844947 ], [ 110.45986715080808, -7.845719884844947 ], [ 110.45986715080808, -7.846615675991562 ], [ 110.458968835523976, -7.846615675991562 ], [ 110.458968835523976, -7.845719884844947 ] ] ] ] } },
{ "type": "Feature", "properties": { "Kelas": "Sedang", "SKOR_LONGSOR": 3 }, "geometry": { "type": "MultiPolygon", "coordinates": [ [ [ [ 110.474240195354, -7.845719884844947 ], [ 110.475138510638118, -7.845719884844947 ], [ 110.475138510638118, -7.846615675991562 ], [ 110.474240195354, -7.846615675991562 ], [ 110.474240195354, -7.845719884844947 ] ] ] ] } },
{ "type": "Feature", "properties": { "Kelas": "Cukup Tinggi", "SKOR_LONGSOR": 4 }, "geometry": { "type": "MultiPolygon", "coordinates": [ [ [ [ 110.284695670404787, -7.841240899787739 ], [ 110.285593985688891, -7.841240899787739 ], [ 110.285593985688891, -7.843928296686236 ], [ 110.286492300973023, -7.843928296686236 ], [ 110.286492300973023, -7.846615675991562 ], [ 110.285593985688891, -7.846615675991562 ], [ 110.285593985688891, -7.847511465182728 ], [ 110.284695670404787, -7.847511465182728 ], [ 110.284695670404787, -7.845719884844947 ], [ 110.283797355120655, -7.845719884844947 ], [ 110.283797355120655, -7.844824091743098 ], [ 110.282899039836536, -7.844824091743098 ], [ 110.282899039836536, -7.843032499674579 ], [ 110.284695670404787, -7.843032499674579 ], [ 110.284695670404787, -7.841240899787739 ] ] ] ] } },
{ "type": "Feature", "properties": { "Kelas": "Tinggi", "SKOR_LONGSOR": 0 }, "geometry": { "type": "MultiPolygon", "coordinates": [ [ [ [ 110.455375574387489, -7.843032499674579 ], [ 110.457172204955739, -7.843032499674579 ], [ 110.457172204955739, -7.843928296686236 ], [ 110.456273889671607, -7.843928296686236 ], [ 110.456273889671607, -7.844824091743098 ], [ 110.455375574387489, -7.844824091743098 ], [ 110.455375574387489, -7.845719884844947 ], [ 110.454477259103371, -7.845719884844947 ], [ 110.454477259103371, -7.847511465182728 ], [ 110.453578943819252, -7.847511465182728 ], [ 110.453578943819252, -7.844824091743098 ], [ 110.454477259103371, -7.844824091743098 ], [ 110.454477259103371, -7.843928296686236 ], [ 110.455375574387489, -7.843928296686236 ], [ 110.455375574387489, -7.843032499674579 ] ] ] ] } },
{ "type": "Feature", "properties": { "Kelas": "Cukup Rendah", "SKOR_LONGSOR": 2 }, "geometry": { "type": "MultiPolygon", "coordinates": [ [ [ [ 110.273915886995354, -7.841240899787739 ], [ 110.274814202279458, -7.841240899787739 ], [ 110.274814202279458, -7.843032499674579 ], [ 110.275712517563591, -7.843032499674579 ], [ 110.275712517563591, -7.843928296686236 ], [ 110.276610832847695, -7.843928296686236 ], [ 110.276610832847695, -7.844824091743098 ], [ 110.275712517563591, -7.844824091743098 ], [ 110.275712517563591, -7.845719884844947 ], [ 110.274814202279458, -7.845719884844947 ], [ 110.274814202279458, -7.846615675991562 ], [ 110.273915886995354, -7.846615675991562 ], [ 110.273915886995354, -7.848407252418229 ], [ 110.273017571711222, -7.848407252418229 ], [ 110.273017571711222, -7.846615675991562 ], [ 110.272119256427104, -7.846615675991562 ], [ 110.272119256427104, -7.845719884844947 ], [ 110.273017571711222, -7.845719884844947 ], [ 110.273017571711222, -7.843928296686236 ], [ 110.272119256427104, -7.843928296686236 ], [ 110.272119256427104, -7.843032499674579 ], [ 110.273915886995354, -7.843032499674579 ], [ 110.273915886995354, -7.841240899787739 ] ] ] ] } },
{ "type": "Feature", "properties": { "Kelas": "Cukup Tinggi", "SKOR_LONGSOR": 4 }, "geometry": { "type": "MultiPolygon", "coordinates": [ [ [ [ 110.472443564785749, -7.844824091743098 ], [ 110.473341880069881, -7.844824091743098 ], [ 110.473341880069881, -7.846615675991562 ], [ 110.472443564785749, -7.846615675991562 ], [ 110.472443564785749, -7.848407252418229 ], [ 110.471545249501645, -7.848407252418229 ], [ 110.471545249501645, -7.847511465182728 ], [ 110.469748618933409, -7.847511465182728 ], [ 110.469748618933409, -7.845719884844947 ], [ 110.472443564785749, -7.845719884844947 ], [ 110.472443564785749, -7.844824091743098 ] ] ] ] } },
{ "type": "Feature", "properties": { "Kelas": "Sangat Rendah", "SKOR_LONGSOR": 1 }, "geometry": { "type": "MultiPolygon", "coordinates": [ [ [ [ 110.270322625858867, -7.846615675991562 ], [ 110.271220941142985, -7.846615675991562 ], [ 110.271220941142985, -7.847511465182728 ], [ 110.270322625858867, -7.847511465182728 ], [ 110.270322625858867, -7.846615675991562 ] ] ] ] } },
{ "type": "Feature", "properties": { "Kelas": "Sangat Rendah", "SKOR_LONGSOR": 1 }, "geometry": { "type": "MultiPolygon", "coordinates": [ [ [ [ 110.272119256427104, -7.846615675991562 ], [ 110.273017571711222, -7.846615675991562 ], [ 110.273017571711222, -7.847511465182728 ], [ 110.272119256427104, -7.847511465182728 ], [ 110.272119256427104, -7.846615675991562 ] ] ] ] } },
{ "type": "Feature", "properties": { "Kelas": "Cukup Rendah", "SKOR_LONGSOR": 2 }, "geometry": { "type": "MultiPolygon", "coordinates": [ [ [ [ 110.277509148131827, -7.846615675991562 ], [ 110.278407463415945, -7.846615675991562 ], [ 110.278407463415945, -7.847511465182728 ], [ 110.277509148131827, -7.847511465182728 ], [ 110.277509148131827, -7.846615675991562 ] ] ] ] } },
{ "type": "Feature", "properties": { "Kelas": "Cukup Rendah", "SKOR_LONGSOR": 2 }, "geometry": { "type": "MultiPolygon", "coordinates": [ [ [ [ 110.285593985688891, -7.846615675991562 ], [ 110.286492300973023, -7.846615675991562 ], [ 110.286492300973023, -7.847511465182728 ], [ 110.285593985688891, -7.847511465182728 ], [ 110.285593985688891, -7.846615675991562 ] ] ] ] } },
{ "type": "Feature", "properties": { "Kelas": "Sangat Rendah", "SKOR_LONGSOR": 1 }, "geometry": { "type": "MultiPolygon", "coordinates": [ [ [ [ 110.445494106262174, -7.846615675991562 ], [ 110.447290736830411, -7.846615675991562 ], [ 110.447290736830411, -7.847511465182728 ], [ 110.445494106262174, -7.847511465182728 ], [ 110.445494106262174, -7.846615675991562 ] ] ] ] } },
{ "type": "Feature", "properties": { "Kelas": "Cukup Rendah", "SKOR_LONGSOR": 2 }, "geometry": { "type": "MultiPolygon", "coordinates": [ [ [ [ 110.457172204955739, -7.843928296686236 ], [ 110.458070520239843, -7.843928296686236 ], [ 110.458070520239843, -7.845719884844947 ], [ 110.457172204955739, -7.845719884844947 ], [ 110.457172204955739, -7.846615675991562 ], [ 110.456273889671607, -7.846615675991562 ], [ 110.456273889671607, -7.847511465182728 ], [ 110.455375574387489, -7.847511465182728 ], [ 110.455375574387489, -7.848407252418229 ], [ 110.454477259103371, -7.848407252418229 ], [ 110.454477259103371, -7.846615675991562 ], [ 110.455375574387489, -7.846615675991562 ], [ 110.455375574387489, -7.845719884844947 ], [ 110.456273889671607, -7.845719884844947 ], [ 110.456273889671607, -7.844824091743098 ], [ 110.457172204955739, -7.844824091743098 ], [ 110.457172204955739, -7.843928296686236 ] ] ] ] } },
{ "type": "Feature", "properties": { "Kelas": "Cukup Tinggi", "SKOR_LONGSOR": 4 }, "geometry": { "type": "MultiPolygon", "coordinates": [ [ [ [ 110.456273889671607, -7.846615675991562 ], [ 110.458070520239843, -7.846615675991562 ], [ 110.458070520239843, -7.847511465182728 ], [ 110.456273889671607, -7.847511465182728 ], [ 110.456273889671607, -7.846615675991562 ] ] ] ] } },
{ "type": "Feature", "properties": { "Kelas": "Cukup Rendah", "SKOR_LONGSOR": 2 }, "geometry": { "type": "MultiPolygon", "coordinates": [ [ [ [ 110.274814202279458, -7.847511465182728 ], [ 110.275712517563591, -7.847511465182728 ], [ 110.275712517563591, -7.848407252418229 ], [ 110.274814202279458, -7.848407252418229 ], [ 110.274814202279458, -7.847511465182728 ] ] ] ] } },
{ "type": "Feature", "properties": { "Kelas": "Sedang", "SKOR_LONGSOR": 3 }, "geometry": { "type": "MultiPolygon", "coordinates": [ [ [ [ 110.276610832847695, -7.847511465182728 ], [ 110.277509148131827, -7.847511465182728 ], [ 110.277509148131827, -7.848407252418229 ], [ 110.276610832847695, -7.848407252418229 ], [ 110.276610832847695, -7.847511465182728 ] ] ] ] } },
{ "type": "Feature", "properties": { "Kelas": "Cukup Rendah", "SKOR_LONGSOR": 2 }, "geometry": { "type": "MultiPolygon", "coordinates": [ [ [ [ 110.282899039836536, -7.846615675991562 ], [ 110.283797355120655, -7.846615675991562 ], [ 110.283797355120655, -7.848407252418229 ], [ 110.282899039836536, -7.848407252418229 ], [ 110.282899039836536, -7.850198821021356 ], [ 110.282000724552418, -7.850198821021356 ], [ 110.282000724552418, -7.847511465182728 ], [ 110.282899039836536, -7.847511465182728 ], [ 110.282899039836536, -7.846615675991562 ] ] ] ] } },
{ "type": "Feature", "properties": { "Kelas": "Cukup Rendah", "SKOR_LONGSOR": 2 }, "geometry": { "type": "MultiPolygon", "coordinates": [ [ [ [ 110.446392421546292, -7.843032499674579 ], [ 110.447290736830411, -7.843032499674579 ], [ 110.447290736830411, -7.843928296686236 ], [ 110.449985682682765, -7.843928296686236 ], [ 110.449985682682765, -7.846615675991562 ], [ 110.450883997966883, -7.846615675991562 ], [ 110.450883997966883, -7.848407252418229 ], [ 110.449985682682765, -7.848407252418229 ], [ 110.449985682682765, -7.850198821021356 ], [ 110.449087367398647, -7.850198821021356 ], [ 110.449087367398647, -7.849303037697842 ], [ 110.448189052114529, -7.849303037697842 ], [ 110.448189052114529, -7.848407252418229 ], [ 110.446392421546292, -7.848407252418229 ], [ 110.446392421546292, -7.847511465182728 ], [ 110.447290736830411, -7.847511465182728 ], [ 110.447290736830411, -7.846615675991562 ], [ 110.444595790978042, -7.846615675991562 ], [ 110.444595790978042, -7.845719884844947 ], [ 110.447290736830411, -7.845719884844947 ], [ 110.447290736830411, -7.844824091743098 ], [ 110.446392421546292, -7.844824091743098 ], [ 110.446392421546292, -7.843032499674579 ] ] ] ] } },
{ "type": "Feature", "properties": { "Kelas": "Sedang", "SKOR_LONGSOR": 3 }, "geometry": { "type": "MultiPolygon", "coordinates": [ [ [ [ 110.455375574387489, -7.847511465182728 ], [ 110.456273889671607, -7.847511465182728 ], [ 110.456273889671607, -7.848407252418229 ], [ 110.455375574387489, -7.848407252418229 ], [ 110.455375574387489, -7.847511465182728 ] ] ] ] } },
{ "type": "Feature", "properties": { "Kelas": "Cukup Rendah", "SKOR_LONGSOR": 2 }, "geometry": { "type": "MultiPolygon", "coordinates": [ [ [ [ 110.45986715080808, -7.845719884844947 ], [ 110.460765466092212, -7.845719884844947 ], [ 110.460765466092212, -7.847511465182728 ], [ 110.461663781376316, -7.847511465182728 ], [ 110.461663781376316, -7.848407252418229 ], [ 110.460765466092212, -7.848407252418229 ], [ 110.460765466092212, -7.850198821021356 ], [ 110.45986715080808, -7.850198821021356 ], [ 110.45986715080808, -7.849303037697842 ], [ 110.458968835523976, -7.849303037697842 ], [ 110.458968835523976, -7.848407252418229 ], [ 110.456273889671607, -7.848407252418229 ], [ 110.456273889671607, -7.847511465182728 ], [ 110.458070520239843, -7.847511465182728 ], [ 110.458070520239843, -7.846615675991562 ], [ 110.45986715080808, -7.846615675991562 ], [ 110.45986715080808, -7.845719884844947 ] ] ] ] } },
{ "type": "Feature", "properties": { "Kelas": "Cukup Rendah", "SKOR_LONGSOR": 2 }, "geometry": { "type": "MultiPolygon", "coordinates": [ [ [ [ 110.469748618933409, -7.847511465182728 ], [ 110.470646934217513, -7.847511465182728 ], [ 110.470646934217513, -7.848407252418229 ], [ 110.469748618933409, -7.848407252418229 ], [ 110.469748618933409, -7.847511465182728 ] ] ] ] } },
{ "type": "Feature", "properties": { "Kelas": "Sangat Rendah", "SKOR_LONGSOR": 1 }, "geometry": { "type": "MultiPolygon", "coordinates": [ [ [ [ 110.272119256427104, -7.848407252418229 ], [ 110.273017571711222, -7.848407252418229 ], [ 110.273017571711222, -7.849303037697842 ], [ 110.272119256427104, -7.849303037697842 ], [ 110.272119256427104, -7.848407252418229 ] ] ] ] } },
{ "type": "Feature", "properties": { "Kelas": "Cukup Rendah", "SKOR_LONGSOR": 2 }, "geometry": { "type": "MultiPolygon", "coordinates": [ [ [ [ 110.273915886995354, -7.848407252418229 ], [ 110.274814202279458, -7.848407252418229 ], [ 110.274814202279458, -7.849303037697842 ], [ 110.275712517563591, -7.849303037697842 ], [ 110.275712517563591, -7.850198821021356 ], [ 110.273915886995354, -7.850198821021356 ], [ 110.273915886995354, -7.848407252418229 ] ] ] ] } },
{ "type": "Feature", "properties": { "Kelas": "Sangat Rendah", "SKOR_LONGSOR": 1 }, "geometry": { "type": "MultiPolygon", "coordinates": [ [ [ [ 110.275712517563591, -7.848407252418229 ], [ 110.276610832847695, -7.848407252418229 ], [ 110.276610832847695, -7.849303037697842 ], [ 110.275712517563591, -7.849303037697842 ], [ 110.275712517563591, -7.848407252418229 ] ] ] ] } },
{ "type": "Feature", "properties": { "Kelas": "Sangat Rendah", "SKOR_LONGSOR": 1 }, "geometry": { "type": "MultiPolygon", "coordinates": [ [ [ [ 110.446392421546292, -7.848407252418229 ], [ 110.448189052114529, -7.848407252418229 ], [ 110.448189052114529, -7.849303037697842 ], [ 110.446392421546292, -7.849303037697842 ], [ 110.446392421546292, -7.848407252418229 ] ] ] ] } },
{ "type": "Feature", "properties": { "Kelas": "Cukup Tinggi", "SKOR_LONGSOR": 4 }, "geometry": { "type": "MultiPolygon", "coordinates": [ [ [ [ 110.449985682682765, -7.848407252418229 ], [ 110.450883997966883, -7.848407252418229 ], [ 110.450883997966883, -7.849303037697842 ], [ 110.449985682682765, -7.849303037697842 ], [ 110.449985682682765, -7.848407252418229 ] ] ] ] } },
{ "type": "Feature", "properties": { "Kelas": "Sedang", "SKOR_LONGSOR": 3 }, "geometry": { "type": "MultiPolygon", "coordinates": [ [ [ [ 110.457172204955739, -7.848407252418229 ], [ 110.458968835523976, -7.848407252418229 ], [ 110.458968835523976, -7.849303037697842 ], [ 110.457172204955739, -7.849303037697842 ], [ 110.457172204955739, -7.848407252418229 ] ] ] ] } },
{ "type": "Feature", "properties": { "Kelas": "Cukup Tinggi", "SKOR_LONGSOR": 4 }, "geometry": { "type": "MultiPolygon", "coordinates": [ [ [ [ 110.476036825922236, -7.847511465182728 ], [ 110.476935141206354, -7.847511465182728 ], [ 110.476935141206354, -7.849303037697842 ], [ 110.476036825922236, -7.849303037697842 ], [ 110.476036825922236, -7.850198821021356 ], [ 110.475138510638118, -7.850198821021356 ], [ 110.475138510638118, -7.851094602388552 ], [ 110.474240195354, -7.851094602388552 ], [ 110.474240195354, -7.848407252418229 ], [ 110.476036825922236, -7.848407252418229 ], [ 110.476036825922236, -7.847511465182728 ] ] ] ] } },
{ "type": "Feature", "properties": { "Kelas": "Sangat Rendah", "SKOR_LONGSOR": 1 }, "geometry": { "type": "MultiPolygon", "coordinates": [ [ [ [ 110.266729364722394, -7.849303037697842 ], [ 110.268525995290631, -7.849303037697842 ], [ 110.268525995290631, -7.850198821021356 ], [ 110.266729364722394, -7.850198821021356 ], [ 110.266729364722394, -7.849303037697842 ] ] ] ] } },
{ "type": "Feature", "properties": { "Kelas": "Cukup Tinggi", "SKOR_LONGSOR": 4 }, "geometry": { "type": "MultiPolygon", "coordinates": [ [ [ [ 110.452680628535134, -7.849303037697842 ], [ 110.453578943819252, -7.849303037697842 ], [ 110.453578943819252, -7.851094602388552 ], [ 110.452680628535134, -7.851094602388552 ], [ 110.452680628535134, -7.849303037697842 ] ] ] ] } },
{ "type": "Feature", "properties": { "Kelas": "Cukup Rendah", "SKOR_LONGSOR": 2 }, "geometry": { "type": "MultiPolygon", "coordinates": [ [ [ [ 110.453578943819252, -7.849303037697842 ], [ 110.455375574387489, -7.849303037697842 ], [ 110.455375574387489, -7.850198821021356 ], [ 110.456273889671607, -7.850198821021356 ], [ 110.456273889671607, -7.851094602388552 ], [ 110.457172204955739, -7.851094602388552 ], [ 110.457172204955739, -7.851990381799212 ], [ 110.456273889671607, -7.851990381799212 ], [ 110.456273889671607, -7.852886159253115 ], [ 110.454477259103371, -7.852886159253115 ], [ 110.454477259103371, -7.851990381799212 ], [ 110.453578943819252, -7.851990381799212 ], [ 110.453578943819252, -7.849303037697842 ] ] ] ] } },
{ "type": "Feature", "properties": { "Kelas": "Sangat Rendah", "SKOR_LONGSOR": 1 }, "geometry": { "type": "MultiPolygon", "coordinates": [ [ [ [ 110.265831049438262, -7.850198821021356 ], [ 110.266729364722394, -7.850198821021356 ], [ 110.266729364722394, -7.851094602388552 ], [ 110.265831049438262, -7.851094602388552 ], [ 110.265831049438262, -7.850198821021356 ] ] ] ] } },
{ "type": "Feature", "properties": { "Kelas": "Sangat Rendah", "SKOR_LONGSOR": 1 }, "geometry": { "type": "MultiPolygon", "coordinates": [ [ [ [ 110.268525995290631, -7.850198821021356 ], [ 110.269424310574749, -7.850198821021356 ], [ 110.269424310574749, -7.851094602388552 ], [ 110.268525995290631, -7.851094602388552 ], [ 110.268525995290631, -7.850198821021356 ] ] ] ] } },
{ "type": "Feature", "properties": { "Kelas": "Sangat Rendah", "SKOR_LONGSOR": 1 }, "geometry": { "type": "MultiPolygon", "coordinates": [ [ [ [ 110.274814202279458, -7.850198821021356 ], [ 110.275712517563591, -7.850198821021356 ], [ 110.275712517563591, -7.851094602388552 ], [ 110.274814202279458, -7.851094602388552 ], [ 110.274814202279458, -7.850198821021356 ] ] ] ] } },
{ "type": "Feature", "properties": { "Kelas": "Cukup Rendah", "SKOR_LONGSOR": 2 }, "geometry": { "type": "MultiPolygon", "coordinates": [ [ [ [ 110.2811024092683, -7.850198821021356 ], [ 110.282000724552418, -7.850198821021356 ], [ 110.282000724552418, -7.851094602388552 ], [ 110.2811024092683, -7.851094602388552 ], [ 110.2811024092683, -7.850198821021356 ] ] ] ] } },
{ "type": "Feature", "properties": { "Kelas": "Sangat Rendah", "SKOR_LONGSOR": 1 }, "geometry": { "type": "MultiPolygon", "coordinates": [ [ [ [ 110.448189052114529, -7.850198821021356 ], [ 110.449087367398647, -7.850198821021356 ], [ 110.449087367398647, -7.851094602388552 ], [ 110.448189052114529, -7.851094602388552 ], [ 110.448189052114529, -7.850198821021356 ] ] ] ] } },
{ "type": "Feature", "properties": { "Kelas": "Sedang", "SKOR_LONGSOR": 3 }, "geometry": { "type": "MultiPolygon", "coordinates": [ [ [ [ 110.449087367398647, -7.850198821021356 ], [ 110.449985682682765, -7.850198821021356 ], [ 110.449985682682765, -7.851990381799212 ], [ 110.449087367398647, -7.851990381799212 ], [ 110.449087367398647, -7.850198821021356 ] ] ] ] } },
{ "type": "Feature", "properties": { "Kelas": "Sangat Rendah", "SKOR_LONGSOR": 1 }, "geometry": { "type": "MultiPolygon", "coordinates": [ [ [ [ 110.468850303649276, -7.850198821021356 ], [ 110.469748618933409, -7.850198821021356 ], [ 110.469748618933409, -7.851094602388552 ], [ 110.468850303649276, -7.851094602388552 ], [ 110.468850303649276, -7.850198821021356 ] ] ] ] } },
{ "type": "Feature", "properties": { "Kelas": "Cukup Tinggi", "SKOR_LONGSOR": 4 }, "geometry": { "type": "MultiPolygon", "coordinates": [ [ [ [ 110.476935141206354, -7.85021260551369 ], [ 110.476935141206354, -7.850198821021356 ], [ 110.476948237516766, -7.850198821021356 ], [ 110.476935141206354, -7.85021260551369 ] ] ] ] } },
{ "type": "Feature", "properties": { "Kelas": "Cukup Rendah", "SKOR_LONGSOR": 2 }, "geometry": { "type": "MultiPolygon", "coordinates": [ [ [ [ 110.274814202279458, -7.851094602388552 ], [ 110.275712517563591, -7.851094602388552 ], [ 110.275712517563591, -7.851990381799212 ], [ 110.274814202279458, -7.851990381799212 ], [ 110.274814202279458, -7.851094602388552 ] ] ] ] } },
{ "type": "Feature", "properties": { "Kelas": "Cukup Rendah", "SKOR_LONGSOR": 2 }, "geometry": { "type": "MultiPolygon", "coordinates": [ [ [ [ 110.448189052114529, -7.851094602388552 ], [ 110.449087367398647, -7.851094602388552 ], [ 110.449087367398647, -7.851990381799212 ], [ 110.448189052114529, -7.851990381799212 ], [ 110.448189052114529, -7.851094602388552 ] ] ] ] } },
{ "type": "Feature", "properties": { "Kelas": "Sedang", "SKOR_LONGSOR": 3 }, "geometry": { "type": "MultiPolygon", "coordinates": [ [ [ [ 110.452680628535134, -7.851094602388552 ], [ 110.453578943819252, -7.851094602388552 ], [ 110.453578943819252, -7.851990381799212 ], [ 110.452680628535134, -7.851990381799212 ], [ 110.452680628535134, -7.851094602388552 ] ] ] ] } },
{ "type": "Feature", "properties": { "Kelas": "Cukup Rendah", "SKOR_LONGSOR": 2 }, "geometry": { "type": "MultiPolygon", "coordinates": [ [ [ [ 110.460765466092212, -7.851094602388552 ], [ 110.461663781376316, -7.851094602388552 ], [ 110.461663781376316, -7.851990381799212 ], [ 110.460765466092212, -7.851990381799212 ], [ 110.460765466092212, -7.851094602388552 ] ] ] ] } },
{ "type": "Feature", "properties": { "Kelas": "Cukup Tinggi", "SKOR_LONGSOR": 4 }, "geometry": { "type": "MultiPolygon", "coordinates": [ [ [ [ 110.468850303649276, -7.851094602388552 ], [ 110.469748618933409, -7.851094602388552 ], [ 110.469748618933409, -7.851990381799212 ], [ 110.468850303649276, -7.851990381799212 ], [ 110.468850303649276, -7.851094602388552 ] ] ] ] } },
{ "type": "Feature", "properties": { "Kelas": "Cukup Rendah", "SKOR_LONGSOR": 2 }, "geometry": { "type": "MultiPolygon", "coordinates": [ [ [ [ 110.441900845125701, -7.851990381799212 ], [ 110.442799160409805, -7.851990381799212 ], [ 110.442799160409805, -7.852886159253115 ], [ 110.441900845125701, -7.852886159253115 ], [ 110.441900845125701, -7.851990381799212 ] ] ] ] } },
{ "type": "Feature", "properties": { "Kelas": "Cukup Rendah", "SKOR_LONGSOR": 2 }, "geometry": { "type": "MultiPolygon", "coordinates": [ [ [ [ 110.452680628535134, -7.851990381799212 ], [ 110.453578943819252, -7.851990381799212 ], [ 110.453578943819252, -7.852886159253115 ], [ 110.452680628535134, -7.852886159253115 ], [ 110.452680628535134, -7.851990381799212 ] ] ] ] } },
{ "type": "Feature", "properties": { "Kelas": "Sangat Rendah", "SKOR_LONGSOR": 1 }, "geometry": { "type": "MultiPolygon", "coordinates": [ [ [ [ 110.453578943819252, -7.851990381799212 ], [ 110.454477259103371, -7.851990381799212 ], [ 110.454477259103371, -7.852886159253115 ], [ 110.453578943819252, -7.852886159253115 ], [ 110.453578943819252, -7.851990381799212 ] ] ] ] } },
{ "type": "Feature", "properties": { "Kelas": "Sedang", "SKOR_LONGSOR": 3 }, "geometry": { "type": "MultiPolygon", "coordinates": [ [ [ [ 110.456273889671607, -7.851990381799212 ], [ 110.457172204955739, -7.851990381799212 ], [ 110.457172204955739, -7.852886159253115 ], [ 110.456273889671607, -7.852886159253115 ], [ 110.456273889671607, -7.851990381799212 ] ] ] ] } },
{ "type": "Feature", "properties": { "Kelas": "Sedang", "SKOR_LONGSOR": 3 }, "geometry": { "type": "MultiPolygon", "coordinates": [ [ [ [ 110.4752502, -7.852061 ], [ 110.475138510638118, -7.8522915403386 ], [ 110.475138510638118, -7.851990381799212 ], [ 110.475264198717227, -7.851990381799212 ], [ 110.4752502, -7.852061 ] ] ] ] } },
{ "type": "Feature", "properties": { "Kelas": "Sangat Rendah", "SKOR_LONGSOR": 1 }, "geometry": { "type": "MultiPolygon", "coordinates": [ [ [ [ 110.267627680006512, -7.852886159253115 ], [ 110.268525995290631, -7.852886159253115 ], [ 110.268525995290631, -7.853781934750049 ], [ 110.267627680006512, -7.853781934750049 ], [ 110.267627680006512, -7.852886159253115 ] ] ] ] } },
{ "type": "Feature", "properties": { "Kelas": "Sangat Rendah", "SKOR_LONGSOR": 1 }, "geometry": { "type": "MultiPolygon", "coordinates": [ [ [ [ 110.441900845125701, -7.852886159253115 ], [ 110.442799160409805, -7.852886159253115 ], [ 110.442799160409805, -7.853781934750049 ], [ 110.441900845125701, -7.853781934750049 ], [ 110.441900845125701, -7.852886159253115 ] ] ] ] } },
{ "type": "Feature", "properties": { "Kelas": "Cukup Tinggi", "SKOR_LONGSOR": 4 }, "geometry": { "type": "MultiPolygon", "coordinates": [ [ [ [ 110.451782313251016, -7.852886159253115 ], [ 110.452680628535134, -7.852886159253115 ], [ 110.452680628535134, -7.853781934750049 ], [ 110.451782313251016, -7.853781934750049 ], [ 110.451782313251016, -7.852886159253115 ] ] ] ] } },
{ "type": "Feature", "properties": { "Kelas": "Cukup Rendah", "SKOR_LONGSOR": 2 }, "geometry": { "type": "MultiPolygon", "coordinates": [ [ [ [ 110.453578943819252, -7.852886159253115 ], [ 110.454477259103371, -7.852886159253115 ], [ 110.454477259103371, -7.853781934750049 ], [ 110.453578943819252, -7.853781934750049 ], [ 110.453578943819252, -7.852886159253115 ] ] ] ] } },
{ "type": "Feature", "properties": { "Kelas": "Sedang", "SKOR_LONGSOR": 3 }, "geometry": { "type": "MultiPolygon", "coordinates": [ [ [ [ 110.455375574387489, -7.852886159253115 ], [ 110.456273889671607, -7.852886159253115 ], [ 110.456273889671607, -7.853781934750049 ], [ 110.455375574387489, -7.853781934750049 ], [ 110.455375574387489, -7.852886159253115 ] ] ] ] } },
{ "type": "Feature", "properties": { "Kelas": "Cukup Tinggi", "SKOR_LONGSOR": 4 }, "geometry": { "type": "MultiPolygon", "coordinates": [ [ [ [ 110.4745484, -7.8535096 ], [ 110.4744873, -7.8535911 ], [ 110.474411, -7.8536908 ], [ 110.474342648937466, -7.853781934750049 ], [ 110.474240195354, -7.853781934750049 ], [ 110.474240195354, -7.852886159253115 ], [ 110.47485043694337, -7.852886159253115 ], [ 110.4745484, -7.8535096 ] ] ] ] } },
{ "type": "Feature", "properties": { "Kelas": "Cukup Rendah", "SKOR_LONGSOR": 2 }, "geometry": { "type": "MultiPolygon", "coordinates": [ [ [ [ 110.271220941142985, -7.846615675991562 ], [ 110.272119256427104, -7.846615675991562 ], [ 110.272119256427104, -7.851990381799212 ], [ 110.271220941142985, -7.851990381799212 ], [ 110.271220941142985, -7.852886159253115 ], [ 110.270322625858867, -7.852886159253115 ], [ 110.270322625858867, -7.853781934750049 ], [ 110.269424310574749, -7.853781934750049 ], [ 110.269424310574749, -7.854677708289795 ], [ 110.267627680006512, -7.854677708289795 ], [ 110.267627680006512, -7.853781934750049 ], [ 110.268525995290631, -7.853781934750049 ], [ 110.268525995290631, -7.852886159253115 ], [ 110.264932734154158, -7.852886159253115 ], [ 110.264932734154158, -7.855573479872135 ], [ 110.264034418870025, -7.855573479872135 ], [ 110.264034418870025, -7.851990381799212 ], [ 110.264932734154158, -7.851990381799212 ], [ 110.264932734154158, -7.851094602388552 ], [ 110.265831049438262, -7.851094602388552 ], [ 110.265831049438262, -7.851990381799212 ], [ 110.267627680006512, -7.851990381799212 ], [ 110.267627680006512, -7.851094602388552 ], [ 110.269424310574749, -7.851094602388552 ], [ 110.269424310574749, -7.850198821021356 ], [ 110.270322625858867, -7.850198821021356 ], [ 110.270322625858867, -7.847511465182728 ], [ 110.271220941142985, -7.847511465182728 ], [ 110.271220941142985, -7.846615675991562 ] ] ] ] } },
{ "type": "Feature", "properties": { "Kelas": "Cukup Rendah", "SKOR_LONGSOR": 2 }, "geometry": { "type": "MultiPolygon", "coordinates": [ [ [ [ 110.441002529841569, -7.852886159253115 ], [ 110.441900845125701, -7.852886159253115 ], [ 110.441900845125701, -7.853781934750049 ], [ 110.442799160409805, -7.853781934750049 ], [ 110.442799160409805, -7.852886159253115 ], [ 110.443697475693938, -7.852886159253115 ], [ 110.443697475693938, -7.855573479872135 ], [ 110.444595790978042, -7.855573479872135 ], [ 110.444595790978042, -7.856469249496853 ], [ 110.445494106262174, -7.856469249496853 ], [ 110.445494106262174, -7.859156546623087 ], [ 110.444595790978042, -7.859156546623087 ], [ 110.444595790978042, -7.858260782872549 ], [ 110.441900845125701, -7.858260782872549 ], [ 110.441900845125701, -7.856469249496853 ], [ 110.441002529841569, -7.856469249496853 ], [ 110.441002529841569, -7.855573479872135 ], [ 110.440104214557451, -7.855573479872135 ], [ 110.440104214557451, -7.853781934750049 ], [ 110.441002529841569, -7.853781934750049 ], [ 110.441002529841569, -7.852886159253115 ] ] ] ] } },
{ "type": "Feature", "properties": { "Kelas": "Sangat Rendah", "SKOR_LONGSOR": 1 }, "geometry": { "type": "MultiPolygon", "coordinates": [ [ [ [ 110.452680628535134, -7.852886159253115 ], [ 110.453578943819252, -7.852886159253115 ], [ 110.453578943819252, -7.853781934750049 ], [ 110.454477259103371, -7.853781934750049 ], [ 110.454477259103371, -7.852886159253115 ], [ 110.455375574387489, -7.852886159253115 ], [ 110.455375574387489, -7.854677708289795 ], [ 110.451782313251016, -7.854677708289795 ], [ 110.451782313251016, -7.856469249496853 ], [ 110.450883997966883, -7.856469249496853 ], [ 110.450883997966883, -7.853781934750049 ], [ 110.452680628535134, -7.853781934750049 ], [ 110.452680628535134, -7.852886159253115 ] ] ] ] } },
{ "type": "Feature", "properties": { "Kelas": "Sedang", "SKOR_LONGSOR": 3 }, "geometry": { "type": "MultiPolygon", "coordinates": [ [ [ [ 110.4742508, -7.8539044 ], [ 110.474240195354, -7.853916298783505 ], [ 110.474240195354, -7.853781934750049 ], [ 110.474342648937466, -7.853781934750049 ], [ 110.4742508, -7.8539044 ] ] ] ] } },
{ "type": "Feature", "properties": { "Kelas": "Sangat Rendah", "SKOR_LONGSOR": 1 }, "geometry": { "type": "MultiPolygon", "coordinates": [ [ [ [ 110.263136103585921, -7.854677708289795 ], [ 110.264034418870025, -7.854677708289795 ], [ 110.264034418870025, -7.855573479872135 ], [ 110.263136103585921, -7.855573479872135 ], [ 110.263136103585921, -7.854677708289795 ] ] ] ] } },
{ "type": "Feature", "properties": { "Kelas": "Sangat Rendah", "SKOR_LONGSOR": 1 }, "geometry": { "type": "MultiPolygon", "coordinates": [ [ [ [ 110.268525995290631, -7.854677708289795 ], [ 110.269424310574749, -7.854677708289795 ], [ 110.269424310574749, -7.855573479872135 ], [ 110.268525995290631, -7.855573479872135 ], [ 110.268525995290631, -7.854677708289795 ] ] ] ] } },
{ "type": "Feature", "properties": { "Kelas": "Sangat Rendah", "SKOR_LONGSOR": 1 }, "geometry": { "type": "MultiPolygon", "coordinates": [ [ [ [ 110.443697475693938, -7.854677708289795 ], [ 110.445494106262174, -7.854677708289795 ], [ 110.445494106262174, -7.856469249496853 ], [ 110.444595790978042, -7.856469249496853 ], [ 110.444595790978042, -7.855573479872135 ], [ 110.443697475693938, -7.855573479872135 ], [ 110.443697475693938, -7.854677708289795 ] ] ] ] } },
{ "type": "Feature", "properties": { "Kelas": "Sedang", "SKOR_LONGSOR": 3 }, "geometry": { "type": "MultiPolygon", "coordinates": [ [ [ [ 110.445494106262174, -7.854677708289795 ], [ 110.446392421546292, -7.854677708289795 ], [ 110.446392421546292, -7.855573479872135 ], [ 110.445494106262174, -7.855573479872135 ], [ 110.445494106262174, -7.854677708289795 ] ] ] ] } },
{ "type": "Feature", "properties": { "Kelas": "Cukup Tinggi", "SKOR_LONGSOR": 4 }, "geometry": { "type": "MultiPolygon", "coordinates": [ [ [ [ 110.449985682682765, -7.854677708289795 ], [ 110.450883997966883, -7.854677708289795 ], [ 110.450883997966883, -7.855573479872135 ], [ 110.449985682682765, -7.855573479872135 ], [ 110.449985682682765, -7.854677708289795 ] ] ] ] } },
{ "type": "Feature", "properties": { "Kelas": "Cukup Rendah", "SKOR_LONGSOR": 2 }, "geometry": { "type": "MultiPolygon", "coordinates": [ [ [ [ 110.458968835523976, -7.854677708289795 ], [ 110.45986715080808, -7.854677708289795 ], [ 110.45986715080808, -7.855573479872135 ], [ 110.458968835523976, -7.855573479872135 ], [ 110.458968835523976, -7.854677708289795 ] ] ] ] } },
{ "type": "Feature", "properties": { "Kelas": "Cukup Tinggi", "SKOR_LONGSOR": 4 }, "geometry": { "type": "MultiPolygon", "coordinates": [ [ [ [ 110.46705367308104, -7.854677708289795 ], [ 110.467951988365172, -7.854677708289795 ], [ 110.467951988365172, -7.855573479872135 ], [ 110.46705367308104, -7.855573479872135 ], [ 110.46705367308104, -7.854677708289795 ] ] ] ] } },
{ "type": "Feature", "properties": { "Kelas": "Cukup Tinggi", "SKOR_LONGSOR": 4 }, "geometry": { "type": "MultiPolygon", "coordinates": [ [ [ [ 110.4737015, -7.8546816 ], [ 110.4734955, -7.8552372 ], [ 110.473415309414236, -7.855573479872135 ], [ 110.473341880069881, -7.855573479872135 ], [ 110.473341880069881, -7.854677708289795 ], [ 110.473703127235552, -7.854677708289795 ], [ 110.4737015, -7.8546816 ] ] ] ] } },
{ "type": "Feature", "properties": { "Kelas": "Cukup Rendah", "SKOR_LONGSOR": 2 }, "geometry": { "type": "MultiPolygon", "coordinates": [ [ [ [ 110.263136103585921, -7.855573479872135 ], [ 110.264034418870025, -7.855573479872135 ], [ 110.264034418870025, -7.856469249496853 ], [ 110.263136103585921, -7.856469249496853 ], [ 110.263136103585921, -7.855573479872135 ] ] ] ] } },
{ "type": "Feature", "properties": { "Kelas": "Cukup Tinggi", "SKOR_LONGSOR": 4 }, "geometry": { "type": "MultiPolygon", "coordinates": [ [ [ [ 110.440104214557451, -7.855573479872135 ], [ 110.441002529841569, -7.855573479872135 ], [ 110.441002529841569, -7.856469249496853 ], [ 110.441900845125701, -7.856469249496853 ], [ 110.441900845125701, -7.859156546623087 ], [ 110.441002529841569, -7.859156546623087 ], [ 110.441002529841569, -7.858260782872549 ], [ 110.440104214557451, -7.858260782872549 ], [ 110.440104214557451, -7.855573479872135 ] ] ] ] } },
{ "type": "Feature", "properties": { "Kelas": "Cukup Tinggi", "SKOR_LONGSOR": 4 }, "geometry": { "type": "MultiPolygon", "coordinates": [ [ [ [ 110.447290736830411, -7.851990381799212 ], [ 110.448189052114529, -7.851990381799212 ], [ 110.448189052114529, -7.854677708289795 ], [ 110.447290736830411, -7.854677708289795 ], [ 110.447290736830411, -7.856469249496853 ], [ 110.446392421546292, -7.856469249496853 ], [ 110.446392421546292, -7.857365017163728 ], [ 110.445494106262174, -7.857365017163728 ], [ 110.445494106262174, -7.855573479872135 ], [ 110.446392421546292, -7.855573479872135 ], [ 110.446392421546292, -7.853781934750049 ], [ 110.447290736830411, -7.853781934750049 ], [ 110.447290736830411, -7.851990381799212 ] ] ] ] } },
{ "type": "Feature", "properties": { "Kelas": "Sedang", "SKOR_LONGSOR": 3 }, "geometry": { "type": "MultiPolygon", "coordinates": [ [ [ [ 110.449985682682765, -7.855573479872135 ], [ 110.450883997966883, -7.855573479872135 ], [ 110.450883997966883, -7.856469249496853 ], [ 110.449985682682765, -7.856469249496853 ], [ 110.449985682682765, -7.855573479872135 ] ] ] ] } },
{ "type": "Feature", "properties": { "Kelas": "Sangat Rendah", "SKOR_LONGSOR": 1 }, "geometry": { "type": "MultiPolygon", "coordinates": [ [ [ [ 110.466155357796922, -7.855573479872135 ], [ 110.46705367308104, -7.855573479872135 ], [ 110.46705367308104, -7.856469249496853 ], [ 110.466155357796922, -7.856469249496853 ], [ 110.466155357796922, -7.855573479872135 ] ] ] ] } },
{ "type": "Feature", "properties": { "Kelas": "Sangat Rendah", "SKOR_LONGSOR": 1 }, "geometry": { "type": "MultiPolygon", "coordinates": [ [ [ [ 110.264034418870025, -7.856469249496853 ], [ 110.264932734154158, -7.856469249496853 ], [ 110.264932734154158, -7.857365017163728 ], [ 110.264034418870025, -7.857365017163728 ], [ 110.264034418870025, -7.856469249496853 ] ] ] ] } },
{ "type": "Feature", "properties": { "Kelas": "Sangat Rendah", "SKOR_LONGSOR": 1 }, "geometry": { "type": "MultiPolygon", "coordinates": [ [ [ [ 110.449985682682765, -7.856469249496853 ], [ 110.450883997966883, -7.856469249496853 ], [ 110.450883997966883, -7.857365017163728 ], [ 110.449985682682765, -7.857365017163728 ], [ 110.449985682682765, -7.856469249496853 ] ] ] ] } },
{ "type": "Feature", "properties": { "Kelas": "Cukup Tinggi", "SKOR_LONGSOR": 4 }, "geometry": { "type": "MultiPolygon", "coordinates": [ [ [ [ 110.453578943819252, -7.847511465182728 ], [ 110.454477259103371, -7.847511465182728 ], [ 110.454477259103371, -7.848407252418229 ], [ 110.457172204955739, -7.848407252418229 ], [ 110.457172204955739, -7.849303037697842 ], [ 110.45986715080808, -7.849303037697842 ], [ 110.45986715080808, -7.850198821021356 ], [ 110.461663781376316, -7.850198821021356 ], [ 110.461663781376316, -7.851094602388552 ], [ 110.460765466092212, -7.851094602388552 ], [ 110.460765466092212, -7.852886159253115 ], [ 110.45986715080808, -7.852886159253115 ], [ 110.45986715080808, -7.854677708289795 ], [ 110.458968835523976, -7.854677708289795 ], [ 110.458968835523976, -7.860052308415138 ], [ 110.457172204955739, -7.860052308415138 ], [ 110.457172204955739, -7.86094806824848 ], [ 110.456273889671607, -7.86094806824848 ], [ 110.456273889671607, -7.860052308415138 ], [ 110.455375574387489, -7.860052308415138 ], [ 110.455375574387489, -7.859156546623087 ], [ 110.454477259103371, -7.859156546623087 ], [ 110.454477259103371, -7.858260782872549 ], [ 110.453578943819252, -7.858260782872549 ], [ 110.453578943819252, -7.856469249496853 ], [ 110.454477259103371, -7.856469249496853 ], [ 110.454477259103371, -7.854677708289795 ], [ 110.455375574387489, -7.854677708289795 ], [ 110.455375574387489, -7.853781934750049 ], [ 110.456273889671607, -7.853781934750049 ], [ 110.456273889671607, -7.852886159253115 ], [ 110.457172204955739, -7.852886159253115 ], [ 110.457172204955739, -7.851094602388552 ], [ 110.456273889671607, -7.851094602388552 ], [ 110.456273889671607, -7.850198821021356 ], [ 110.455375574387489, -7.850198821021356 ], [ 110.455375574387489, -7.849303037697842 ], [ 110.453578943819252, -7.849303037697842 ], [ 110.453578943819252, -7.847511465182728 ] ] ] ] } },
{ "type": "Feature", "properties": { "Kelas": "Sangat Rendah", "SKOR_LONGSOR": 1 }, "geometry": { "type": "MultiPolygon", "coordinates": [ [ [ [ 110.458968835523976, -7.856469249496853 ], [ 110.45986715080808, -7.856469249496853 ], [ 110.45986715080808, -7.857365017163728 ], [ 110.458968835523976, -7.857365017163728 ], [ 110.458968835523976, -7.856469249496853 ] ] ] ] } },
{ "type": "Feature", "properties": { "Kelas": "Cukup Rendah", "SKOR_LONGSOR": 2 }, "geometry": { "type": "MultiPolygon", "coordinates": [ [ [ [ 110.464358727228685, -7.856469249496853 ], [ 110.465257042512803, -7.856469249496853 ], [ 110.465257042512803, -7.857365017163728 ], [ 110.464358727228685, -7.857365017163728 ], [ 110.464358727228685, -7.856469249496853 ] ] ] ] } },
{ "type": "Feature", "properties": { "Kelas": "Cukup Rendah", "SKOR_LONGSOR": 2 }, "geometry": { "type": "MultiPolygon", "coordinates": [ [ [ [ 110.466155357796922, -7.856469249496853 ], [ 110.46705367308104, -7.856469249496853 ], [ 110.46705367308104, -7.857365017163728 ], [ 110.466155357796922, -7.857365017163728 ], [ 110.466155357796922, -7.856469249496853 ] ] ] ] } },
{ "type": "Feature", "properties": { "Kelas": "Cukup Tinggi", "SKOR_LONGSOR": 4 }, "geometry": { "type": "MultiPolygon", "coordinates": [ [ [ [ 110.4729843, -7.8568646 ], [ 110.4728775, -7.8573677 ], [ 110.4728242, -7.8579103 ], [ 110.4728546, -7.8583848 ], [ 110.4728622, -7.858493 ], [ 110.4729004, -7.8589908 ], [ 110.4729004, -7.8593399 ], [ 110.4729004, -7.8595092 ], [ 110.4728622, -7.8598072 ], [ 110.472847, -7.8600876 ], [ 110.4728394, -7.8603732 ], [ 110.4728164, -7.8608734 ], [ 110.472802692201853, -7.86094806824848 ], [ 110.472443564785749, -7.86094806824848 ], [ 110.472443564785749, -7.856469249496853 ], [ 110.473129515599211, -7.856469249496853 ], [ 110.4729843, -7.8568646 ] ] ] ] } },
{ "type": "Feature", "properties": { "Kelas": "Cukup Rendah", "SKOR_LONGSOR": 2 }, "geometry": { "type": "MultiPolygon", "coordinates": [ [ [ [ 110.458968835523976, -7.857365017163728 ], [ 110.45986715080808, -7.857365017163728 ], [ 110.45986715080808, -7.858260782872549 ], [ 110.458968835523976, -7.858260782872549 ], [ 110.458968835523976, -7.857365017163728 ] ] ] ] } },
{ "type": "Feature", "properties": { "Kelas": "Cukup Tinggi", "SKOR_LONGSOR": 4 }, "geometry": { "type": "MultiPolygon", "coordinates": [ [ [ [ 110.45986715080808, -7.857365017163728 ], [ 110.460765466092212, -7.857365017163728 ], [ 110.460765466092212, -7.858260782872549 ], [ 110.45986715080808, -7.858260782872549 ], [ 110.45986715080808, -7.857365017163728 ] ] ] ] } },
{ "type": "Feature", "properties": { "Kelas": "Sangat Rendah", "SKOR_LONGSOR": 1 }, "geometry": { "type": "MultiPolygon", "coordinates": [ [ [ [ 110.460765466092212, -7.857365017163728 ], [ 110.461663781376316, -7.857365017163728 ], [ 110.461663781376316, -7.858260782872549 ], [ 110.460765466092212, -7.858260782872549 ], [ 110.460765466092212, -7.857365017163728 ] ] ] ] } },
{ "type": "Feature", "properties": { "Kelas": "Sedang", "SKOR_LONGSOR": 3 }, "geometry": { "type": "MultiPolygon", "coordinates": [ [ [ [ 110.461663781376316, -7.857365017163728 ], [ 110.462562096660449, -7.857365017163728 ], [ 110.462562096660449, -7.858260782872549 ], [ 110.461663781376316, -7.858260782872549 ], [ 110.461663781376316, -7.857365017163728 ] ] ] ] } },
{ "type": "Feature", "properties": { "Kelas": "Cukup Tinggi", "SKOR_LONGSOR": 4 }, "geometry": { "type": "MultiPolygon", "coordinates": [ [ [ [ 110.462562096660449, -7.857365017163728 ], [ 110.464358727228685, -7.857365017163728 ], [ 110.464358727228685, -7.858260782872549 ], [ 110.462562096660449, -7.858260782872549 ], [ 110.462562096660449, -7.857365017163728 ] ] ] ] } },
{ "type": "Feature", "properties": { "Kelas": "Sangat Rendah", "SKOR_LONGSOR": 1 }, "geometry": { "type": "MultiPolygon", "coordinates": [ [ [ [ 110.433816007568609, -7.858260782872549 ], [ 110.434714322852741, -7.858260782872549 ], [ 110.434714322852741, -7.859156546623087 ], [ 110.433816007568609, -7.859156546623087 ], [ 110.433816007568609, -7.858260782872549 ] ] ] ] } },
{ "type": "Feature", "properties": { "Kelas": "Sangat Rendah", "SKOR_LONGSOR": 1 }, "geometry": { "type": "MultiPolygon", "coordinates": [ [ [ [ 110.439205899273333, -7.858260782872549 ], [ 110.440104214557451, -7.858260782872549 ], [ 110.440104214557451, -7.859156546623087 ], [ 110.439205899273333, -7.859156546623087 ], [ 110.439205899273333, -7.858260782872549 ] ] ] ] } },
{ "type": "Feature", "properties": { "Kelas": "Sedang", "SKOR_LONGSOR": 3 }, "geometry": { "type": "MultiPolygon", "coordinates": [ [ [ [ 110.440104214557451, -7.858260782872549 ], [ 110.441002529841569, -7.858260782872549 ], [ 110.441002529841569, -7.859156546623087 ], [ 110.440104214557451, -7.859156546623087 ], [ 110.440104214557451, -7.858260782872549 ] ] ] ] } },
{ "type": "Feature", "properties": { "Kelas": "Sedang", "SKOR_LONGSOR": 3 }, "geometry": { "type": "MultiPolygon", "coordinates": [ [ [ [ 110.441900845125701, -7.858260782872549 ], [ 110.444595790978042, -7.858260782872549 ], [ 110.444595790978042, -7.859156546623087 ], [ 110.441900845125701, -7.859156546623087 ], [ 110.441900845125701, -7.858260782872549 ] ] ] ] } },
{ "type": "Feature", "properties": { "Kelas": "Cukup Tinggi", "SKOR_LONGSOR": 4 }, "geometry": { "type": "MultiPolygon", "coordinates": [ [ [ [ 110.448189052114529, -7.857365017163728 ], [ 110.449087367398647, -7.857365017163728 ], [ 110.449087367398647, -7.859156546623087 ], [ 110.448189052114529, -7.859156546623087 ], [ 110.448189052114529, -7.860052308415138 ], [ 110.447290736830411, -7.860052308415138 ], [ 110.447290736830411, -7.858260782872549 ], [ 110.448189052114529, -7.858260782872549 ], [ 110.448189052114529, -7.857365017163728 ] ] ] ] } },
{ "type": "Feature", "properties": { "Kelas": "Cukup Tinggi", "SKOR_LONGSOR": 4 }, "geometry": { "type": "MultiPolygon", "coordinates": [ [ [ [ 110.460765466092212, -7.858260782872549 ], [ 110.462562096660449, -7.858260782872549 ], [ 110.462562096660449, -7.859156546623087 ], [ 110.461663781376316, -7.859156546623087 ], [ 110.461663781376316, -7.860052308415138 ], [ 110.460765466092212, -7.860052308415138 ], [ 110.460765466092212, -7.858260782872549 ] ] ] ] } },
{ "type": "Feature", "properties": { "Kelas": "Sangat Rendah", "SKOR_LONGSOR": 1 }, "geometry": { "type": "MultiPolygon", "coordinates": [ [ [ [ 110.462562096660449, -7.858260782872549 ], [ 110.463460411944567, -7.858260782872549 ], [ 110.463460411944567, -7.859156546623087 ], [ 110.462562096660449, -7.859156546623087 ], [ 110.462562096660449, -7.858260782872549 ] ] ] ] } },
{ "type": "Feature", "properties": { "Kelas": "Cukup Rendah", "SKOR_LONGSOR": 2 }, "geometry": { "type": "MultiPolygon", "coordinates": [ [ [ [ 110.432019377000373, -7.859156546623087 ], [ 110.432917692284505, -7.859156546623087 ], [ 110.432917692284505, -7.860052308415138 ], [ 110.432019377000373, -7.860052308415138 ], [ 110.432019377000373, -7.859156546623087 ] ] ] ] } },
{ "type": "Feature", "properties": { "Kelas": "Cukup Rendah", "SKOR_LONGSOR": 2 }, "geometry": { "type": "MultiPolygon", "coordinates": [ [ [ [ 110.438307583989214, -7.859156546623087 ], [ 110.439205899273333, -7.859156546623087 ], [ 110.439205899273333, -7.860052308415138 ], [ 110.438307583989214, -7.860052308415138 ], [ 110.438307583989214, -7.859156546623087 ] ] ] ] } },
{ "type": "Feature", "properties": { "Kelas": "Cukup Tinggi", "SKOR_LONGSOR": 4 }, "geometry": { "type": "MultiPolygon", "coordinates": [ [ [ [ 110.441900845125701, -7.859156546623087 ], [ 110.442799160409805, -7.859156546623087 ], [ 110.442799160409805, -7.860052308415138 ], [ 110.441900845125701, -7.860052308415138 ], [ 110.441900845125701, -7.859156546623087 ] ] ] ] } },
{ "type": "Feature", "properties": { "Kelas": "Sedang", "SKOR_LONGSOR": 3 }, "geometry": { "type": "MultiPolygon", "coordinates": [ [ [ [ 110.450883997966883, -7.859156546623087 ], [ 110.451782313251016, -7.859156546623087 ], [ 110.451782313251016, -7.860052308415138 ], [ 110.450883997966883, -7.860052308415138 ], [ 110.450883997966883, -7.859156546623087 ] ] ] ] } },
{ "type": "Feature", "properties": { "Kelas": "Sedang", "SKOR_LONGSOR": 3 }, "geometry": { "type": "MultiPolygon", "coordinates": [ [ [ [ 110.452680628535134, -7.859156546623087 ], [ 110.453578943819252, -7.859156546623087 ], [ 110.453578943819252, -7.860052308415138 ], [ 110.452680628535134, -7.860052308415138 ], [ 110.452680628535134, -7.859156546623087 ] ] ] ] } },
{ "type": "Feature", "properties": { "Kelas": "Sedang", "SKOR_LONGSOR": 3 }, "geometry": { "type": "MultiPolygon", "coordinates": [ [ [ [ 110.454477259103371, -7.859156546623087 ], [ 110.455375574387489, -7.859156546623087 ], [ 110.455375574387489, -7.860052308415138 ], [ 110.454477259103371, -7.860052308415138 ], [ 110.454477259103371, -7.859156546623087 ] ] ] ] } },
{ "type": "Feature", "properties": { "Kelas": "Cukup Tinggi", "SKOR_LONGSOR": 4 }, "geometry": { "type": "MultiPolygon", "coordinates": [ [ [ [ 110.462562096660449, -7.859156546623087 ], [ 110.463460411944567, -7.859156546623087 ], [ 110.463460411944567, -7.860052308415138 ], [ 110.462562096660449, -7.860052308415138 ], [ 110.462562096660449, -7.859156546623087 ] ] ] ] } },
{ "type": "Feature", "properties": { "Kelas": "Cukup Tinggi", "SKOR_LONGSOR": 4 }, "geometry": { "type": "MultiPolygon", "coordinates": [ [ [ [ 110.465257042512803, -7.859156546623087 ], [ 110.466155357796922, -7.859156546623087 ], [ 110.466155357796922, -7.860052308415138 ], [ 110.465257042512803, -7.860052308415138 ], [ 110.465257042512803, -7.859156546623087 ] ] ] ] } },
{ "type": "Feature", "properties": { "Kelas": "Cukup Tinggi", "SKOR_LONGSOR": 4 }, "geometry": { "type": "MultiPolygon", "coordinates": [ [ [ [ 110.432917692284505, -7.859156546623087 ], [ 110.434714322852741, -7.859156546623087 ], [ 110.434714322852741, -7.86184382612289 ], [ 110.43561263813686, -7.86184382612289 ], [ 110.43561263813686, -7.862739582038158 ], [ 110.433816007568609, -7.862739582038158 ], [ 110.433816007568609, -7.864531087990386 ], [ 110.432917692284505, -7.864531087990386 ], [ 110.432917692284505, -7.863635335994061 ], [ 110.432019377000373, -7.863635335994061 ], [ 110.432019377000373, -7.860052308415138 ], [ 110.432917692284505, -7.860052308415138 ], [ 110.432917692284505, -7.859156546623087 ] ] ] ] } },
{ "type": "Feature", "properties": { "Kelas": "Cukup Tinggi", "SKOR_LONGSOR": 4 }, "geometry": { "type": "MultiPolygon", "coordinates": [ [ [ [ 110.442799160409805, -7.86094806824848 ], [ 110.444595790978042, -7.86094806824848 ], [ 110.444595790978042, -7.86184382612289 ], [ 110.443697475693938, -7.86184382612289 ], [ 110.443697475693938, -7.862739582038158 ], [ 110.442799160409805, -7.862739582038158 ], [ 110.442799160409805, -7.86094806824848 ] ] ] ] } },
{ "type": "Feature", "properties": { "Kelas": "Cukup Tinggi", "SKOR_LONGSOR": 4 }, "geometry": { "type": "MultiPolygon", "coordinates": [ [ [ [ 110.446392421546292, -7.860052308415138 ], [ 110.447290736830411, -7.860052308415138 ], [ 110.447290736830411, -7.86184382612289 ], [ 110.445494106262174, -7.86184382612289 ], [ 110.445494106262174, -7.86094806824848 ], [ 110.446392421546292, -7.86094806824848 ], [ 110.446392421546292, -7.860052308415138 ] ] ] ] } },
{ "type": "Feature", "properties": { "Kelas": "Sedang", "SKOR_LONGSOR": 3 }, "geometry": { "type": "MultiPolygon", "coordinates": [ [ [ [ 110.449985682682765, -7.86094806824848 ], [ 110.450883997966883, -7.86094806824848 ], [ 110.450883997966883, -7.86184382612289 ], [ 110.449985682682765, -7.86184382612289 ], [ 110.449985682682765, -7.86094806824848 ] ] ] ] } },
{ "type": "Feature", "properties": { "Kelas": "Sedang", "SKOR_LONGSOR": 3 }, "geometry": { "type": "MultiPolygon", "coordinates": [ [ [ [ 110.456273889671607, -7.86094806824848 ], [ 110.457172204955739, -7.86094806824848 ], [ 110.457172204955739, -7.86184382612289 ], [ 110.456273889671607, -7.86184382612289 ], [ 110.456273889671607, -7.86094806824848 ] ] ] ] } },
{ "type": "Feature", "properties": { "Kelas": "Cukup Tinggi", "SKOR_LONGSOR": 4 }, "geometry": { "type": "MultiPolygon", "coordinates": [ [ [ [ 110.457172204955739, -7.86094806824848 ], [ 110.458968835523976, -7.86094806824848 ], [ 110.458968835523976, -7.86184382612289 ], [ 110.458070520239843, -7.86184382612289 ], [ 110.458070520239843, -7.862739582038158 ], [ 110.457172204955739, -7.862739582038158 ], [ 110.457172204955739, -7.86094806824848 ] ] ] ] } },
{ "type": "Feature", "properties": { "Kelas": "Cukup Tinggi", "SKOR_LONGSOR": 4 }, "geometry": { "type": "MultiPolygon", "coordinates": [ [ [ [ 110.4723432, -7.8613229 ], [ 110.472119, -7.8612481 ], [ 110.4718559, -7.8612149 ], [ 110.4715897, -7.8612593 ], [ 110.471545249501645, -7.861275563330971 ], [ 110.471545249501645, -7.86094806824848 ], [ 110.472443564785749, -7.86094806824848 ], [ 110.472443564785749, -7.86131890012077 ], [ 110.4723432, -7.8613229 ] ] ] ] } },
{ "type": "Feature", "properties": { "Kelas": "Sedang", "SKOR_LONGSOR": 3 }, "geometry": { "type": "MultiPolygon", "coordinates": [ [ [ [ 110.431121061716269, -7.86184382612289 ], [ 110.432019377000373, -7.86184382612289 ], [ 110.432019377000373, -7.862739582038158 ], [ 110.431121061716269, -7.862739582038158 ], [ 110.431121061716269, -7.86184382612289 ] ] ] ] } },
{ "type": "Feature", "properties": { "Kelas": "Sedang", "SKOR_LONGSOR": 3 }, "geometry": { "type": "MultiPolygon", "coordinates": [ [ [ [ 110.443697475693938, -7.86184382612289 ], [ 110.444595790978042, -7.86184382612289 ], [ 110.444595790978042, -7.862739582038158 ], [ 110.443697475693938, -7.862739582038158 ], [ 110.443697475693938, -7.86184382612289 ] ] ] ] } },
{ "type": "Feature", "properties": { "Kelas": "Sedang", "SKOR_LONGSOR": 3 }, "geometry": { "type": "MultiPolygon", "coordinates": [ [ [ [ 110.445494106262174, -7.86184382612289 ], [ 110.446392421546292, -7.86184382612289 ], [ 110.446392421546292, -7.862739582038158 ], [ 110.445494106262174, -7.862739582038158 ], [ 110.445494106262174, -7.86184382612289 ] ] ] ] } },
{ "type": "Feature", "properties": { "Kelas": "Sedang", "SKOR_LONGSOR": 3 }, "geometry": { "type": "MultiPolygon", "coordinates": [ [ [ [ 110.448189052114529, -7.86184382612289 ], [ 110.449087367398647, -7.86184382612289 ], [ 110.449087367398647, -7.862739582038158 ], [ 110.448189052114529, -7.862739582038158 ], [ 110.448189052114529, -7.86184382612289 ] ] ] ] } },
{ "type": "Feature", "properties": { "Kelas": "Sedang", "SKOR_LONGSOR": 3 }, "geometry": { "type": "MultiPolygon", "coordinates": [ [ [ [ 110.454477259103371, -7.86184382612289 ], [ 110.456273889671607, -7.86184382612289 ], [ 110.456273889671607, -7.862739582038158 ], [ 110.454477259103371, -7.862739582038158 ], [ 110.454477259103371, -7.86184382612289 ] ] ] ] } },
{ "type": "Feature", "properties": { "Kelas": "Cukup Rendah", "SKOR_LONGSOR": 2 }, "geometry": { "type": "MultiPolygon", "coordinates": [ [ [ [ 110.456273889671607, -7.86184382612289 ], [ 110.457172204955739, -7.86184382612289 ], [ 110.457172204955739, -7.862739582038158 ], [ 110.456273889671607, -7.862739582038158 ], [ 110.456273889671607, -7.86184382612289 ] ] ] ] } },
{ "type": "Feature", "properties": { "Kelas": "Cukup Tinggi", "SKOR_LONGSOR": 4 }, "geometry": { "type": "MultiPolygon", "coordinates": [ [ [ [ 110.440104214557451, -7.862739582038158 ], [ 110.441900845125701, -7.862739582038158 ], [ 110.441900845125701, -7.863635335994061 ], [ 110.440104214557451, -7.863635335994061 ], [ 110.440104214557451, -7.862739582038158 ] ] ] ] } },
{ "type": "Feature", "properties": { "Kelas": "Cukup Rendah", "SKOR_LONGSOR": 2 }, "geometry": { "type": "MultiPolygon", "coordinates": [ [ [ [ 110.457172204955739, -7.862739582038158 ], [ 110.458070520239843, -7.862739582038158 ], [ 110.458070520239843, -7.863635335994061 ], [ 110.457172204955739, -7.863635335994061 ], [ 110.457172204955739, -7.862739582038158 ] ] ] ] } },
{ "type": "Feature", "properties": { "Kelas": "Cukup Tinggi", "SKOR_LONGSOR": 4 }, "geometry": { "type": "MultiPolygon", "coordinates": [ [ [ [ 110.458070520239843, -7.862739582038158 ], [ 110.458968835523976, -7.862739582038158 ], [ 110.458968835523976, -7.863635335994061 ], [ 110.458070520239843, -7.863635335994061 ], [ 110.458070520239843, -7.862739582038158 ] ] ] ] } },
{ "type": "Feature", "properties": { "Kelas": "Cukup Tinggi", "SKOR_LONGSOR": 4 }, "geometry": { "type": "MultiPolygon", "coordinates": [ [ [ [ 110.4696887, -7.8628373 ], [ 110.4695418, -7.8631324 ], [ 110.4694099, -7.8633737 ], [ 110.469282211204231, -7.863635335994061 ], [ 110.468850303649276, -7.863635335994061 ], [ 110.468850303649276, -7.862739582038158 ], [ 110.469748618933409, -7.862739582038158 ], [ 110.469748618933409, -7.862745138071874 ], [ 110.4696887, -7.8628373 ] ] ] ] } },
{ "type": "Feature", "properties": { "Kelas": "Cukup Tinggi", "SKOR_LONGSOR": 4 }, "geometry": { "type": "MultiPolygon", "coordinates": [ [ [ [ 110.467951988365172, -7.863635335994061 ], [ 110.468850303649276, -7.863635335994061 ], [ 110.468850303649276, -7.864531087990386 ], [ 110.467951988365172, -7.864531087990386 ], [ 110.467951988365172, -7.863635335994061 ] ] ] ] } },
{ "type": "Feature", "properties": { "Kelas": "Cukup Tinggi", "SKOR_LONGSOR": 4 }, "geometry": { "type": "MultiPolygon", "coordinates": [ [ [ [ 110.432019377000373, -7.864531087990386 ], [ 110.432917692284505, -7.864531087990386 ], [ 110.432917692284505, -7.865426838026917 ], [ 110.432019377000373, -7.865426838026917 ], [ 110.432019377000373, -7.864531087990386 ] ] ] ] } },
{ "type": "Feature", "properties": { "Kelas": "Cukup Tinggi", "SKOR_LONGSOR": 4 }, "geometry": { "type": "MultiPolygon", "coordinates": [ [ [ [ 110.436510953420978, -7.862739582038158 ], [ 110.437409268705096, -7.862739582038158 ], [ 110.437409268705096, -7.864531087990386 ], [ 110.436510953420978, -7.864531087990386 ], [ 110.436510953420978, -7.865426838026917 ], [ 110.43561263813686, -7.865426838026917 ], [ 110.43561263813686, -7.86632258610343 ], [ 110.434714322852741, -7.86632258610343 ], [ 110.434714322852741, -7.864531087990386 ], [ 110.43561263813686, -7.864531087990386 ], [ 110.43561263813686, -7.863635335994061 ], [ 110.436510953420978, -7.863635335994061 ], [ 110.436510953420978, -7.862739582038158 ] ] ] ] } },
{ "type": "Feature", "properties": { "Kelas": "Cukup Tinggi", "SKOR_LONGSOR": 4 }, "geometry": { "type": "MultiPolygon", "coordinates": [ [ [ [ 110.451782313251016, -7.859156546623087 ], [ 110.452680628535134, -7.859156546623087 ], [ 110.452680628535134, -7.86184382612289 ], [ 110.453578943819252, -7.86184382612289 ], [ 110.453578943819252, -7.862739582038158 ], [ 110.454477259103371, -7.862739582038158 ], [ 110.454477259103371, -7.864531087990386 ], [ 110.453578943819252, -7.864531087990386 ], [ 110.453578943819252, -7.865426838026917 ], [ 110.452680628535134, -7.865426838026917 ], [ 110.452680628535134, -7.86632258610343 ], [ 110.450883997966883, -7.86632258610343 ], [ 110.450883997966883, -7.865426838026917 ], [ 110.449985682682765, -7.865426838026917 ], [ 110.449985682682765, -7.86632258610343 ], [ 110.449087367398647, -7.86632258610343 ], [ 110.449087367398647, -7.865426838026917 ], [ 110.445494106262174, -7.865426838026917 ], [ 110.445494106262174, -7.864531087990386 ], [ 110.446392421546292, -7.864531087990386 ], [ 110.446392421546292, -7.863635335994061 ], [ 110.447290736830411, -7.863635335994061 ], [ 110.447290736830411, -7.862739582038158 ], [ 110.449087367398647, -7.862739582038158 ], [ 110.449087367398647, -7.86184382612289 ], [ 110.450883997966883, -7.86184382612289 ], [ 110.450883997966883, -7.860052308415138 ], [ 110.451782313251016, -7.860052308415138 ], [ 110.451782313251016, -7.859156546623087 ] ] ] ] } },
{ "type": "Feature", "properties": { "Kelas": "Sedang", "SKOR_LONGSOR": 3 }, "geometry": { "type": "MultiPolygon", "coordinates": [ [ [ [ 110.455375574387489, -7.864531087990386 ], [ 110.456273889671607, -7.864531087990386 ], [ 110.456273889671607, -7.865426838026917 ], [ 110.455375574387489, -7.865426838026917 ], [ 110.455375574387489, -7.864531087990386 ] ] ] ] } },
{ "type": "Feature", "properties": { "Kelas": "Cukup Tinggi", "SKOR_LONGSOR": 4 }, "geometry": { "type": "MultiPolygon", "coordinates": [ [ [ [ 110.466155357796922, -7.864531087990386 ], [ 110.467951988365172, -7.864531087990386 ], [ 110.467951988365172, -7.865426838026917 ], [ 110.466155357796922, -7.865426838026917 ], [ 110.466155357796922, -7.864531087990386 ] ] ] ] } },
{ "type": "Feature", "properties": { "Kelas": "Sedang", "SKOR_LONGSOR": 3 }, "geometry": { "type": "MultiPolygon", "coordinates": [ [ [ [ 110.447290736830411, -7.865426838026917 ], [ 110.448189052114529, -7.865426838026917 ], [ 110.448189052114529, -7.86632258610343 ], [ 110.447290736830411, -7.86632258610343 ], [ 110.447290736830411, -7.865426838026917 ] ] ] ] } },
{ "type": "Feature", "properties": { "Kelas": "Cukup Rendah", "SKOR_LONGSOR": 2 }, "geometry": { "type": "MultiPolygon", "coordinates": [ [ [ [ 110.448189052114529, -7.865426838026917 ], [ 110.449087367398647, -7.865426838026917 ], [ 110.449087367398647, -7.86632258610343 ], [ 110.448189052114529, -7.86632258610343 ], [ 110.448189052114529, -7.865426838026917 ] ] ] ] } },
{ "type": "Feature", "properties": { "Kelas": "Sedang", "SKOR_LONGSOR": 3 }, "geometry": { "type": "MultiPolygon", "coordinates": [ [ [ [ 110.452680628535134, -7.865426838026917 ], [ 110.453578943819252, -7.865426838026917 ], [ 110.453578943819252, -7.86632258610343 ], [ 110.452680628535134, -7.86632258610343 ], [ 110.452680628535134, -7.865426838026917 ] ] ] ] } },
{ "type": "Feature", "properties": { "Kelas": "Cukup Tinggi", "SKOR_LONGSOR": 4 }, "geometry": { "type": "MultiPolygon", "coordinates": [ [ [ [ 110.456273889671607, -7.862739582038158 ], [ 110.457172204955739, -7.862739582038158 ], [ 110.457172204955739, -7.867218332219712 ], [ 110.454477259103371, -7.867218332219712 ], [ 110.454477259103371, -7.865426838026917 ], [ 110.456273889671607, -7.865426838026917 ], [ 110.456273889671607, -7.862739582038158 ] ] ] ] } },
{ "type": "Feature", "properties": { "Kelas": "Cukup Tinggi", "SKOR_LONGSOR": 4 }, "geometry": { "type": "MultiPolygon", "coordinates": [ [ [ [ 110.461663781376316, -7.865426838026917 ], [ 110.464358727228685, -7.865426838026917 ], [ 110.464358727228685, -7.867218332219712 ], [ 110.463460411944567, -7.867218332219712 ], [ 110.463460411944567, -7.86632258610343 ], [ 110.461663781376316, -7.86632258610343 ], [ 110.461663781376316, -7.865426838026917 ] ] ] ] } },
{ "type": "Feature", "properties": { "Kelas": "Sedang", "SKOR_LONGSOR": 3 }, "geometry": { "type": "MultiPolygon", "coordinates": [ [ [ [ 110.464358727228685, -7.865426838026917 ], [ 110.465257042512803, -7.865426838026917 ], [ 110.465257042512803, -7.86632258610343 ], [ 110.464358727228685, -7.86632258610343 ], [ 110.464358727228685, -7.865426838026917 ] ] ] ] } },
{ "type": "Feature", "properties": { "Kelas": "Sangat Rendah", "SKOR_LONGSOR": 1 }, "geometry": { "type": "MultiPolygon", "coordinates": [ [ [ [ 110.427527800579782, -7.86632258610343 ], [ 110.4284261158639, -7.86632258610343 ], [ 110.4284261158639, -7.867218332219712 ], [ 110.427527800579782, -7.867218332219712 ], [ 110.427527800579782, -7.86632258610343 ] ] ] ] } },
{ "type": "Feature", "properties": { "Kelas": "Sedang", "SKOR_LONGSOR": 3 }, "geometry": { "type": "MultiPolygon", "coordinates": [ [ [ [ 110.4284261158639, -7.86632258610343 ], [ 110.429324431148018, -7.86632258610343 ], [ 110.429324431148018, -7.867218332219712 ], [ 110.4284261158639, -7.867218332219712 ], [ 110.4284261158639, -7.86632258610343 ] ] ] ] } },
{ "type": "Feature", "properties": { "Kelas": "Tinggi", "SKOR_LONGSOR": 0 }, "geometry": { "type": "MultiPolygon", "coordinates": [ [ [ [ 110.445494106262174, -7.865426838026917 ], [ 110.447290736830411, -7.865426838026917 ], [ 110.447290736830411, -7.86632258610343 ], [ 110.446392421546292, -7.86632258610343 ], [ 110.446392421546292, -7.867218332219712 ], [ 110.444595790978042, -7.867218332219712 ], [ 110.444595790978042, -7.86632258610343 ], [ 110.445494106262174, -7.86632258610343 ], [ 110.445494106262174, -7.865426838026917 ] ] ] ] } },
{ "type": "Feature", "properties": { "Kelas": "Cukup Rendah", "SKOR_LONGSOR": 2 }, "geometry": { "type": "MultiPolygon", "coordinates": [ [ [ [ 110.447290736830411, -7.86632258610343 ], [ 110.448189052114529, -7.86632258610343 ], [ 110.448189052114529, -7.867218332219712 ], [ 110.447290736830411, -7.867218332219712 ], [ 110.447290736830411, -7.86632258610343 ] ] ] ] } },
{ "type": "Feature", "properties": { "Kelas": "Cukup Tinggi", "SKOR_LONGSOR": 4 }, "geometry": { "type": "MultiPolygon", "coordinates": [ [ [ [ 110.448189052114529, -7.86632258610343 ], [ 110.449087367398647, -7.86632258610343 ], [ 110.449087367398647, -7.867218332219712 ], [ 110.448189052114529, -7.867218332219712 ], [ 110.448189052114529, -7.86632258610343 ] ] ] ] } },
{ "type": "Feature", "properties": { "Kelas": "Sedang", "SKOR_LONGSOR": 3 }, "geometry": { "type": "MultiPolygon", "coordinates": [ [ [ [ 110.449087367398647, -7.86632258610343 ], [ 110.449985682682765, -7.86632258610343 ], [ 110.449985682682765, -7.867218332219712 ], [ 110.449087367398647, -7.867218332219712 ], [ 110.449087367398647, -7.86632258610343 ] ] ] ] } },
{ "type": "Feature", "properties": { "Kelas": "Sedang", "SKOR_LONGSOR": 3 }, "geometry": { "type": "MultiPolygon", "coordinates": [ [ [ [ 110.461663781376316, -7.86632258610343 ], [ 110.462562096660449, -7.86632258610343 ], [ 110.462562096660449, -7.867218332219712 ], [ 110.461663781376316, -7.867218332219712 ], [ 110.461663781376316, -7.86632258610343 ] ] ] ] } },
{ "type": "Feature", "properties": { "Kelas": "Cukup Rendah", "SKOR_LONGSOR": 2 }, "geometry": { "type": "MultiPolygon", "coordinates": [ [ [ [ 110.473341880069881, -7.855881406423564 ], [ 110.473341880069881, -7.855573479872135 ], [ 110.473415309414236, -7.855573479872135 ], [ 110.473341880069881, -7.855881406423564 ] ] ] ] } },
{ "type": "Feature", "properties": { "Kelas": "Sedang", "SKOR_LONGSOR": 3 }, "geometry": { "type": "MultiPolygon", "coordinates": [ [ [ [ 110.447290736830411, -7.867218332219712 ], [ 110.448189052114529, -7.867218332219712 ], [ 110.448189052114529, -7.868114076375545 ], [ 110.447290736830411, -7.868114076375545 ], [ 110.447290736830411, -7.867218332219712 ] ] ] ] } },
{ "type": "Feature", "properties": { "Kelas": "Cukup Tinggi", "SKOR_LONGSOR": 4 }, "geometry": { "type": "MultiPolygon", "coordinates": [ [ [ [ 110.460765466092212, -7.867218332219712 ], [ 110.461663781376316, -7.867218332219712 ], [ 110.461663781376316, -7.868114076375545 ], [ 110.460765466092212, -7.868114076375545 ], [ 110.460765466092212, -7.867218332219712 ] ] ] ] } },
{ "type": "Feature", "properties": { "Kelas": "Sedang", "SKOR_LONGSOR": 3 }, "geometry": { "type": "MultiPolygon", "coordinates": [ [ [ [ 110.463460411944567, -7.867218332219712 ], [ 110.464358727228685, -7.867218332219712 ], [ 110.464358727228685, -7.868114076375545 ], [ 110.463460411944567, -7.868114076375545 ], [ 110.463460411944567, -7.867218332219712 ] ] ] ] } },
{ "type": "Feature", "properties": { "Kelas": "Cukup Rendah", "SKOR_LONGSOR": 2 }, "geometry": { "type": "MultiPolygon", "coordinates": [ [ [ [ 110.424832854727427, -7.864531087990386 ], [ 110.426629485295663, -7.864531087990386 ], [ 110.426629485295663, -7.865426838026917 ], [ 110.429324431148018, -7.865426838026917 ], [ 110.429324431148018, -7.86632258610343 ], [ 110.427527800579782, -7.86632258610343 ], [ 110.427527800579782, -7.867218332219712 ], [ 110.429324431148018, -7.867218332219712 ], [ 110.429324431148018, -7.869009818570711 ], [ 110.430222746432136, -7.869009818570711 ], [ 110.430222746432136, -7.869905558804994 ], [ 110.431121061716269, -7.869905558804994 ], [ 110.431121061716269, -7.870801297078176 ], [ 110.430222746432136, -7.870801297078176 ], [ 110.430222746432136, -7.871697033390041 ], [ 110.4284261158639, -7.871697033390041 ], [ 110.4284261158639, -7.870801297078176 ], [ 110.426629485295663, -7.870801297078176 ], [ 110.426629485295663, -7.867218332219712 ], [ 110.425731170011545, -7.867218332219712 ], [ 110.425731170011545, -7.868114076375545 ], [ 110.423934539443309, -7.868114076375545 ], [ 110.423934539443309, -7.86632258610343 ], [ 110.424832854727427, -7.86632258610343 ], [ 110.424832854727427, -7.864531087990386 ] ] ] ] } },
{ "type": "Feature", "properties": { "Kelas": "Sangat Rendah", "SKOR_LONGSOR": 1 }, "geometry": { "type": "MultiPolygon", "coordinates": [ [ [ [ 110.425731170011545, -7.867218332219712 ], [ 110.426629485295663, -7.867218332219712 ], [ 110.426629485295663, -7.869009818570711 ], [ 110.424832854727427, -7.869009818570711 ], [ 110.424832854727427, -7.868114076375545 ], [ 110.425731170011545, -7.868114076375545 ], [ 110.425731170011545, -7.867218332219712 ] ] ] ] } },
{ "type": "Feature", "properties": { "Kelas": "Tinggi", "SKOR_LONGSOR": 0 }, "geometry": { "type": "MultiPolygon", "coordinates": [ [ [ [ 110.450883997966883, -7.846615675991562 ], [ 110.451782313251016, -7.846615675991562 ], [ 110.451782313251016, -7.847511465182728 ], [ 110.453578943819252, -7.847511465182728 ], [ 110.453578943819252, -7.849303037697842 ], [ 110.452680628535134, -7.849303037697842 ], [ 110.452680628535134, -7.852886159253115 ], [ 110.451782313251016, -7.852886159253115 ], [ 110.451782313251016, -7.853781934750049 ], [ 110.450883997966883, -7.853781934750049 ], [ 110.450883997966883, -7.854677708289795 ], [ 110.449985682682765, -7.854677708289795 ], [ 110.449985682682765, -7.857365017163728 ], [ 110.448189052114529, -7.857365017163728 ], [ 110.448189052114529, -7.858260782872549 ], [ 110.447290736830411, -7.858260782872549 ], [ 110.447290736830411, -7.860052308415138 ], [ 110.446392421546292, -7.860052308415138 ], [ 110.446392421546292, -7.86094806824848 ], [ 110.445494106262174, -7.86094806824848 ], [ 110.445494106262174, -7.862739582038158 ], [ 110.444595790978042, -7.862739582038158 ], [ 110.444595790978042, -7.86094806824848 ], [ 110.442799160409805, -7.86094806824848 ], [ 110.442799160409805, -7.862739582038158 ], [ 110.440104214557451, -7.862739582038158 ], [ 110.440104214557451, -7.863635335994061 ], [ 110.437409268705096, -7.863635335994061 ], [ 110.437409268705096, -7.862739582038158 ], [ 110.436510953420978, -7.862739582038158 ], [ 110.436510953420978, -7.863635335994061 ], [ 110.43561263813686, -7.863635335994061 ], [ 110.43561263813686, -7.864531087990386 ], [ 110.434714322852741, -7.864531087990386 ], [ 110.434714322852741, -7.86632258610343 ], [ 110.433816007568609, -7.86632258610343 ], [ 110.433816007568609, -7.867218332219712 ], [ 110.432917692284505, -7.867218332219712 ], [ 110.432917692284505, -7.868114076375545 ], [ 110.432019377000373, -7.868114076375545 ], [ 110.432019377000373, -7.870801297078176 ], [ 110.431121061716269, -7.870801297078176 ], [ 110.431121061716269, -7.869009818570711 ], [ 110.430222746432136, -7.869009818570711 ], [ 110.430222746432136, -7.868114076375545 ], [ 110.431121061716269, -7.868114076375545 ], [ 110.431121061716269, -7.867218332219712 ], [ 110.432019377000373, -7.867218332219712 ], [ 110.432019377000373, -7.86632258610343 ], [ 110.431121061716269, -7.86632258610343 ], [ 110.431121061716269, -7.865426838026917 ], [ 110.432917692284505, -7.865426838026917 ], [ 110.432917692284505, -7.864531087990386 ], [ 110.433816007568609, -7.864531087990386 ], [ 110.433816007568609, -7.862739582038158 ], [ 110.43561263813686, -7.862739582038158 ], [ 110.43561263813686, -7.86184382612289 ], [ 110.434714322852741, -7.86184382612289 ], [ 110.434714322852741, -7.860052308415138 ], [ 110.437409268705096, -7.860052308415138 ], [ 110.437409268705096, -7.859156546623087 ], [ 110.438307583989214, -7.859156546623087 ], [ 110.438307583989214, -7.860052308415138 ], [ 110.439205899273333, -7.860052308415138 ], [ 110.439205899273333, -7.859156546623087 ], [ 110.441900845125701, -7.859156546623087 ], [ 110.441900845125701, -7.860052308415138 ], [ 110.442799160409805, -7.860052308415138 ], [ 110.442799160409805, -7.859156546623087 ], [ 110.445494106262174, -7.859156546623087 ], [ 110.445494106262174, -7.857365017163728 ], [ 110.446392421546292, -7.857365017163728 ], [ 110.446392421546292, -7.856469249496853 ], [ 110.447290736830411, -7.856469249496853 ], [ 110.447290736830411, -7.854677708289795 ], [ 110.448189052114529, -7.854677708289795 ], [ 110.448189052114529, -7.851990381799212 ], [ 110.449985682682765, -7.851990381799212 ], [ 110.449985682682765, -7.849303037697842 ], [ 110.450883997966883, -7.849303037697842 ], [ 110.450883997966883, -7.846615675991562 ] ] ] ] } },
{ "type": "Feature", "properties": { "Kelas": "Cukup Rendah", "SKOR_LONGSOR": 2 }, "geometry": { "type": "MultiPolygon", "coordinates": [ [ [ [ 110.445494106262174, -7.868114076375545 ], [ 110.447290736830411, -7.868114076375545 ], [ 110.447290736830411, -7.869009818570711 ], [ 110.445494106262174, -7.869009818570711 ], [ 110.445494106262174, -7.868114076375545 ] ] ] ] } },
{ "type": "Feature", "properties": { "Kelas": "Cukup Tinggi", "SKOR_LONGSOR": 4 }, "geometry": { "type": "MultiPolygon", "coordinates": [ [ [ [ 110.447290736830411, -7.868114076375545 ], [ 110.448189052114529, -7.868114076375545 ], [ 110.448189052114529, -7.869009818570711 ], [ 110.447290736830411, -7.869009818570711 ], [ 110.447290736830411, -7.868114076375545 ] ] ] ] } },
{ "type": "Feature", "properties": { "Kelas": "Sangat Rendah", "SKOR_LONGSOR": 1 }, "geometry": { "type": "MultiPolygon", "coordinates": [ [ [ [ 110.423934539443309, -7.869009818570711 ], [ 110.424832854727427, -7.869009818570711 ], [ 110.424832854727427, -7.869905558804994 ], [ 110.423934539443309, -7.869905558804994 ], [ 110.423934539443309, -7.869009818570711 ] ] ] ] } },
{ "type": "Feature", "properties": { "Kelas": "Sedang", "SKOR_LONGSOR": 3 }, "geometry": { "type": "MultiPolygon", "coordinates": [ [ [ [ 110.430222746432136, -7.869009818570711 ], [ 110.431121061716269, -7.869009818570711 ], [ 110.431121061716269, -7.869905558804994 ], [ 110.430222746432136, -7.869905558804994 ], [ 110.430222746432136, -7.869009818570711 ] ] ] ] } },
{ "type": "Feature", "properties": { "Kelas": "Sedang", "SKOR_LONGSOR": 3 }, "geometry": { "type": "MultiPolygon", "coordinates": [ [ [ [ 110.441900845125701, -7.869009818570711 ], [ 110.442799160409805, -7.869009818570711 ], [ 110.442799160409805, -7.869905558804994 ], [ 110.441900845125701, -7.869905558804994 ], [ 110.441900845125701, -7.869009818570711 ] ] ] ] } },
{ "type": "Feature", "properties": { "Kelas": "Sedang", "SKOR_LONGSOR": 3 }, "geometry": { "type": "MultiPolygon", "coordinates": [ [ [ [ 110.451782313251016, -7.869009818570711 ], [ 110.452680628535134, -7.869009818570711 ], [ 110.452680628535134, -7.869905558804994 ], [ 110.451782313251016, -7.869905558804994 ], [ 110.451782313251016, -7.869009818570711 ] ] ] ] } },
{ "type": "Feature", "properties": { "Kelas": "Sangat Rendah", "SKOR_LONGSOR": 1 }, "geometry": { "type": "MultiPolygon", "coordinates": [ [ [ [ 110.463460411944567, -7.869009818570711 ], [ 110.464358727228685, -7.869009818570711 ], [ 110.464358727228685, -7.869905558804994 ], [ 110.463460411944567, -7.869905558804994 ], [ 110.463460411944567, -7.869009818570711 ] ] ] ] } },
{ "type": "Feature", "properties": { "Kelas": "Sangat Rendah", "SKOR_LONGSOR": 1 }, "geometry": { "type": "MultiPolygon", "coordinates": [ [ [ [ 110.422137908875072, -7.869905558804994 ], [ 110.423934539443309, -7.869905558804994 ], [ 110.423934539443309, -7.870801297078176 ], [ 110.422137908875072, -7.870801297078176 ], [ 110.422137908875072, -7.869905558804994 ] ] ] ] } },
{ "type": "Feature", "properties": { "Kelas": "Cukup Rendah", "SKOR_LONGSOR": 2 }, "geometry": { "type": "MultiPolygon", "coordinates": [ [ [ [ 110.423934539443309, -7.869905558804994 ], [ 110.425731170011545, -7.869905558804994 ], [ 110.425731170011545, -7.870801297078176 ], [ 110.423934539443309, -7.870801297078176 ], [ 110.423934539443309, -7.869905558804994 ] ] ] ] } },
{ "type": "Feature", "properties": { "Kelas": "Tinggi", "SKOR_LONGSOR": 0 }, "geometry": { "type": "MultiPolygon", "coordinates": [ [ [ [ 110.434714322852741, -7.869905558804994 ], [ 110.43561263813686, -7.869905558804994 ], [ 110.43561263813686, -7.870801297078176 ], [ 110.434714322852741, -7.870801297078176 ], [ 110.434714322852741, -7.869905558804994 ] ] ] ] } },
{ "type": "Feature", "properties": { "Kelas": "Sedang", "SKOR_LONGSOR": 3 }, "geometry": { "type": "MultiPolygon", "coordinates": [ [ [ [ 110.436510953420978, -7.869905558804994 ], [ 110.437409268705096, -7.869905558804994 ], [ 110.437409268705096, -7.870801297078176 ], [ 110.436510953420978, -7.870801297078176 ], [ 110.436510953420978, -7.869905558804994 ] ] ] ] } },
{ "type": "Feature", "properties": { "Kelas": "Sangat Rendah", "SKOR_LONGSOR": 1 }, "geometry": { "type": "MultiPolygon", "coordinates": [ [ [ [ 110.460765466092212, -7.869905558804994 ], [ 110.461663781376316, -7.869905558804994 ], [ 110.461663781376316, -7.870801297078176 ], [ 110.460765466092212, -7.870801297078176 ], [ 110.460765466092212, -7.869905558804994 ] ] ] ] } },
{ "type": "Feature", "properties": { "Kelas": "Sangat Rendah", "SKOR_LONGSOR": 1 }, "geometry": { "type": "MultiPolygon", "coordinates": [ [ [ [ 110.462562096660449, -7.869905558804994 ], [ 110.463460411944567, -7.869905558804994 ], [ 110.463460411944567, -7.870801297078176 ], [ 110.462562096660449, -7.870801297078176 ], [ 110.462562096660449, -7.869905558804994 ] ] ] ] } },
{ "type": "Feature", "properties": { "Kelas": "Cukup Rendah", "SKOR_LONGSOR": 2 }, "geometry": { "type": "MultiPolygon", "coordinates": [ [ [ [ 110.42123959359094, -7.870801297078176 ], [ 110.423036224159176, -7.870801297078176 ], [ 110.423036224159176, -7.871697033390041 ], [ 110.422137908875072, -7.871697033390041 ], [ 110.422137908875072, -7.872592767740368 ], [ 110.42123959359094, -7.872592767740368 ], [ 110.42123959359094, -7.870801297078176 ] ] ] ] } },
{ "type": "Feature", "properties": { "Kelas": "Cukup Tinggi", "SKOR_LONGSOR": 4 }, "geometry": { "type": "MultiPolygon", "coordinates": [ [ [ [ 110.434714322852741, -7.869009818570711 ], [ 110.43561263813686, -7.869009818570711 ], [ 110.43561263813686, -7.868114076375545 ], [ 110.437409268705096, -7.868114076375545 ], [ 110.437409268705096, -7.867218332219712 ], [ 110.441900845125701, -7.867218332219712 ], [ 110.441900845125701, -7.869905558804994 ], [ 110.436510953420978, -7.869905558804994 ], [ 110.436510953420978, -7.870801297078176 ], [ 110.43561263813686, -7.870801297078176 ], [ 110.43561263813686, -7.871697033390041 ], [ 110.434714322852741, -7.871697033390041 ], [ 110.434714322852741, -7.872592767740368 ], [ 110.432019377000373, -7.872592767740368 ], [ 110.432019377000373, -7.871697033390041 ], [ 110.430222746432136, -7.871697033390041 ], [ 110.430222746432136, -7.870801297078176 ], [ 110.432019377000373, -7.870801297078176 ], [ 110.432019377000373, -7.868114076375545 ], [ 110.432917692284505, -7.868114076375545 ], [ 110.432917692284505, -7.867218332219712 ], [ 110.433816007568609, -7.867218332219712 ], [ 110.433816007568609, -7.86632258610343 ], [ 110.434714322852741, -7.86632258610343 ], [ 110.434714322852741, -7.869009818570711 ] ], [ [ 110.43561263813686, -7.869905558804994 ], [ 110.434714322852741, -7.869905558804994 ], [ 110.434714322852741, -7.870801297078176 ], [ 110.43561263813686, -7.870801297078176 ], [ 110.43561263813686, -7.869905558804994 ] ] ] ] } },
{ "type": "Feature", "properties": { "Kelas": "Cukup Tinggi", "SKOR_LONGSOR": 4 }, "geometry": { "type": "MultiPolygon", "coordinates": [ [ [ [ 110.442799160409805, -7.86632258610343 ], [ 110.444595790978042, -7.86632258610343 ], [ 110.444595790978042, -7.867218332219712 ], [ 110.446392421546292, -7.867218332219712 ], [ 110.446392421546292, -7.86632258610343 ], [ 110.447290736830411, -7.86632258610343 ], [ 110.447290736830411, -7.868114076375545 ], [ 110.445494106262174, -7.868114076375545 ], [ 110.445494106262174, -7.869009818570711 ], [ 110.447290736830411, -7.869009818570711 ], [ 110.447290736830411, -7.870801297078176 ], [ 110.445494106262174, -7.870801297078176 ], [ 110.445494106262174, -7.871697033390041 ], [ 110.444595790978042, -7.871697033390041 ], [ 110.444595790978042, -7.872592767740368 ], [ 110.443697475693938, -7.872592767740368 ], [ 110.443697475693938, -7.873488500128945 ], [ 110.442799160409805, -7.873488500128945 ], [ 110.442799160409805, -7.870801297078176 ], [ 110.443697475693938, -7.870801297078176 ], [ 110.443697475693938, -7.868114076375545 ], [ 110.442799160409805, -7.868114076375545 ], [ 110.442799160409805, -7.86632258610343 ] ] ] ] } },
{ "type": "Feature", "properties": { "Kelas": "Cukup Tinggi", "SKOR_LONGSOR": 4 }, "geometry": { "type": "MultiPolygon", "coordinates": [ [ [ [ 110.457172204955739, -7.870801297078176 ], [ 110.458070520239843, -7.870801297078176 ], [ 110.458070520239843, -7.871697033390041 ], [ 110.457172204955739, -7.871697033390041 ], [ 110.457172204955739, -7.870801297078176 ] ] ] ] } },
{ "type": "Feature", "properties": { "Kelas": "Sangat Rendah", "SKOR_LONGSOR": 1 }, "geometry": { "type": "MultiPolygon", "coordinates": [ [ [ [ 110.461663781376316, -7.870801297078176 ], [ 110.462562096660449, -7.870801297078176 ], [ 110.462562096660449, -7.871697033390041 ], [ 110.461663781376316, -7.871697033390041 ], [ 110.461663781376316, -7.870801297078176 ] ] ] ] } },
{ "type": "Feature", "properties": { "Kelas": "Sedang", "SKOR_LONGSOR": 3 }, "geometry": { "type": "MultiPolygon", "coordinates": [ [ [ [ 110.4690476, -7.8708638 ], [ 110.4692327, -7.871037 ], [ 110.4692744, -7.871207 ], [ 110.4693368, -7.8715023 ], [ 110.4694214, -7.8715872 ], [ 110.4695053, -7.8716227 ], [ 110.469675829541856, -7.871697033390041 ], [ 110.468850303649276, -7.871697033390041 ], [ 110.468850303649276, -7.870801297078176 ], [ 110.469000181501571, -7.870801297078176 ], [ 110.4690476, -7.8708638 ] ] ] ] } },
{ "type": "Feature", "properties": { "Kelas": "Sedang", "SKOR_LONGSOR": 3 }, "geometry": { "type": "MultiPolygon", "coordinates": [ [ [ [ 110.441900845125701, -7.871697033390041 ], [ 110.442799160409805, -7.871697033390041 ], [ 110.442799160409805, -7.872592767740368 ], [ 110.441900845125701, -7.872592767740368 ], [ 110.441900845125701, -7.871697033390041 ] ] ] ] } },
{ "type": "Feature", "properties": { "Kelas": "Cukup Tinggi", "SKOR_LONGSOR": 4 }, "geometry": { "type": "MultiPolygon", "coordinates": [ [ [ [ 110.456273889671607, -7.871697033390041 ], [ 110.457172204955739, -7.871697033390041 ], [ 110.457172204955739, -7.873488500128945 ], [ 110.456273889671607, -7.873488500128945 ], [ 110.456273889671607, -7.871697033390041 ] ] ] ] } },
{ "type": "Feature", "properties": { "Kelas": "Cukup Rendah", "SKOR_LONGSOR": 2 }, "geometry": { "type": "MultiPolygon", "coordinates": [ [ [ [ 110.469098, -7.864092 ], [ 110.4690245, -7.8643681 ], [ 110.4687025, -7.8647356 ], [ 110.4684748, -7.8650901 ], [ 110.4683457, -7.8655068 ], [ 110.4682007, -7.8658144 ], [ 110.4681778, -7.8658501 ], [ 110.4681167, -7.8659369 ], [ 110.4675446, -7.8667084 ], [ 110.4675455, -7.8667118 ], [ 110.4675752, -7.8667795 ], [ 110.46772, -7.8669698 ], [ 110.4677506, -7.8670012 ], [ 110.4678879, -7.8671504 ], [ 110.4679947, -7.8672935 ], [ 110.4679871, -7.8673574 ], [ 110.4679566, -7.8674914 ], [ 110.4678879, -7.8676421 ], [ 110.4678574, -7.8677761 ], [ 110.4679106, -7.868394 ], [ 110.4678154, -7.8685453 ], [ 110.4678002, -7.8687779 ], [ 110.4677492, -7.8689358 ], [ 110.4677549, -7.8691118 ], [ 110.4677606, -7.8693563 ], [ 110.467799, -7.8696784 ], [ 110.4679331, -7.870108 ], [ 110.468148, -7.8703736 ], [ 110.4682077, -7.8704572 ], [ 110.4682284, -7.870654 ], [ 110.4684287, -7.8707169 ], [ 110.4688563, -7.8707264 ], [ 110.4689819, -7.8707772 ], [ 110.469000181501571, -7.870801297078176 ], [ 110.468850303649276, -7.870801297078176 ], [ 110.468850303649276, -7.871697033390041 ], [ 110.469675829541856, -7.871697033390041 ], [ 110.4697432, -7.8717264 ], [ 110.469748618933409, -7.871727981208534 ], [ 110.469748618933409, -7.872592767740368 ], [ 110.468850303649276, -7.872592767740368 ], [ 110.468850303649276, -7.873488500128945 ], [ 110.467951988365172, -7.873488500128945 ], [ 110.467951988365172, -7.875279959019964 ], [ 110.464358727228685, -7.875279959019964 ], [ 110.464358727228685, -7.873488500128945 ], [ 110.463460411944567, -7.873488500128945 ], [ 110.463460411944567, -7.871697033390041 ], [ 110.462562096660449, -7.871697033390041 ], [ 110.462562096660449, -7.870801297078176 ], [ 110.463460411944567, -7.870801297078176 ], [ 110.463460411944567, -7.869905558804994 ], [ 110.464358727228685, -7.869905558804994 ], [ 110.464358727228685, -7.869009818570711 ], [ 110.461663781376316, -7.869009818570711 ], [ 110.461663781376316, -7.869905558804994 ], [ 110.460765466092212, -7.869905558804994 ], [ 110.460765466092212, -7.871697033390041 ], [ 110.458968835523976, -7.871697033390041 ], [ 110.458968835523976, -7.872592767740368 ], [ 110.458070520239843, -7.872592767740368 ], [ 110.458070520239843, -7.873488500128945 ], [ 110.457172204955739, -7.873488500128945 ], [ 110.457172204955739, -7.871697033390041 ], [ 110.458070520239843, -7.871697033390041 ], [ 110.458070520239843, -7.870801297078176 ], [ 110.458968835523976, -7.870801297078176 ], [ 110.458968835523976, -7.869905558804994 ], [ 110.45986715080808, -7.869905558804994 ], [ 110.45986715080808, -7.869009818570711 ], [ 110.460765466092212, -7.869009818570711 ], [ 110.460765466092212, -7.868114076375545 ], [ 110.461663781376316, -7.868114076375545 ], [ 110.461663781376316, -7.867218332219712 ], [ 110.462562096660449, -7.867218332219712 ], [ 110.462562096660449, -7.86632258610343 ], [ 110.463460411944567, -7.86632258610343 ], [ 110.463460411944567, -7.868114076375545 ], [ 110.464358727228685, -7.868114076375545 ], [ 110.464358727228685, -7.86632258610343 ], [ 110.465257042512803, -7.86632258610343 ], [ 110.465257042512803, -7.865426838026917 ], [ 110.467951988365172, -7.865426838026917 ], [ 110.467951988365172, -7.864531087990386 ], [ 110.468850303649276, -7.864531087990386 ], [ 110.468850303649276, -7.863635335994061 ], [ 110.469282211204231, -7.863635335994061 ], [ 110.469263, -7.8636747 ], [ 110.469212, -7.8637999 ], [ 110.469098, -7.864092 ] ] ], [ [ [ 110.469748618933409, -7.862739582038158 ], [ 110.469752231180038, -7.862739582038158 ], [ 110.469748618933409, -7.862745138071874 ], [ 110.469748618933409, -7.862739582038158 ] ] ], [ [ [ 110.472443564785749, -7.86131890012077 ], [ 110.472443564785749, -7.86094806824848 ], [ 110.472802692201853, -7.86094806824848 ], [ 110.472771, -7.8611207 ], [ 110.4727081, -7.8612011 ], [ 110.4726542, -7.8612726 ], [ 110.4725615, -7.8613142 ], [ 110.472443564785749, -7.86131890012077 ] ] ] ] } },
{ "type": "Feature", "properties": { "Kelas": "Sedang", "SKOR_LONGSOR": 3 }, "geometry": { "type": "MultiPolygon", "coordinates": [ [ [ [ 110.423934539443309, -7.872592767740368 ], [ 110.425731170011545, -7.872592767740368 ], [ 110.425731170011545, -7.873488500128945 ], [ 110.423934539443309, -7.873488500128945 ], [ 110.423934539443309, -7.872592767740368 ] ] ] ] } },
{ "type": "Feature", "properties": { "Kelas": "Sedang", "SKOR_LONGSOR": 3 }, "geometry": { "type": "MultiPolygon", "coordinates": [ [ [ [ 110.4284261158639, -7.872592767740368 ], [ 110.429324431148018, -7.872592767740368 ], [ 110.429324431148018, -7.873488500128945 ], [ 110.4284261158639, -7.873488500128945 ], [ 110.4284261158639, -7.872592767740368 ] ] ] ] } },
{ "type": "Feature", "properties": { "Kelas": "Sedang", "SKOR_LONGSOR": 3 }, "geometry": { "type": "MultiPolygon", "coordinates": [ [ [ [ 110.441002529841569, -7.872592767740368 ], [ 110.441900845125701, -7.872592767740368 ], [ 110.441900845125701, -7.873488500128945 ], [ 110.441002529841569, -7.873488500128945 ], [ 110.441002529841569, -7.872592767740368 ] ] ] ] } },
{ "type": "Feature", "properties": { "Kelas": "Tinggi", "SKOR_LONGSOR": 0 }, "geometry": { "type": "MultiPolygon", "coordinates": [ [ [ [ 110.441900845125701, -7.872592767740368 ], [ 110.442799160409805, -7.872592767740368 ], [ 110.442799160409805, -7.873488500128945 ], [ 110.441900845125701, -7.873488500128945 ], [ 110.441900845125701, -7.872592767740368 ] ] ] ] } },
{ "type": "Feature", "properties": { "Kelas": "Cukup Tinggi", "SKOR_LONGSOR": 4 }, "geometry": { "type": "MultiPolygon", "coordinates": [ [ [ [ 110.449985682682765, -7.870801297078176 ], [ 110.450883997966883, -7.870801297078176 ], [ 110.450883997966883, -7.871697033390041 ], [ 110.451782313251016, -7.871697033390041 ], [ 110.451782313251016, -7.870801297078176 ], [ 110.452680628535134, -7.870801297078176 ], [ 110.452680628535134, -7.872592767740368 ], [ 110.451782313251016, -7.872592767740368 ], [ 110.451782313251016, -7.873488500128945 ], [ 110.447290736830411, -7.873488500128945 ], [ 110.447290736830411, -7.872592767740368 ], [ 110.449087367398647, -7.872592767740368 ], [ 110.449087367398647, -7.871697033390041 ], [ 110.449985682682765, -7.871697033390041 ], [ 110.449985682682765, -7.870801297078176 ] ] ] ] } },
{ "type": "Feature", "properties": { "Kelas": "Sedang", "SKOR_LONGSOR": 3 }, "geometry": { "type": "MultiPolygon", "coordinates": [ [ [ [ 110.423036224159176, -7.873488500128945 ], [ 110.423934539443309, -7.873488500128945 ], [ 110.423934539443309, -7.874384230555549 ], [ 110.423036224159176, -7.874384230555549 ], [ 110.423036224159176, -7.873488500128945 ] ] ] ] } },
{ "type": "Feature", "properties": { "Kelas": "Sedang", "SKOR_LONGSOR": 3 }, "geometry": { "type": "MultiPolygon", "coordinates": [ [ [ [ 110.439205899273333, -7.873488500128945 ], [ 110.440104214557451, -7.873488500128945 ], [ 110.440104214557451, -7.874384230555549 ], [ 110.439205899273333, -7.874384230555549 ], [ 110.439205899273333, -7.873488500128945 ] ] ] ] } },
{ "type": "Feature", "properties": { "Kelas": "Tinggi", "SKOR_LONGSOR": 0 }, "geometry": { "type": "MultiPolygon", "coordinates": [ [ [ [ 110.441002529841569, -7.873488500128945 ], [ 110.441900845125701, -7.873488500128945 ], [ 110.441900845125701, -7.874384230555549 ], [ 110.441002529841569, -7.874384230555549 ], [ 110.441002529841569, -7.873488500128945 ] ] ] ] } },
{ "type": "Feature", "properties": { "Kelas": "Cukup Tinggi", "SKOR_LONGSOR": 4 }, "geometry": { "type": "MultiPolygon", "coordinates": [ [ [ [ 110.441900845125701, -7.873488500128945 ], [ 110.442799160409805, -7.873488500128945 ], [ 110.442799160409805, -7.874384230555549 ], [ 110.441900845125701, -7.874384230555549 ], [ 110.441900845125701, -7.873488500128945 ] ] ] ] } },
{ "type": "Feature", "properties": { "Kelas": "Sedang", "SKOR_LONGSOR": 3 }, "geometry": { "type": "MultiPolygon", "coordinates": [ [ [ [ 110.456273889671607, -7.873488500128945 ], [ 110.457172204955739, -7.873488500128945 ], [ 110.457172204955739, -7.874384230555549 ], [ 110.456273889671607, -7.874384230555549 ], [ 110.456273889671607, -7.873488500128945 ] ] ] ] } },
{ "type": "Feature", "properties": { "Kelas": "Sangat Rendah", "SKOR_LONGSOR": 1 }, "geometry": { "type": "MultiPolygon", "coordinates": [ [ [ [ 110.458070520239843, -7.872592767740368 ], [ 110.458968835523976, -7.872592767740368 ], [ 110.458968835523976, -7.874384230555549 ], [ 110.457172204955739, -7.874384230555549 ], [ 110.457172204955739, -7.873488500128945 ], [ 110.458070520239843, -7.873488500128945 ], [ 110.458070520239843, -7.872592767740368 ] ] ] ] } },
{ "type": "Feature", "properties": { "Kelas": "Sedang", "SKOR_LONGSOR": 3 }, "geometry": { "type": "MultiPolygon", "coordinates": [ [ [ [ 110.472443564785749, -7.873536243532028 ], [ 110.472443564785749, -7.874384230555549 ], [ 110.471545249501645, -7.874384230555549 ], [ 110.471545249501645, -7.873488500128945 ], [ 110.472362707123438, -7.873488500128945 ], [ 110.472443564785749, -7.873536243532028 ] ] ] ] } },
{ "type": "Feature", "properties": { "Kelas": "Cukup Rendah", "SKOR_LONGSOR": 2 }, "geometry": { "type": "MultiPolygon", "coordinates": [ [ [ [ 110.420341278306836, -7.874384230555549 ], [ 110.42123959359094, -7.874384230555549 ], [ 110.42123959359094, -7.875279959019964 ], [ 110.420341278306836, -7.875279959019964 ], [ 110.420341278306836, -7.874384230555549 ] ] ] ] } },
{ "type": "Feature", "properties": { "Kelas": "Sedang", "SKOR_LONGSOR": 3 }, "geometry": { "type": "MultiPolygon", "coordinates": [ [ [ [ 110.441002529841569, -7.874384230555549 ], [ 110.441900845125701, -7.874384230555549 ], [ 110.441900845125701, -7.875279959019964 ], [ 110.441002529841569, -7.875279959019964 ], [ 110.441002529841569, -7.874384230555549 ] ] ] ] } },
{ "type": "Feature", "properties": { "Kelas": "Tinggi", "SKOR_LONGSOR": 0 }, "geometry": { "type": "MultiPolygon", "coordinates": [ [ [ [ 110.469748618933409, -7.874384230555549 ], [ 110.470646934217513, -7.874384230555549 ], [ 110.470646934217513, -7.875279959019964 ], [ 110.469748618933409, -7.875279959019964 ], [ 110.469748618933409, -7.874384230555549 ] ] ] ] } },
{ "type": "Feature", "properties": { "Kelas": "Cukup Rendah", "SKOR_LONGSOR": 2 }, "geometry": { "type": "MultiPolygon", "coordinates": [ [ [ [ 110.451782313251016, -7.854677708289795 ], [ 110.454477259103371, -7.854677708289795 ], [ 110.454477259103371, -7.856469249496853 ], [ 110.453578943819252, -7.856469249496853 ], [ 110.453578943819252, -7.858260782872549 ], [ 110.454477259103371, -7.858260782872549 ], [ 110.454477259103371, -7.860052308415138 ], [ 110.456273889671607, -7.860052308415138 ], [ 110.456273889671607, -7.86184382612289 ], [ 110.454477259103371, -7.86184382612289 ], [ 110.454477259103371, -7.862739582038158 ], [ 110.453578943819252, -7.862739582038158 ], [ 110.453578943819252, -7.86184382612289 ], [ 110.452680628535134, -7.86184382612289 ], [ 110.452680628535134, -7.860052308415138 ], [ 110.453578943819252, -7.860052308415138 ], [ 110.453578943819252, -7.859156546623087 ], [ 110.450883997966883, -7.859156546623087 ], [ 110.450883997966883, -7.86094806824848 ], [ 110.449985682682765, -7.86094806824848 ], [ 110.449985682682765, -7.86184382612289 ], [ 110.448189052114529, -7.86184382612289 ], [ 110.448189052114529, -7.862739582038158 ], [ 110.447290736830411, -7.862739582038158 ], [ 110.447290736830411, -7.863635335994061 ], [ 110.446392421546292, -7.863635335994061 ], [ 110.446392421546292, -7.864531087990386 ], [ 110.445494106262174, -7.864531087990386 ], [ 110.445494106262174, -7.86632258610343 ], [ 110.442799160409805, -7.86632258610343 ], [ 110.442799160409805, -7.868114076375545 ], [ 110.443697475693938, -7.868114076375545 ], [ 110.443697475693938, -7.870801297078176 ], [ 110.442799160409805, -7.870801297078176 ], [ 110.442799160409805, -7.871697033390041 ], [ 110.441900845125701, -7.871697033390041 ], [ 110.441900845125701, -7.872592767740368 ], [ 110.441002529841569, -7.872592767740368 ], [ 110.441002529841569, -7.873488500128945 ], [ 110.439205899273333, -7.873488500128945 ], [ 110.439205899273333, -7.876175685521977 ], [ 110.438307583989214, -7.876175685521977 ], [ 110.438307583989214, -7.877071410061366 ], [ 110.436510953420978, -7.877071410061366 ], [ 110.436510953420978, -7.876175685521977 ], [ 110.43561263813686, -7.876175685521977 ], [ 110.43561263813686, -7.875279959019964 ], [ 110.434714322852741, -7.875279959019964 ], [ 110.434714322852741, -7.876175685521977 ], [ 110.432917692284505, -7.876175685521977 ], [ 110.432917692284505, -7.875279959019964 ], [ 110.432019377000373, -7.875279959019964 ], [ 110.432019377000373, -7.874384230555549 ], [ 110.431121061716269, -7.874384230555549 ], [ 110.431121061716269, -7.872592767740368 ], [ 110.430222746432136, -7.872592767740368 ], [ 110.430222746432136, -7.871697033390041 ], [ 110.432019377000373, -7.871697033390041 ], [ 110.432019377000373, -7.872592767740368 ], [ 110.434714322852741, -7.872592767740368 ], [ 110.434714322852741, -7.871697033390041 ], [ 110.43561263813686, -7.871697033390041 ], [ 110.43561263813686, -7.870801297078176 ], [ 110.437409268705096, -7.870801297078176 ], [ 110.437409268705096, -7.869905558804994 ], [ 110.442799160409805, -7.869905558804994 ], [ 110.442799160409805, -7.869009818570711 ], [ 110.441900845125701, -7.869009818570711 ], [ 110.441900845125701, -7.867218332219712 ], [ 110.437409268705096, -7.867218332219712 ], [ 110.437409268705096, -7.868114076375545 ], [ 110.43561263813686, -7.868114076375545 ], [ 110.43561263813686, -7.869009818570711 ], [ 110.434714322852741, -7.869009818570711 ], [ 110.434714322852741, -7.86632258610343 ], [ 110.43561263813686, -7.86632258610343 ], [ 110.43561263813686, -7.865426838026917 ], [ 110.436510953420978, -7.865426838026917 ], [ 110.436510953420978, -7.864531087990386 ], [ 110.437409268705096, -7.864531087990386 ], [ 110.437409268705096, -7.863635335994061 ], [ 110.441900845125701, -7.863635335994061 ], [ 110.441900845125701, -7.862739582038158 ], [ 110.446392421546292, -7.862739582038158 ], [ 110.446392421546292, -7.86184382612289 ], [ 110.447290736830411, -7.86184382612289 ], [ 110.447290736830411, -7.860052308415138 ], [ 110.448189052114529, -7.860052308415138 ], [ 110.448189052114529, -7.859156546623087 ], [ 110.449087367398647, -7.859156546623087 ], [ 110.449087367398647, -7.857365017163728 ], [ 110.450883997966883, -7.857365017163728 ], [ 110.450883997966883, -7.856469249496853 ], [ 110.451782313251016, -7.856469249496853 ], [ 110.451782313251016, -7.854677708289795 ] ] ] ] } },
{ "type": "Feature", "properties": { "Kelas": "Cukup Tinggi", "SKOR_LONGSOR": 4 }, "geometry": { "type": "MultiPolygon", "coordinates": [ [ [ [ 110.470646934217513, -7.877071410061366 ], [ 110.470646934217513, -7.876935037327442 ], [ 110.4706497, -7.8769385 ], [ 110.470726851848042, -7.877071410061366 ], [ 110.470646934217513, -7.877071410061366 ] ] ], [ [ [ 110.4706802, -7.8721434 ], [ 110.470871, -7.8722612 ], [ 110.4711151, -7.8723971 ], [ 110.4712067, -7.8724433 ], [ 110.471344, -7.8725139 ], [ 110.4713898, -7.8725483 ], [ 110.4715652, -7.8727538 ], [ 110.4716415, -7.8728019 ], [ 110.4718475, -7.8728625 ], [ 110.4719086, -7.8728825 ], [ 110.472023, -7.8729641 ], [ 110.4720688, -7.8730547 ], [ 110.4720688, -7.8732473 ], [ 110.4720688, -7.8732959 ], [ 110.4721298, -7.8733722 ], [ 110.4723434, -7.8734771 ], [ 110.472362707123438, -7.873488500128945 ], [ 110.471545249501645, -7.873488500128945 ], [ 110.471545249501645, -7.874384230555549 ], [ 110.469748618933409, -7.874384230555549 ], [ 110.469748618933409, -7.875279959019964 ], [ 110.471545249501645, -7.875279959019964 ], [ 110.471545249501645, -7.876310511156598 ], [ 110.470646934217513, -7.876868838812019 ], [ 110.470646934217513, -7.876175685521977 ], [ 110.468850303649276, -7.876175685521977 ], [ 110.468850303649276, -7.875279959019964 ], [ 110.467951988365172, -7.875279959019964 ], [ 110.467951988365172, -7.873488500128945 ], [ 110.468850303649276, -7.873488500128945 ], [ 110.468850303649276, -7.872592767740368 ], [ 110.469748618933409, -7.872592767740368 ], [ 110.469748618933409, -7.871727981208534 ], [ 110.4699077, -7.8717744 ], [ 110.4702903, -7.8719031 ], [ 110.4705506, -7.8720447 ], [ 110.4705963, -7.8720776 ], [ 110.4706802, -7.8721434 ] ] ], [ [ [ 110.472847, -7.8742239 ], [ 110.472870279491687, -7.874384230555549 ], [ 110.472443564785749, -7.874384230555549 ], [ 110.472443564785749, -7.873536243532028 ], [ 110.4726181, -7.8736393 ], [ 110.4728088, -7.8738171 ], [ 110.4728165, -7.8739073 ], [ 110.4728241, -7.8741514 ], [ 110.472847, -7.8742239 ] ] ] ] } },
{ "type": "Feature", "properties": { "Kelas": "Cukup Rendah", "SKOR_LONGSOR": 2 }, "geometry": { "type": "MultiPolygon", "coordinates": [ [ [ [ 110.456273889671607, -7.874384230555549 ], [ 110.45986715080808, -7.874384230555549 ], [ 110.45986715080808, -7.876175685521977 ], [ 110.458968835523976, -7.876175685521977 ], [ 110.458968835523976, -7.875279959019964 ], [ 110.457172204955739, -7.875279959019964 ], [ 110.457172204955739, -7.876175685521977 ], [ 110.456273889671607, -7.876175685521977 ], [ 110.456273889671607, -7.874384230555549 ] ] ] ] } },
{ "type": "Feature", "properties": { "Kelas": "Sangat Rendah", "SKOR_LONGSOR": 1 }, "geometry": { "type": "MultiPolygon", "coordinates": [ [ [ [ 110.463460411944567, -7.874384230555549 ], [ 110.464358727228685, -7.874384230555549 ], [ 110.464358727228685, -7.875279959019964 ], [ 110.467951988365172, -7.875279959019964 ], [ 110.467951988365172, -7.877071410061366 ], [ 110.470646934217513, -7.877071410061366 ], [ 110.470646934217513, -7.877967132637915 ], [ 110.469748618933409, -7.877967132637915 ], [ 110.469748618933409, -7.879758571901625 ], [ 110.468850303649276, -7.879758571901625 ], [ 110.468850303649276, -7.878862853251408 ], [ 110.467951988365172, -7.878862853251408 ], [ 110.467951988365172, -7.877967132637915 ], [ 110.46705367308104, -7.877967132637915 ], [ 110.46705367308104, -7.877071410061366 ], [ 110.466155357796922, -7.877071410061366 ], [ 110.466155357796922, -7.876175685521977 ], [ 110.463460411944567, -7.876175685521977 ], [ 110.463460411944567, -7.874384230555549 ] ] ] ] } },
{ "type": "Feature", "properties": { "Kelas": "Cukup Tinggi", "SKOR_LONGSOR": 4 }, "geometry": { "type": "MultiPolygon", "coordinates": [ [ [ [ 110.4284261158639, -7.875279959019964 ], [ 110.430222746432136, -7.875279959019964 ], [ 110.430222746432136, -7.876175685521977 ], [ 110.4284261158639, -7.876175685521977 ], [ 110.4284261158639, -7.875279959019964 ] ] ] ] } },
{ "type": "Feature", "properties": { "Kelas": "Tinggi", "SKOR_LONGSOR": 0 }, "geometry": { "type": "MultiPolygon", "coordinates": [ [ [ [ 110.430222746432136, -7.875279959019964 ], [ 110.431121061716269, -7.875279959019964 ], [ 110.431121061716269, -7.876175685521977 ], [ 110.430222746432136, -7.876175685521977 ], [ 110.430222746432136, -7.875279959019964 ] ] ] ] } },
{ "type": "Feature", "properties": { "Kelas": "Cukup Rendah", "SKOR_LONGSOR": 2 }, "geometry": { "type": "MultiPolygon", "coordinates": [ [ [ [ 110.4706116, -7.8768908 ], [ 110.470646934217513, -7.876935037327442 ], [ 110.470646934217513, -7.877071410061366 ], [ 110.467951988365172, -7.877071410061366 ], [ 110.467951988365172, -7.875279959019964 ], [ 110.468850303649276, -7.875279959019964 ], [ 110.468850303649276, -7.876175685521977 ], [ 110.470646934217513, -7.876175685521977 ], [ 110.470646934217513, -7.876868838812019 ], [ 110.4706116, -7.8768908 ] ] ] ] } },
{ "type": "Feature", "properties": { "Kelas": "Cukup Rendah", "SKOR_LONGSOR": 2 }, "geometry": { "type": "MultiPolygon", "coordinates": [ [ [ [ 110.425731170011545, -7.872592767740368 ], [ 110.4284261158639, -7.872592767740368 ], [ 110.4284261158639, -7.873488500128945 ], [ 110.430222746432136, -7.873488500128945 ], [ 110.430222746432136, -7.875279959019964 ], [ 110.4284261158639, -7.875279959019964 ], [ 110.4284261158639, -7.876175685521977 ], [ 110.429324431148018, -7.876175685521977 ], [ 110.429324431148018, -7.877967132637915 ], [ 110.4284261158639, -7.877967132637915 ], [ 110.4284261158639, -7.881550003311369 ], [ 110.425731170011545, -7.881550003311369 ], [ 110.425731170011545, -7.879758571901625 ], [ 110.424832854727427, -7.879758571901625 ], [ 110.424832854727427, -7.880654288588349 ], [ 110.423036224159176, -7.880654288588349 ], [ 110.423036224159176, -7.881550003311369 ], [ 110.422137908875072, -7.881550003311369 ], [ 110.422137908875072, -7.877071410061366 ], [ 110.42123959359094, -7.877071410061366 ], [ 110.42123959359094, -7.876175685521977 ], [ 110.422137908875072, -7.876175685521977 ], [ 110.422137908875072, -7.875279959019964 ], [ 110.423036224159176, -7.875279959019964 ], [ 110.423036224159176, -7.874384230555549 ], [ 110.423934539443309, -7.874384230555549 ], [ 110.423934539443309, -7.873488500128945 ], [ 110.425731170011545, -7.873488500128945 ], [ 110.425731170011545, -7.872592767740368 ] ] ] ] } },
{ "type": "Feature", "properties": { "Kelas": "Tinggi", "SKOR_LONGSOR": 0 }, "geometry": { "type": "MultiPolygon", "coordinates": [ [ [ [ 110.429324431148018, -7.876175685521977 ], [ 110.430222746432136, -7.876175685521977 ], [ 110.430222746432136, -7.877071410061366 ], [ 110.429324431148018, -7.877071410061366 ], [ 110.429324431148018, -7.876175685521977 ] ] ] ] } },
{ "type": "Feature", "properties": { "Kelas": "Cukup Tinggi", "SKOR_LONGSOR": 4 }, "geometry": { "type": "MultiPolygon", "coordinates": [ [ [ [ 110.423036224159176, -7.870801297078176 ], [ 110.4284261158639, -7.870801297078176 ], [ 110.4284261158639, -7.871697033390041 ], [ 110.430222746432136, -7.871697033390041 ], [ 110.430222746432136, -7.872592767740368 ], [ 110.431121061716269, -7.872592767740368 ], [ 110.431121061716269, -7.874384230555549 ], [ 110.432019377000373, -7.874384230555549 ], [ 110.432019377000373, -7.875279959019964 ], [ 110.432917692284505, -7.875279959019964 ], [ 110.432917692284505, -7.876175685521977 ], [ 110.432019377000373, -7.876175685521977 ], [ 110.432019377000373, -7.877071410061366 ], [ 110.430222746432136, -7.877071410061366 ], [ 110.430222746432136, -7.876175685521977 ], [ 110.431121061716269, -7.876175685521977 ], [ 110.431121061716269, -7.875279959019964 ], [ 110.430222746432136, -7.875279959019964 ], [ 110.430222746432136, -7.873488500128945 ], [ 110.429324431148018, -7.873488500128945 ], [ 110.429324431148018, -7.872592767740368 ], [ 110.423934539443309, -7.872592767740368 ], [ 110.423934539443309, -7.873488500128945 ], [ 110.423036224159176, -7.873488500128945 ], [ 110.423036224159176, -7.875279959019964 ], [ 110.422137908875072, -7.875279959019964 ], [ 110.422137908875072, -7.876175685521977 ], [ 110.42123959359094, -7.876175685521977 ], [ 110.42123959359094, -7.877071410061366 ], [ 110.420341278306836, -7.877071410061366 ], [ 110.420341278306836, -7.875279959019964 ], [ 110.42123959359094, -7.875279959019964 ], [ 110.42123959359094, -7.874384230555549 ], [ 110.422137908875072, -7.874384230555549 ], [ 110.422137908875072, -7.873488500128945 ], [ 110.42123959359094, -7.873488500128945 ], [ 110.42123959359094, -7.872592767740368 ], [ 110.422137908875072, -7.872592767740368 ], [ 110.422137908875072, -7.871697033390041 ], [ 110.423036224159176, -7.871697033390041 ], [ 110.423036224159176, -7.870801297078176 ] ] ] ] } },
{ "type": "Feature", "properties": { "Kelas": "Tinggi", "SKOR_LONGSOR": 0 }, "geometry": { "type": "MultiPolygon", "coordinates": [ [ [ [ 110.432019377000373, -7.876175685521977 ], [ 110.432917692284505, -7.876175685521977 ], [ 110.432917692284505, -7.877071410061366 ], [ 110.432019377000373, -7.877071410061366 ], [ 110.432019377000373, -7.876175685521977 ] ] ] ] } },
{ "type": "Feature", "properties": { "Kelas": "Sedang", "SKOR_LONGSOR": 3 }, "geometry": { "type": "MultiPolygon", "coordinates": [ [ [ [ 110.445494106262174, -7.876175685521977 ], [ 110.446392421546292, -7.876175685521977 ], [ 110.446392421546292, -7.877071410061366 ], [ 110.445494106262174, -7.877071410061366 ], [ 110.445494106262174, -7.876175685521977 ] ] ] ] } },
{ "type": "Feature", "properties": { "Kelas": "Sangat Rendah", "SKOR_LONGSOR": 1 }, "geometry": { "type": "MultiPolygon", "coordinates": [ [ [ [ 110.458968835523976, -7.876175685521977 ], [ 110.45986715080808, -7.876175685521977 ], [ 110.45986715080808, -7.877071410061366 ], [ 110.458968835523976, -7.877071410061366 ], [ 110.458968835523976, -7.876175685521977 ] ] ] ] } },
{ "type": "Feature", "properties": { "Kelas": "Sangat Rendah", "SKOR_LONGSOR": 1 }, "geometry": { "type": "MultiPolygon", "coordinates": [ [ [ [ 110.42123959359094, -7.877071410061366 ], [ 110.422137908875072, -7.877071410061366 ], [ 110.422137908875072, -7.877967132637915 ], [ 110.42123959359094, -7.877967132637915 ], [ 110.42123959359094, -7.877071410061366 ] ] ] ] } },
{ "type": "Feature", "properties": { "Kelas": "Cukup Tinggi", "SKOR_LONGSOR": 4 }, "geometry": { "type": "MultiPolygon", "coordinates": [ [ [ [ 110.429324431148018, -7.877071410061366 ], [ 110.430222746432136, -7.877071410061366 ], [ 110.430222746432136, -7.879758571901625 ], [ 110.429324431148018, -7.879758571901625 ], [ 110.429324431148018, -7.877071410061366 ] ] ] ] } },
{ "type": "Feature", "properties": { "Kelas": "Cukup Rendah", "SKOR_LONGSOR": 2 }, "geometry": { "type": "MultiPolygon", "coordinates": [ [ [ [ 110.430222746432136, -7.877071410061366 ], [ 110.432917692284505, -7.877071410061366 ], [ 110.432917692284505, -7.877967132637915 ], [ 110.433816007568609, -7.877967132637915 ], [ 110.433816007568609, -7.877071410061366 ], [ 110.434714322852741, -7.877071410061366 ], [ 110.434714322852741, -7.877967132637915 ], [ 110.43561263813686, -7.877967132637915 ], [ 110.43561263813686, -7.878862853251408 ], [ 110.432019377000373, -7.878862853251408 ], [ 110.432019377000373, -7.877967132637915 ], [ 110.430222746432136, -7.877967132637915 ], [ 110.430222746432136, -7.877071410061366 ] ] ] ] } },
{ "type": "Feature", "properties": { "Kelas": "Sedang", "SKOR_LONGSOR": 3 }, "geometry": { "type": "MultiPolygon", "coordinates": [ [ [ [ 110.436510953420978, -7.877071410061366 ], [ 110.437409268705096, -7.877071410061366 ], [ 110.437409268705096, -7.878862853251408 ], [ 110.436510953420978, -7.878862853251408 ], [ 110.436510953420978, -7.877071410061366 ] ] ] ] } },
{ "type": "Feature", "properties": { "Kelas": "Sedang", "SKOR_LONGSOR": 3 }, "geometry": { "type": "MultiPolygon", "coordinates": [ [ [ [ 110.439205899273333, -7.877071410061366 ], [ 110.440104214557451, -7.877071410061366 ], [ 110.440104214557451, -7.877967132637915 ], [ 110.439205899273333, -7.877967132637915 ], [ 110.439205899273333, -7.877071410061366 ] ] ] ] } },
{ "type": "Feature", "properties": { "Kelas": "Cukup Tinggi", "SKOR_LONGSOR": 4 }, "geometry": { "type": "MultiPolygon", "coordinates": [ [ [ [ 110.445494106262174, -7.877071410061366 ], [ 110.447290736830411, -7.877071410061366 ], [ 110.447290736830411, -7.877967132637915 ], [ 110.445494106262174, -7.877967132637915 ], [ 110.445494106262174, -7.877071410061366 ] ] ] ] } },
{ "type": "Feature", "properties": { "Kelas": "Cukup Rendah", "SKOR_LONGSOR": 2 }, "geometry": { "type": "MultiPolygon", "coordinates": [ [ [ [ 110.452680628535134, -7.877071410061366 ], [ 110.454477259103371, -7.877071410061366 ], [ 110.454477259103371, -7.877967132637915 ], [ 110.452680628535134, -7.877967132637915 ], [ 110.452680628535134, -7.877071410061366 ] ] ] ] } },
{ "type": "Feature", "properties": { "Kelas": "Sedang", "SKOR_LONGSOR": 3 }, "geometry": { "type": "MultiPolygon", "coordinates": [ [ [ [ 110.4284261158639, -7.877967132637915 ], [ 110.429324431148018, -7.877967132637915 ], [ 110.429324431148018, -7.879758571901625 ], [ 110.4284261158639, -7.879758571901625 ], [ 110.4284261158639, -7.877967132637915 ] ] ] ] } },
{ "type": "Feature", "properties": { "Kelas": "Cukup Rendah", "SKOR_LONGSOR": 2 }, "geometry": { "type": "MultiPolygon", "coordinates": [ [ [ [ 110.454477259103371, -7.862739582038158 ], [ 110.456273889671607, -7.862739582038158 ], [ 110.456273889671607, -7.864531087990386 ], [ 110.455375574387489, -7.864531087990386 ], [ 110.455375574387489, -7.865426838026917 ], [ 110.454477259103371, -7.865426838026917 ], [ 110.454477259103371, -7.867218332219712 ], [ 110.453578943819252, -7.867218332219712 ], [ 110.453578943819252, -7.868114076375545 ], [ 110.452680628535134, -7.868114076375545 ], [ 110.452680628535134, -7.869009818570711 ], [ 110.451782313251016, -7.869009818570711 ], [ 110.451782313251016, -7.869905558804994 ], [ 110.450883997966883, -7.869905558804994 ], [ 110.450883997966883, -7.870801297078176 ], [ 110.449985682682765, -7.870801297078176 ], [ 110.449985682682765, -7.871697033390041 ], [ 110.449087367398647, -7.871697033390041 ], [ 110.449087367398647, -7.872592767740368 ], [ 110.447290736830411, -7.872592767740368 ], [ 110.447290736830411, -7.873488500128945 ], [ 110.448189052114529, -7.873488500128945 ], [ 110.448189052114529, -7.874384230555549 ], [ 110.446392421546292, -7.874384230555549 ], [ 110.446392421546292, -7.875279959019964 ], [ 110.445494106262174, -7.875279959019964 ], [ 110.445494106262174, -7.877967132637915 ], [ 110.443697475693938, -7.877967132637915 ], [ 110.443697475693938, -7.878862853251408 ], [ 110.442799160409805, -7.878862853251408 ], [ 110.442799160409805, -7.877071410061366 ], [ 110.441900845125701, -7.877071410061366 ], [ 110.441900845125701, -7.878862853251408 ], [ 110.439205899273333, -7.878862853251408 ], [ 110.439205899273333, -7.877967132637915 ], [ 110.440104214557451, -7.877967132637915 ], [ 110.440104214557451, -7.877071410061366 ], [ 110.441002529841569, -7.877071410061366 ], [ 110.441002529841569, -7.875279959019964 ], [ 110.441900845125701, -7.875279959019964 ], [ 110.441900845125701, -7.874384230555549 ], [ 110.442799160409805, -7.874384230555549 ], [ 110.442799160409805, -7.873488500128945 ], [ 110.443697475693938, -7.873488500128945 ], [ 110.443697475693938, -7.872592767740368 ], [ 110.444595790978042, -7.872592767740368 ], [ 110.444595790978042, -7.871697033390041 ], [ 110.445494106262174, -7.871697033390041 ], [ 110.445494106262174, -7.870801297078176 ], [ 110.447290736830411, -7.870801297078176 ], [ 110.447290736830411, -7.869009818570711 ], [ 110.448189052114529, -7.869009818570711 ], [ 110.448189052114529, -7.867218332219712 ], [ 110.449985682682765, -7.867218332219712 ], [ 110.449985682682765, -7.865426838026917 ], [ 110.450883997966883, -7.865426838026917 ], [ 110.450883997966883, -7.86632258610343 ], [ 110.453578943819252, -7.86632258610343 ], [ 110.453578943819252, -7.864531087990386 ], [ 110.454477259103371, -7.864531087990386 ], [ 110.454477259103371, -7.862739582038158 ] ] ] ] } },
{ "type": "Feature", "properties": { "Kelas": "Sedang", "SKOR_LONGSOR": 3 }, "geometry": { "type": "MultiPolygon", "coordinates": [ [ [ [ 110.443697475693938, -7.877967132637915 ], [ 110.444595790978042, -7.877967132637915 ], [ 110.444595790978042, -7.878862853251408 ], [ 110.443697475693938, -7.878862853251408 ], [ 110.443697475693938, -7.877967132637915 ] ] ] ] } },
{ "type": "Feature", "properties": { "Kelas": "Cukup Tinggi", "SKOR_LONGSOR": 4 }, "geometry": { "type": "MultiPolygon", "coordinates": [ [ [ [ 110.450883997966883, -7.877967132637915 ], [ 110.451782313251016, -7.877967132637915 ], [ 110.451782313251016, -7.878862853251408 ], [ 110.450883997966883, -7.878862853251408 ], [ 110.450883997966883, -7.877967132637915 ] ] ] ] } },
{ "type": "Feature", "properties": { "Kelas": "Sangat Rendah", "SKOR_LONGSOR": 1 }, "geometry": { "type": "MultiPolygon", "coordinates": [ [ [ [ 110.4713082, -7.8780381 ], [ 110.4715232, -7.8782918 ], [ 110.4715645, -7.8783346 ], [ 110.4716875, -7.878462 ], [ 110.4717978, -7.8787454 ], [ 110.4718902, -7.879008 ], [ 110.4720535, -7.8793022 ], [ 110.4722595, -7.8796593 ], [ 110.472310235562304, -7.879758571901625 ], [ 110.471545249501645, -7.879758571901625 ], [ 110.471545249501645, -7.878862853251408 ], [ 110.470646934217513, -7.878862853251408 ], [ 110.470646934217513, -7.877967132637915 ], [ 110.471260388776443, -7.877967132637915 ], [ 110.4713082, -7.8780381 ] ] ] ] } },
{ "type": "Feature", "properties": { "Kelas": "Cukup Rendah", "SKOR_LONGSOR": 2 }, "geometry": { "type": "MultiPolygon", "coordinates": [ [ [ [ 110.430222746432136, -7.878862853251408 ], [ 110.431121061716269, -7.878862853251408 ], [ 110.431121061716269, -7.879758571901625 ], [ 110.430222746432136, -7.879758571901625 ], [ 110.430222746432136, -7.878862853251408 ] ] ] ] } },
{ "type": "Feature", "properties": { "Kelas": "Sangat Rendah", "SKOR_LONGSOR": 1 }, "geometry": { "type": "MultiPolygon", "coordinates": [ [ [ [ 110.433816007568609, -7.878862853251408 ], [ 110.434714322852741, -7.878862853251408 ], [ 110.434714322852741, -7.879758571901625 ], [ 110.433816007568609, -7.879758571901625 ], [ 110.433816007568609, -7.878862853251408 ] ] ] ] } },
{ "type": "Feature", "properties": { "Kelas": "Cukup Tinggi", "SKOR_LONGSOR": 4 }, "geometry": { "type": "MultiPolygon", "coordinates": [ [ [ [ 110.440104214557451, -7.873488500128945 ], [ 110.441002529841569, -7.873488500128945 ], [ 110.441002529841569, -7.877071410061366 ], [ 110.439205899273333, -7.877071410061366 ], [ 110.439205899273333, -7.878862853251408 ], [ 110.438307583989214, -7.878862853251408 ], [ 110.438307583989214, -7.879758571901625 ], [ 110.434714322852741, -7.879758571901625 ], [ 110.434714322852741, -7.878862853251408 ], [ 110.43561263813686, -7.878862853251408 ], [ 110.43561263813686, -7.877967132637915 ], [ 110.434714322852741, -7.877967132637915 ], [ 110.434714322852741, -7.877071410061366 ], [ 110.433816007568609, -7.877071410061366 ], [ 110.433816007568609, -7.877967132637915 ], [ 110.432917692284505, -7.877967132637915 ], [ 110.432917692284505, -7.876175685521977 ], [ 110.434714322852741, -7.876175685521977 ], [ 110.434714322852741, -7.875279959019964 ], [ 110.43561263813686, -7.875279959019964 ], [ 110.43561263813686, -7.876175685521977 ], [ 110.436510953420978, -7.876175685521977 ], [ 110.436510953420978, -7.878862853251408 ], [ 110.437409268705096, -7.878862853251408 ], [ 110.437409268705096, -7.877071410061366 ], [ 110.438307583989214, -7.877071410061366 ], [ 110.438307583989214, -7.876175685521977 ], [ 110.439205899273333, -7.876175685521977 ], [ 110.439205899273333, -7.874384230555549 ], [ 110.440104214557451, -7.874384230555549 ], [ 110.440104214557451, -7.873488500128945 ] ] ] ] } },
{ "type": "Feature", "properties": { "Kelas": "Cukup Rendah", "SKOR_LONGSOR": 2 }, "geometry": { "type": "MultiPolygon", "coordinates": [ [ [ [ 110.438307583989214, -7.878862853251408 ], [ 110.439205899273333, -7.878862853251408 ], [ 110.439205899273333, -7.879758571901625 ], [ 110.438307583989214, -7.879758571901625 ], [ 110.438307583989214, -7.878862853251408 ] ] ] ] } },
{ "type": "Feature", "properties": { "Kelas": "Sangat Rendah", "SKOR_LONGSOR": 1 }, "geometry": { "type": "MultiPolygon", "coordinates": [ [ [ [ 110.441900845125701, -7.877071410061366 ], [ 110.442799160409805, -7.877071410061366 ], [ 110.442799160409805, -7.878862853251408 ], [ 110.443697475693938, -7.878862853251408 ], [ 110.443697475693938, -7.879758571901625 ], [ 110.442799160409805, -7.879758571901625 ], [ 110.442799160409805, -7.880654288588349 ], [ 110.441900845125701, -7.880654288588349 ], [ 110.441900845125701, -7.881550003311369 ], [ 110.441002529841569, -7.881550003311369 ], [ 110.441002529841569, -7.880654288588349 ], [ 110.440104214557451, -7.880654288588349 ], [ 110.440104214557451, -7.879758571901625 ], [ 110.439205899273333, -7.879758571901625 ], [ 110.439205899273333, -7.878862853251408 ], [ 110.441900845125701, -7.878862853251408 ], [ 110.441900845125701, -7.877071410061366 ] ] ] ] } },
{ "type": "Feature", "properties": { "Kelas": "Cukup Tinggi", "SKOR_LONGSOR": 4 }, "geometry": { "type": "MultiPolygon", "coordinates": [ [ [ [ 110.444595790978042, -7.878862853251408 ], [ 110.445494106262174, -7.878862853251408 ], [ 110.445494106262174, -7.879758571901625 ], [ 110.444595790978042, -7.879758571901625 ], [ 110.444595790978042, -7.878862853251408 ] ] ] ] } },
{ "type": "Feature", "properties": { "Kelas": "Cukup Rendah", "SKOR_LONGSOR": 2 }, "geometry": { "type": "MultiPolygon", "coordinates": [ [ [ [ 110.429324431148018, -7.879758571901625 ], [ 110.430222746432136, -7.879758571901625 ], [ 110.430222746432136, -7.880654288588349 ], [ 110.429324431148018, -7.880654288588349 ], [ 110.429324431148018, -7.879758571901625 ] ] ] ] } },
{ "type": "Feature", "properties": { "Kelas": "Cukup Tinggi", "SKOR_LONGSOR": 4 }, "geometry": { "type": "MultiPolygon", "coordinates": [ [ [ [ 110.449985682682765, -7.879758571901625 ], [ 110.450883997966883, -7.879758571901625 ], [ 110.450883997966883, -7.880654288588349 ], [ 110.449985682682765, -7.880654288588349 ], [ 110.449985682682765, -7.879758571901625 ] ] ] ] } },
{ "type": "Feature", "properties": { "Kelas": "Sangat Rendah", "SKOR_LONGSOR": 1 }, "geometry": { "type": "MultiPolygon", "coordinates": [ [ [ [ 110.450883997966883, -7.879758571901625 ], [ 110.451782313251016, -7.879758571901625 ], [ 110.451782313251016, -7.880654288588349 ], [ 110.450883997966883, -7.880654288588349 ], [ 110.450883997966883, -7.879758571901625 ] ] ] ] } },
{ "type": "Feature", "properties": { "Kelas": "Cukup Rendah", "SKOR_LONGSOR": 2 }, "geometry": { "type": "MultiPolygon", "coordinates": [ [ [ [ 110.441900845125701, -7.880654288588349 ], [ 110.442799160409805, -7.880654288588349 ], [ 110.442799160409805, -7.881550003311369 ], [ 110.441900845125701, -7.881550003311369 ], [ 110.441900845125701, -7.880654288588349 ] ] ] ] } },
{ "type": "Feature", "properties": { "Kelas": "Cukup Tinggi", "SKOR_LONGSOR": 4 }, "geometry": { "type": "MultiPolygon", "coordinates": [ [ [ [ 110.4726562, -7.8807222 ], [ 110.4726868, -7.8810464 ], [ 110.4726562, -7.8814136 ], [ 110.472692174499699, -7.881550003311369 ], [ 110.472443564785749, -7.881550003311369 ], [ 110.472443564785749, -7.880654288588349 ], [ 110.472648202168472, -7.880654288588349 ], [ 110.4726562, -7.8807222 ] ] ] ] } },
{ "type": "Feature", "properties": { "Kelas": "Sangat Rendah", "SKOR_LONGSOR": 1 }, "geometry": { "type": "MultiPolygon", "coordinates": [ [ [ [ 110.461663781376316, -7.881550003311369 ], [ 110.462562096660449, -7.881550003311369 ], [ 110.462562096660449, -7.882445716070458 ], [ 110.461663781376316, -7.882445716070458 ], [ 110.461663781376316, -7.881550003311369 ] ] ] ] } },
{ "type": "Feature", "properties": { "Kelas": "Cukup Rendah", "SKOR_LONGSOR": 2 }, "geometry": { "type": "MultiPolygon", "coordinates": [ [ [ [ 110.441002529841569, -7.881550003311369 ], [ 110.441900845125701, -7.881550003311369 ], [ 110.441900845125701, -7.884237135695992 ], [ 110.441002529841569, -7.884237135695992 ], [ 110.441002529841569, -7.881550003311369 ] ] ] ] } },
{ "type": "Feature", "properties": { "Kelas": "Cukup Tinggi", "SKOR_LONGSOR": 4 }, "geometry": { "type": "MultiPolygon", "coordinates": [ [ [ [ 110.441900845125701, -7.881550003311369 ], [ 110.443697475693938, -7.881550003311369 ], [ 110.443697475693938, -7.882445716070458 ], [ 110.442799160409805, -7.882445716070458 ], [ 110.442799160409805, -7.884237135695992 ], [ 110.441900845125701, -7.884237135695992 ], [ 110.441900845125701, -7.881550003311369 ] ] ] ] } },
{ "type": "Feature", "properties": { "Kelas": "Sangat Rendah", "SKOR_LONGSOR": 1 }, "geometry": { "type": "MultiPolygon", "coordinates": [ [ [ [ 110.466155357796922, -7.882445716070458 ], [ 110.467951988365172, -7.882445716070458 ], [ 110.467951988365172, -7.884237135695992 ], [ 110.46705367308104, -7.884237135695992 ], [ 110.46705367308104, -7.883341426865405 ], [ 110.466155357796922, -7.883341426865405 ], [ 110.466155357796922, -7.882445716070458 ] ] ] ] } },
{ "type": "Feature", "properties": { "Kelas": "Sangat Rendah", "SKOR_LONGSOR": 1 }, "geometry": { "type": "MultiPolygon", "coordinates": [ [ [ [ 110.432917692284505, -7.883341426865405 ], [ 110.433816007568609, -7.883341426865405 ], [ 110.433816007568609, -7.884237135695992 ], [ 110.432917692284505, -7.884237135695992 ], [ 110.432917692284505, -7.883341426865405 ] ] ] ] } },
{ "type": "Feature", "properties": { "Kelas": "Sangat Rendah", "SKOR_LONGSOR": 1 }, "geometry": { "type": "MultiPolygon", "coordinates": [ [ [ [ 110.468850303649276, -7.883341426865405 ], [ 110.470646934217513, -7.883341426865405 ], [ 110.470646934217513, -7.884237135695992 ], [ 110.468850303649276, -7.884237135695992 ], [ 110.468850303649276, -7.883341426865405 ] ] ] ] } },
{ "type": "Feature", "properties": { "Kelas": "Cukup Rendah", "SKOR_LONGSOR": 2 }, "geometry": { "type": "MultiPolygon", "coordinates": [ [ [ [ 110.432019377000373, -7.884237135695992 ], [ 110.432917692284505, -7.884237135695992 ], [ 110.432917692284505, -7.885132842562 ], [ 110.432019377000373, -7.885132842562 ], [ 110.432019377000373, -7.884237135695992 ] ] ] ] } },
{ "type": "Feature", "properties": { "Kelas": "Cukup Rendah", "SKOR_LONGSOR": 2 }, "geometry": { "type": "MultiPolygon", "coordinates": [ [ [ [ 110.433816007568609, -7.884237135695992 ], [ 110.437409268705096, -7.884237135695992 ], [ 110.437409268705096, -7.886924250399411 ], [ 110.43561263813686, -7.886924250399411 ], [ 110.43561263813686, -7.885132842562 ], [ 110.433816007568609, -7.885132842562 ], [ 110.433816007568609, -7.884237135695992 ] ] ] ] } },
{ "type": "Feature", "properties": { "Kelas": "Sangat Rendah", "SKOR_LONGSOR": 1 }, "geometry": { "type": "MultiPolygon", "coordinates": [ [ [ [ 110.467951988365172, -7.884237135695992 ], [ 110.468850303649276, -7.884237135695992 ], [ 110.468850303649276, -7.885132842562 ], [ 110.467951988365172, -7.885132842562 ], [ 110.467951988365172, -7.884237135695992 ] ] ] ] } },
{ "type": "Feature", "properties": { "Kelas": "Sangat Rendah", "SKOR_LONGSOR": 1 }, "geometry": { "type": "MultiPolygon", "coordinates": [ [ [ [ 110.4747076, -7.8842924 ], [ 110.4749053, -7.8845339 ], [ 110.4750459, -7.8846833 ], [ 110.4751381, -7.8848677 ], [ 110.475171566457192, -7.885132842562 ], [ 110.474240195354, -7.885132842562 ], [ 110.474240195354, -7.884237135695992 ], [ 110.474675353750513, -7.884237135695992 ], [ 110.4747076, -7.8842924 ] ] ] ] } },
{ "type": "Feature", "properties": { "Kelas": "Sangat Rendah", "SKOR_LONGSOR": 1 }, "geometry": { "type": "MultiPolygon", "coordinates": [ [ [ [ 110.434714322852741, -7.885132842562 ], [ 110.43561263813686, -7.885132842562 ], [ 110.43561263813686, -7.886924250399411 ], [ 110.434714322852741, -7.886924250399411 ], [ 110.434714322852741, -7.885132842562 ] ] ] ] } },
{ "type": "Feature", "properties": { "Kelas": "Sangat Rendah", "SKOR_LONGSOR": 1 }, "geometry": { "type": "MultiPolygon", "coordinates": [ [ [ [ 110.440104214557451, -7.881550003311369 ], [ 110.441002529841569, -7.881550003311369 ], [ 110.441002529841569, -7.884237135695992 ], [ 110.441900845125701, -7.884237135695992 ], [ 110.441900845125701, -7.885132842562 ], [ 110.441002529841569, -7.885132842562 ], [ 110.441002529841569, -7.886924250399411 ], [ 110.440104214557451, -7.886924250399411 ], [ 110.440104214557451, -7.886028547463212 ], [ 110.438307583989214, -7.886028547463212 ], [ 110.438307583989214, -7.886924250399411 ], [ 110.437409268705096, -7.886924250399411 ], [ 110.437409268705096, -7.885132842562 ], [ 110.439205899273333, -7.885132842562 ], [ 110.439205899273333, -7.882445716070458 ], [ 110.440104214557451, -7.882445716070458 ], [ 110.440104214557451, -7.881550003311369 ] ] ] ] } },
{ "type": "Feature", "properties": { "Kelas": "Cukup Rendah", "SKOR_LONGSOR": 2 }, "geometry": { "type": "MultiPolygon", "coordinates": [ [ [ [ 110.441002529841569, -7.885132842562 ], [ 110.441900845125701, -7.885132842562 ], [ 110.441900845125701, -7.886028547463212 ], [ 110.441002529841569, -7.886028547463212 ], [ 110.441002529841569, -7.885132842562 ] ] ] ] } },
{ "type": "Feature", "properties": { "Kelas": "Cukup Rendah", "SKOR_LONGSOR": 2 }, "geometry": { "type": "MultiPolygon", "coordinates": [ [ [ [ 110.419442963022703, -7.885132842562 ], [ 110.420341278306836, -7.885132842562 ], [ 110.420341278306836, -7.886924250399411 ], [ 110.418544647738585, -7.886924250399411 ], [ 110.418544647738585, -7.88781995137038 ], [ 110.419442963022703, -7.88781995137038 ], [ 110.419442963022703, -7.889611347415759 ], [ 110.418544647738585, -7.889611347415759 ], [ 110.418544647738585, -7.888715650375899 ], [ 110.417646332454467, -7.888715650375899 ], [ 110.417646332454467, -7.886028547463212 ], [ 110.419442963022703, -7.886028547463212 ], [ 110.419442963022703, -7.885132842562 ] ] ] ] } },
{ "type": "Feature", "properties": { "Kelas": "Cukup Rendah", "SKOR_LONGSOR": 2 }, "geometry": { "type": "MultiPolygon", "coordinates": [ [ [ [ 110.432917692284505, -7.886028547463212 ], [ 110.434714322852741, -7.886028547463212 ], [ 110.434714322852741, -7.886924250399411 ], [ 110.43561263813686, -7.886924250399411 ], [ 110.43561263813686, -7.88781995137038 ], [ 110.432917692284505, -7.88781995137038 ], [ 110.432917692284505, -7.886028547463212 ] ] ] ] } },
{ "type": "Feature", "properties": { "Kelas": "Sedang", "SKOR_LONGSOR": 3 }, "geometry": { "type": "MultiPolygon", "coordinates": [ [ [ [ 110.438307583989214, -7.886028547463212 ], [ 110.439205899273333, -7.886028547463212 ], [ 110.439205899273333, -7.886924250399411 ], [ 110.438307583989214, -7.886924250399411 ], [ 110.438307583989214, -7.886028547463212 ] ] ] ] } },
{ "type": "Feature", "properties": { "Kelas": "Cukup Rendah", "SKOR_LONGSOR": 2 }, "geometry": { "type": "MultiPolygon", "coordinates": [ [ [ [ 110.439205899273333, -7.886028547463212 ], [ 110.440104214557451, -7.886028547463212 ], [ 110.440104214557451, -7.886924250399411 ], [ 110.439205899273333, -7.886924250399411 ], [ 110.439205899273333, -7.886028547463212 ] ] ] ] } },
{ "type": "Feature", "properties": { "Kelas": "Sangat Rendah", "SKOR_LONGSOR": 1 }, "geometry": { "type": "MultiPolygon", "coordinates": [ [ [ [ 110.466155357796922, -7.886028547463212 ], [ 110.467951988365172, -7.886028547463212 ], [ 110.467951988365172, -7.886924250399411 ], [ 110.466155357796922, -7.886924250399411 ], [ 110.466155357796922, -7.886028547463212 ] ] ] ] } },
{ "type": "Feature", "properties": { "Kelas": "Cukup Tinggi", "SKOR_LONGSOR": 4 }, "geometry": { "type": "MultiPolygon", "coordinates": [ [ [ [ 110.4757702, -7.8861497 ], [ 110.4758147, -7.8863818 ], [ 110.4758072, -7.886438 ], [ 110.4757767, -7.886613 ], [ 110.4758301, -7.8867289 ], [ 110.47588699260389, -7.886924250399411 ], [ 110.475138510638118, -7.886924250399411 ], [ 110.475138510638118, -7.886028547463212 ], [ 110.475745611658141, -7.886028547463212 ], [ 110.4757702, -7.8861497 ] ] ] ] } },
{ "type": "Feature", "properties": { "Kelas": "Sangat Rendah", "SKOR_LONGSOR": 1 }, "geometry": { "type": "MultiPolygon", "coordinates": [ [ [ [ 110.426629485295663, -7.886924250399411 ], [ 110.427527800579782, -7.886924250399411 ], [ 110.427527800579782, -7.88781995137038 ], [ 110.426629485295663, -7.88781995137038 ], [ 110.426629485295663, -7.886924250399411 ] ] ] ] } },
{ "type": "Feature", "properties": { "Kelas": "Cukup Rendah", "SKOR_LONGSOR": 2 }, "geometry": { "type": "MultiPolygon", "coordinates": [ [ [ [ 110.431121061716269, -7.886924250399411 ], [ 110.432019377000373, -7.886924250399411 ], [ 110.432019377000373, -7.888715650375899 ], [ 110.431121061716269, -7.888715650375899 ], [ 110.431121061716269, -7.886924250399411 ] ] ] ] } },
{ "type": "Feature", "properties": { "Kelas": "Sangat Rendah", "SKOR_LONGSOR": 1 }, "geometry": { "type": "MultiPolygon", "coordinates": [ [ [ [ 110.432019377000373, -7.886924250399411 ], [ 110.432917692284505, -7.886924250399411 ], [ 110.432917692284505, -7.888715650375899 ], [ 110.432019377000373, -7.888715650375899 ], [ 110.432019377000373, -7.886924250399411 ] ] ] ] } },
{ "type": "Feature", "properties": { "Kelas": "Sangat Rendah", "SKOR_LONGSOR": 1 }, "geometry": { "type": "MultiPolygon", "coordinates": [ [ [ [ 110.43561263813686, -7.886924250399411 ], [ 110.437409268705096, -7.886924250399411 ], [ 110.437409268705096, -7.889611347415759 ], [ 110.436510953420978, -7.889611347415759 ], [ 110.436510953420978, -7.88781995137038 ], [ 110.43561263813686, -7.88781995137038 ], [ 110.43561263813686, -7.886924250399411 ] ] ] ] } },
{ "type": "Feature", "properties": { "Kelas": "Cukup Rendah", "SKOR_LONGSOR": 2 }, "geometry": { "type": "MultiPolygon", "coordinates": [ [ [ [ 110.437409268705096, -7.886924250399411 ], [ 110.438307583989214, -7.886924250399411 ], [ 110.438307583989214, -7.88781995137038 ], [ 110.437409268705096, -7.88781995137038 ], [ 110.437409268705096, -7.886924250399411 ] ] ] ] } },
{ "type": "Feature", "properties": { "Kelas": "Cukup Tinggi", "SKOR_LONGSOR": 4 }, "geometry": { "type": "MultiPolygon", "coordinates": [ [ [ [ 110.447290736830411, -7.886924250399411 ], [ 110.448189052114529, -7.886924250399411 ], [ 110.448189052114529, -7.88781995137038 ], [ 110.447290736830411, -7.88781995137038 ], [ 110.447290736830411, -7.886924250399411 ] ] ] ] } },
{ "type": "Feature", "properties": { "Kelas": "Cukup Rendah", "SKOR_LONGSOR": 2 }, "geometry": { "type": "MultiPolygon", "coordinates": [ [ [ [ 110.466155357796922, -7.886924250399411 ], [ 110.46705367308104, -7.886924250399411 ], [ 110.46705367308104, -7.88781995137038 ], [ 110.466155357796922, -7.88781995137038 ], [ 110.466155357796922, -7.886924250399411 ] ] ] ] } },
{ "type": "Feature", "properties": { "Kelas": "Cukup Rendah", "SKOR_LONGSOR": 2 }, "geometry": { "type": "MultiPolygon", "coordinates": [ [ [ [ 110.467951988365172, -7.886924250399411 ], [ 110.468850303649276, -7.886924250399411 ], [ 110.468850303649276, -7.88781995137038 ], [ 110.469748618933409, -7.88781995137038 ], [ 110.469748618933409, -7.888715650375899 ], [ 110.467951988365172, -7.888715650375899 ], [ 110.467951988365172, -7.886924250399411 ] ] ] ] } },
{ "type": "Feature", "properties": { "Kelas": "Sedang", "SKOR_LONGSOR": 3 }, "geometry": { "type": "MultiPolygon", "coordinates": [ [ [ [ 110.475959, -7.8871715 ], [ 110.476036825922236, -7.887319933384025 ], [ 110.476036825922236, -7.88781995137038 ], [ 110.475138510638118, -7.88781995137038 ], [ 110.475138510638118, -7.886924250399411 ], [ 110.47588699260389, -7.886924250399411 ], [ 110.475959, -7.8871715 ] ] ] ] } },
{ "type": "Feature", "properties": { "Kelas": "Cukup Tinggi", "SKOR_LONGSOR": 4 }, "geometry": { "type": "MultiPolygon", "coordinates": [ [ [ [ 110.4760873, -7.8874162 ], [ 110.4762754, -7.8876401 ], [ 110.4764039, -7.8877416 ], [ 110.476488811891826, -7.88781995137038 ], [ 110.476036825922236, -7.88781995137038 ], [ 110.476036825922236, -7.887319933384025 ], [ 110.4760873, -7.8874162 ] ] ] ] } },
{ "type": "Feature", "properties": { "Kelas": "Cukup Rendah", "SKOR_LONGSOR": 2 }, "geometry": { "type": "MultiPolygon", "coordinates": [ [ [ [ 110.42123959359094, -7.88781995137038 ], [ 110.422137908875072, -7.88781995137038 ], [ 110.422137908875072, -7.889611347415759 ], [ 110.42123959359094, -7.889611347415759 ], [ 110.42123959359094, -7.88781995137038 ] ] ] ] } },
{ "type": "Feature", "properties": { "Kelas": "Sangat Rendah", "SKOR_LONGSOR": 1 }, "geometry": { "type": "MultiPolygon", "coordinates": [ [ [ [ 110.430222746432136, -7.88781995137038 ], [ 110.431121061716269, -7.88781995137038 ], [ 110.431121061716269, -7.888715650375899 ], [ 110.430222746432136, -7.888715650375899 ], [ 110.430222746432136, -7.88781995137038 ] ] ] ] } },
{ "type": "Feature", "properties": { "Kelas": "Sedang", "SKOR_LONGSOR": 3 }, "geometry": { "type": "MultiPolygon", "coordinates": [ [ [ [ 110.437409268705096, -7.88781995137038 ], [ 110.438307583989214, -7.88781995137038 ], [ 110.438307583989214, -7.888715650375899 ], [ 110.437409268705096, -7.888715650375899 ], [ 110.437409268705096, -7.88781995137038 ] ] ] ] } },
{ "type": "Feature", "properties": { "Kelas": "Sedang", "SKOR_LONGSOR": 3 }, "geometry": { "type": "MultiPolygon", "coordinates": [ [ [ [ 110.447290736830411, -7.88781995137038 ], [ 110.449087367398647, -7.88781995137038 ], [ 110.449087367398647, -7.888715650375899 ], [ 110.447290736830411, -7.888715650375899 ], [ 110.447290736830411, -7.88781995137038 ] ] ] ] } },
{ "type": "Feature", "properties": { "Kelas": "Sangat Rendah", "SKOR_LONGSOR": 1 }, "geometry": { "type": "MultiPolygon", "coordinates": [ [ [ [ 110.46705367308104, -7.88781995137038 ], [ 110.467951988365172, -7.88781995137038 ], [ 110.467951988365172, -7.888715650375899 ], [ 110.468850303649276, -7.888715650375899 ], [ 110.468850303649276, -7.889611347415759 ], [ 110.46705367308104, -7.889611347415759 ], [ 110.46705367308104, -7.88781995137038 ] ] ] ] } },
{ "type": "Feature", "properties": { "Kelas": "Tinggi", "SKOR_LONGSOR": 0 }, "geometry": { "type": "MultiPolygon", "coordinates": [ [ [ [ 110.470646934217513, -7.88781995137038 ], [ 110.471545249501645, -7.88781995137038 ], [ 110.471545249501645, -7.888715650375899 ], [ 110.470646934217513, -7.888715650375899 ], [ 110.470646934217513, -7.88781995137038 ] ] ] ] } },
{ "type": "Feature", "properties": { "Kelas": "Sangat Rendah", "SKOR_LONGSOR": 1 }, "geometry": { "type": "MultiPolygon", "coordinates": [ [ [ [ 110.473341880069881, -7.88781995137038 ], [ 110.474240195354, -7.88781995137038 ], [ 110.474240195354, -7.888715650375899 ], [ 110.473341880069881, -7.888715650375899 ], [ 110.473341880069881, -7.88781995137038 ] ] ] ] } },
{ "type": "Feature", "properties": { "Kelas": "Cukup Rendah", "SKOR_LONGSOR": 2 }, "geometry": { "type": "MultiPolygon", "coordinates": [ [ [ [ 110.416748017170349, -7.888715650375899 ], [ 110.417646332454467, -7.888715650375899 ], [ 110.417646332454467, -7.889611347415759 ], [ 110.416748017170349, -7.889611347415759 ], [ 110.416748017170349, -7.888715650375899 ] ] ] ] } },
{ "type": "Feature", "properties": { "Kelas": "Sangat Rendah", "SKOR_LONGSOR": 1 }, "geometry": { "type": "MultiPolygon", "coordinates": [ [ [ [ 110.417646332454467, -7.888715650375899 ], [ 110.418544647738585, -7.888715650375899 ], [ 110.418544647738585, -7.889611347415759 ], [ 110.417646332454467, -7.889611347415759 ], [ 110.417646332454467, -7.888715650375899 ] ] ] ] } },
{ "type": "Feature", "properties": { "Kelas": "Cukup Rendah", "SKOR_LONGSOR": 2 }, "geometry": { "type": "MultiPolygon", "coordinates": [ [ [ [ 110.430222746432136, -7.888715650375899 ], [ 110.431121061716269, -7.888715650375899 ], [ 110.431121061716269, -7.889611347415759 ], [ 110.430222746432136, -7.889611347415759 ], [ 110.430222746432136, -7.888715650375899 ] ] ] ] } },
{ "type": "Feature", "properties": { "Kelas": "Cukup Tinggi", "SKOR_LONGSOR": 4 }, "geometry": { "type": "MultiPolygon", "coordinates": [ [ [ [ 110.445494106262174, -7.888715650375899 ], [ 110.446392421546292, -7.888715650375899 ], [ 110.446392421546292, -7.889611347415759 ], [ 110.445494106262174, -7.889611347415759 ], [ 110.445494106262174, -7.888715650375899 ] ] ] ] } },
{ "type": "Feature", "properties": { "Kelas": "Cukup Rendah", "SKOR_LONGSOR": 2 }, "geometry": { "type": "MultiPolygon", "coordinates": [ [ [ [ 110.447290736830411, -7.888715650375899 ], [ 110.448189052114529, -7.888715650375899 ], [ 110.448189052114529, -7.889611347415759 ], [ 110.447290736830411, -7.889611347415759 ], [ 110.447290736830411, -7.888715650375899 ] ] ] ] } },
{ "type": "Feature", "properties": { "Kelas": "Cukup Rendah", "SKOR_LONGSOR": 2 }, "geometry": { "type": "MultiPolygon", "coordinates": [ [ [ [ 110.472443564785749, -7.881550003311369 ], [ 110.472692174499699, -7.881550003311369 ], [ 110.4727402, -7.8817321 ], [ 110.4729233, -7.882033 ], [ 110.4728622, -7.8823744 ], [ 110.4729156, -7.8823864 ], [ 110.4730682, -7.8824164 ], [ 110.4731064, -7.8824278 ], [ 110.4732361, -7.8825041 ], [ 110.4734345, -7.8827063 ], [ 110.4736709, -7.8828738 ], [ 110.4737279, -7.8829968 ], [ 110.4737717, -7.8832162 ], [ 110.4737935, -7.8833698 ], [ 110.4737932, -7.8835453 ], [ 110.4738086, -7.8837582 ], [ 110.4738545, -7.8838394 ], [ 110.4740348, -7.8839186 ], [ 110.4745026, -7.8840407 ], [ 110.4746461, -7.884187 ], [ 110.474675353750513, -7.884237135695992 ], [ 110.474240195354, -7.884237135695992 ], [ 110.474240195354, -7.885132842562 ], [ 110.475171566457192, -7.885132842562 ], [ 110.475173, -7.8851442 ], [ 110.4751904, -7.8852977 ], [ 110.475287, -7.8854339 ], [ 110.4754674, -7.8854868 ], [ 110.4755772, -7.8856229 ], [ 110.4756254, -7.885759 ], [ 110.4757221, -7.8859127 ], [ 110.475745611658141, -7.886028547463212 ], [ 110.475138510638118, -7.886028547463212 ], [ 110.475138510638118, -7.888715650375899 ], [ 110.474240195354, -7.888715650375899 ], [ 110.474240195354, -7.886924250399411 ], [ 110.472443564785749, -7.886924250399411 ], [ 110.472443564785749, -7.885132842562 ], [ 110.471545249501645, -7.885132842562 ], [ 110.471545249501645, -7.886028547463212 ], [ 110.470646934217513, -7.886028547463212 ], [ 110.470646934217513, -7.886924250399411 ], [ 110.468850303649276, -7.886924250399411 ], [ 110.468850303649276, -7.886028547463212 ], [ 110.467951988365172, -7.886028547463212 ], [ 110.467951988365172, -7.885132842562 ], [ 110.468850303649276, -7.885132842562 ], [ 110.468850303649276, -7.884237135695992 ], [ 110.467951988365172, -7.884237135695992 ], [ 110.467951988365172, -7.882445716070458 ], [ 110.466155357796922, -7.882445716070458 ], [ 110.466155357796922, -7.883341426865405 ], [ 110.46705367308104, -7.883341426865405 ], [ 110.46705367308104, -7.884237135695992 ], [ 110.466155357796922, -7.884237135695992 ], [ 110.466155357796922, -7.885132842562 ], [ 110.465257042512803, -7.885132842562 ], [ 110.465257042512803, -7.88781995137038 ], [ 110.466155357796922, -7.88781995137038 ], [ 110.466155357796922, -7.888715650375899 ], [ 110.465257042512803, -7.888715650375899 ], [ 110.465257042512803, -7.889611347415759 ], [ 110.463460411944567, -7.889611347415759 ], [ 110.463460411944567, -7.888715650375899 ], [ 110.464358727228685, -7.888715650375899 ], [ 110.464358727228685, -7.886924250399411 ], [ 110.463460411944567, -7.886924250399411 ], [ 110.463460411944567, -7.886028547463212 ], [ 110.462562096660449, -7.886028547463212 ], [ 110.462562096660449, -7.883341426865405 ], [ 110.460765466092212, -7.883341426865405 ], [ 110.460765466092212, -7.882445716070458 ], [ 110.462562096660449, -7.882445716070458 ], [ 110.462562096660449, -7.880654288588349 ], [ 110.463460411944567, -7.880654288588349 ], [ 110.463460411944567, -7.881550003311369 ], [ 110.464358727228685, -7.881550003311369 ], [ 110.464358727228685, -7.878862853251408 ], [ 110.463460411944567, -7.878862853251408 ], [ 110.463460411944567, -7.877967132637915 ], [ 110.462562096660449, -7.877967132637915 ], [ 110.462562096660449, -7.877071410061366 ], [ 110.461663781376316, -7.877071410061366 ], [ 110.461663781376316, -7.876175685521977 ], [ 110.462562096660449, -7.876175685521977 ], [ 110.462562096660449, -7.875279959019964 ], [ 110.463460411944567, -7.875279959019964 ], [ 110.463460411944567, -7.876175685521977 ], [ 110.466155357796922, -7.876175685521977 ], [ 110.466155357796922, -7.877071410061366 ], [ 110.46705367308104, -7.877071410061366 ], [ 110.46705367308104, -7.877967132637915 ], [ 110.467951988365172, -7.877967132637915 ], [ 110.467951988365172, -7.878862853251408 ], [ 110.468850303649276, -7.878862853251408 ], [ 110.468850303649276, -7.879758571901625 ], [ 110.469748618933409, -7.879758571901625 ], [ 110.469748618933409, -7.877967132637915 ], [ 110.470646934217513, -7.877967132637915 ], [ 110.470646934217513, -7.878862853251408 ], [ 110.471545249501645, -7.878862853251408 ], [ 110.471545249501645, -7.879758571901625 ], [ 110.472310235562304, -7.879758571901625 ], [ 110.4724579, -7.8800475 ], [ 110.4726334, -7.8805286 ], [ 110.472648202168472, -7.880654288588349 ], [ 110.472443564785749, -7.880654288588349 ], [ 110.472443564785749, -7.881550003311369 ] ], [ [ 110.470646934217513, -7.884237135695992 ], [ 110.470646934217513, -7.883341426865405 ], [ 110.468850303649276, -7.883341426865405 ], [ 110.468850303649276, -7.884237135695992 ], [ 110.470646934217513, -7.884237135695992 ] ] ], [ [ [ 110.4711232, -7.8777635 ], [ 110.471260388776443, -7.877967132637915 ], [ 110.470646934217513, -7.877967132637915 ], [ 110.470646934217513, -7.877071410061366 ], [ 110.470726851848042, -7.877071410061366 ], [ 110.4707413, -7.8770963 ], [ 110.4707643, -7.8772398 ], [ 110.4708633, -7.8773272 ], [ 110.4710545, -7.8776382 ], [ 110.4711232, -7.8777635 ] ] ], [ [ [ 110.473587, -7.8750427 ], [ 110.4736709, -7.8751189 ], [ 110.4737167, -7.8752085 ], [ 110.473259, -7.8755833 ], [ 110.4733124, -7.8757373 ], [ 110.4733429, -7.8758523 ], [ 110.4733501, -7.8759023 ], [ 110.4732895, -7.8759476 ], [ 110.4729691, -7.8759257 ], [ 110.4728788, -7.8758876 ], [ 110.4725876, -7.8759648 ], [ 110.4724731, -7.8760006 ], [ 110.4723282, -7.8760692 ], [ 110.4722977, -7.8760835 ], [ 110.4718751, -7.8761055 ], [ 110.471545249501645, -7.876310511156598 ], [ 110.471545249501645, -7.875279959019964 ], [ 110.470646934217513, -7.875279959019964 ], [ 110.470646934217513, -7.874384230555549 ], [ 110.472870279491687, -7.874384230555549 ], [ 110.4728931, -7.8745414 ], [ 110.47292, -7.874624 ], [ 110.473109, -7.8747866 ], [ 110.4732365, -7.8749096 ], [ 110.473587, -7.8750427 ] ] ] ] } },
{ "type": "Feature", "properties": { "Kelas": "Cukup Rendah", "SKOR_LONGSOR": 2 }, "geometry": { "type": "MultiPolygon", "coordinates": [ [ [ [ 110.466155357796922, -7.888715650375899 ], [ 110.46705367308104, -7.888715650375899 ], [ 110.46705367308104, -7.889611347415759 ], [ 110.466155357796922, -7.889611347415759 ], [ 110.466155357796922, -7.888715650375899 ] ] ] ] } },
{ "type": "Feature", "properties": { "Kelas": "Sedang", "SKOR_LONGSOR": 3 }, "geometry": { "type": "MultiPolygon", "coordinates": [ [ [ [ 110.471545249501645, -7.888715650375899 ], [ 110.472443564785749, -7.888715650375899 ], [ 110.472443564785749, -7.889611347415759 ], [ 110.471545249501645, -7.889611347415759 ], [ 110.471545249501645, -7.888715650375899 ] ] ] ] } },
{ "type": "Feature", "properties": { "Kelas": "Cukup Tinggi", "SKOR_LONGSOR": 4 }, "geometry": { "type": "MultiPolygon", "coordinates": [ [ [ [ 110.474240195354, -7.888715650375899 ], [ 110.475138510638118, -7.888715650375899 ], [ 110.475138510638118, -7.889611347415759 ], [ 110.474240195354, -7.889611347415759 ], [ 110.474240195354, -7.888715650375899 ] ] ] ] } },
{ "type": "Feature", "properties": { "Kelas": "Cukup Rendah", "SKOR_LONGSOR": 2 }, "geometry": { "type": "MultiPolygon", "coordinates": [ [ [ [ 110.475138510638118, -7.888715650375899 ], [ 110.476036825922236, -7.888715650375899 ], [ 110.476036825922236, -7.889611347415759 ], [ 110.475138510638118, -7.889611347415759 ], [ 110.475138510638118, -7.888715650375899 ] ] ] ] } },
{ "type": "Feature", "properties": { "Kelas": "Cukup Tinggi", "SKOR_LONGSOR": 4 }, "geometry": { "type": "MultiPolygon", "coordinates": [ [ [ [ 110.4763932, -7.8890745 ], [ 110.4763301, -7.889313 ], [ 110.476403068598728, -7.889611347415759 ], [ 110.476036825922236, -7.889611347415759 ], [ 110.476036825922236, -7.888715650375899 ], [ 110.476733240356367, -7.888715650375899 ], [ 110.4763932, -7.8890745 ] ] ] ] } },
{ "type": "Feature", "properties": { "Kelas": "Sedang", "SKOR_LONGSOR": 3 }, "geometry": { "type": "MultiPolygon", "coordinates": [ [ [ [ 110.4809112, -7.8890867 ], [ 110.4809231, -7.8890843 ], [ 110.481102, -7.8890481 ], [ 110.481426717626945, -7.889012656560261 ], [ 110.481426717626945, -7.889611347415759 ], [ 110.480528402342841, -7.889611347415759 ], [ 110.480528402342841, -7.889165430786016 ], [ 110.4809112, -7.8890867 ] ] ] ] } },
{ "type": "Feature", "properties": { "Kelas": "Sangat Rendah", "SKOR_LONGSOR": 1 }, "geometry": { "type": "MultiPolygon", "coordinates": [ [ [ [ 110.418544647738585, -7.886924250399411 ], [ 110.420341278306836, -7.886924250399411 ], [ 110.420341278306836, -7.88781995137038 ], [ 110.42123959359094, -7.88781995137038 ], [ 110.42123959359094, -7.889611347415759 ], [ 110.422137908875072, -7.889611347415759 ], [ 110.422137908875072, -7.88781995137038 ], [ 110.423036224159176, -7.88781995137038 ], [ 110.423036224159176, -7.889611347415759 ], [ 110.423934539443309, -7.889611347415759 ], [ 110.423934539443309, -7.890507042489733 ], [ 110.425731170011545, -7.890507042489733 ], [ 110.425731170011545, -7.891402735597606 ], [ 110.424832854727427, -7.891402735597606 ], [ 110.424832854727427, -7.892298426739164 ], [ 110.423934539443309, -7.892298426739164 ], [ 110.423934539443309, -7.891402735597606 ], [ 110.423036224159176, -7.891402735597606 ], [ 110.423036224159176, -7.890507042489733 ], [ 110.422137908875072, -7.890507042489733 ], [ 110.422137908875072, -7.891402735597606 ], [ 110.42123959359094, -7.891402735597606 ], [ 110.42123959359094, -7.890507042489733 ], [ 110.420341278306836, -7.890507042489733 ], [ 110.420341278306836, -7.889611347415759 ], [ 110.419442963022703, -7.889611347415759 ], [ 110.419442963022703, -7.88781995137038 ], [ 110.418544647738585, -7.88781995137038 ], [ 110.418544647738585, -7.886924250399411 ] ] ] ] } },
{ "type": "Feature", "properties": { "Kelas": "Sangat Rendah", "SKOR_LONGSOR": 1 }, "geometry": { "type": "MultiPolygon", "coordinates": [ [ [ [ 110.4804916, -7.889173 ], [ 110.480528402342841, -7.889165430786016 ], [ 110.480528402342841, -7.890507042489733 ], [ 110.479630087058709, -7.890507042489733 ], [ 110.479630087058709, -7.889611347415759 ], [ 110.478372464675502, -7.889611347415759 ], [ 110.4786759, -7.8895788 ], [ 110.479126, -7.889533 ], [ 110.4804916, -7.889173 ] ] ], [ [ [ 110.4768697, -7.8882819 ], [ 110.4768516, -7.8884191 ], [ 110.4768514, -7.8885831 ], [ 110.4767855, -7.8886605 ], [ 110.476733240356367, -7.888715650375899 ], [ 110.475138510638118, -7.888715650375899 ], [ 110.475138510638118, -7.88781995137038 ], [ 110.476488811891826, -7.88781995137038 ], [ 110.4766757, -7.8879924 ], [ 110.4768041, -7.8881566 ], [ 110.4768697, -7.8882819 ] ] ] ] } },
{ "type": "Feature", "properties": { "Kelas": "Sangat Rendah", "SKOR_LONGSOR": 1 }, "geometry": { "type": "MultiPolygon", "coordinates": [ [ [ [ 110.426629485295663, -7.888715650375899 ], [ 110.427527800579782, -7.888715650375899 ], [ 110.427527800579782, -7.890507042489733 ], [ 110.426629485295663, -7.890507042489733 ], [ 110.426629485295663, -7.888715650375899 ] ] ] ] } },
{ "type": "Feature", "properties": { "Kelas": "Sangat Rendah", "SKOR_LONGSOR": 1 }, "geometry": { "type": "MultiPolygon", "coordinates": [ [ [ [ 110.4284261158639, -7.888715650375899 ], [ 110.429324431148018, -7.888715650375899 ], [ 110.429324431148018, -7.891402735597606 ], [ 110.4284261158639, -7.891402735597606 ], [ 110.4284261158639, -7.888715650375899 ] ] ] ] } },
{ "type": "Feature", "properties": { "Kelas": "Cukup Rendah", "SKOR_LONGSOR": 2 }, "geometry": { "type": "MultiPolygon", "coordinates": [ [ [ [ 110.4771007, -7.8900173 ], [ 110.4772354, -7.8899237 ], [ 110.4775378, -7.8897137 ], [ 110.4777352, -7.8896573 ], [ 110.4780522, -7.8896457 ], [ 110.478372464675502, -7.889611347415759 ], [ 110.479630087058709, -7.889611347415759 ], [ 110.479630087058709, -7.890507042489733 ], [ 110.480528402342841, -7.890507042489733 ], [ 110.480528402342841, -7.889611347415759 ], [ 110.481426717626945, -7.889611347415759 ], [ 110.481426717626945, -7.889012656560261 ], [ 110.4815216, -7.8890023 ], [ 110.4820938, -7.8888774 ], [ 110.4827499, -7.8887529 ], [ 110.482980968806416, -7.888715650375899 ], [ 110.484085590075964, -7.888715650375899 ], [ 110.484121663479314, -7.888730088139429 ], [ 110.484121663479314, -7.889611347415759 ], [ 110.485019978763432, -7.889611347415759 ], [ 110.485019978763432, -7.890507042489733 ], [ 110.482325032911078, -7.890507042489733 ], [ 110.482325032911078, -7.891402735597606 ], [ 110.481426717626945, -7.891402735597606 ], [ 110.481426717626945, -7.892298426739164 ], [ 110.480528402342841, -7.892298426739164 ], [ 110.480528402342841, -7.894089803122462 ], [ 110.478731771774605, -7.894089803122462 ], [ 110.478731771774605, -7.893194115914192 ], [ 110.477833456490472, -7.893194115914192 ], [ 110.477833456490472, -7.892298426739164 ], [ 110.476935141206354, -7.892298426739164 ], [ 110.476935141206354, -7.890064485078227 ], [ 110.4771007, -7.8900173 ] ] ] ] } },
{ "type": "Feature", "properties": { "Kelas": "Cukup Rendah", "SKOR_LONGSOR": 2 }, "geometry": { "type": "MultiPolygon", "coordinates": [ [ [ [ 110.417646332454467, -7.889611347415759 ], [ 110.418544647738585, -7.889611347415759 ], [ 110.418544647738585, -7.890507042489733 ], [ 110.419442963022703, -7.890507042489733 ], [ 110.419442963022703, -7.889611347415759 ], [ 110.420341278306836, -7.889611347415759 ], [ 110.420341278306836, -7.890507042489733 ], [ 110.42123959359094, -7.890507042489733 ], [ 110.42123959359094, -7.891402735597606 ], [ 110.422137908875072, -7.891402735597606 ], [ 110.422137908875072, -7.890507042489733 ], [ 110.423036224159176, -7.890507042489733 ], [ 110.423036224159176, -7.891402735597606 ], [ 110.423934539443309, -7.891402735597606 ], [ 110.423934539443309, -7.892298426739164 ], [ 110.42123959359094, -7.892298426739164 ], [ 110.42123959359094, -7.893194115914192 ], [ 110.419442963022703, -7.893194115914192 ], [ 110.419442963022703, -7.892298426739164 ], [ 110.418544647738585, -7.892298426739164 ], [ 110.418544647738585, -7.891402735597606 ], [ 110.417646332454467, -7.891402735597606 ], [ 110.417646332454467, -7.889611347415759 ] ] ] ] } },
{ "type": "Feature", "properties": { "Kelas": "Sangat Rendah", "SKOR_LONGSOR": 1 }, "geometry": { "type": "MultiPolygon", "coordinates": [ [ [ [ 110.418544647738585, -7.889611347415759 ], [ 110.419442963022703, -7.889611347415759 ], [ 110.419442963022703, -7.890507042489733 ], [ 110.418544647738585, -7.890507042489733 ], [ 110.418544647738585, -7.889611347415759 ] ] ] ] } },
{ "type": "Feature", "properties": { "Kelas": "Sedang", "SKOR_LONGSOR": 3 }, "geometry": { "type": "MultiPolygon", "coordinates": [ [ [ [ 110.446392421546292, -7.889611347415759 ], [ 110.447290736830411, -7.889611347415759 ], [ 110.447290736830411, -7.890507042489733 ], [ 110.446392421546292, -7.890507042489733 ], [ 110.446392421546292, -7.889611347415759 ] ] ] ] } },
{ "type": "Feature", "properties": { "Kelas": "Cukup Rendah", "SKOR_LONGSOR": 2 }, "geometry": { "type": "MultiPolygon", "coordinates": [ [ [ [ 110.453578943819252, -7.889611347415759 ], [ 110.454477259103371, -7.889611347415759 ], [ 110.454477259103371, -7.890507042489733 ], [ 110.453578943819252, -7.890507042489733 ], [ 110.453578943819252, -7.889611347415759 ] ] ] ] } },
{ "type": "Feature", "properties": { "Kelas": "Sangat Rendah", "SKOR_LONGSOR": 1 }, "geometry": { "type": "MultiPolygon", "coordinates": [ [ [ [ 110.45986715080808, -7.889611347415759 ], [ 110.460765466092212, -7.889611347415759 ], [ 110.460765466092212, -7.890507042489733 ], [ 110.45986715080808, -7.890507042489733 ], [ 110.45986715080808, -7.889611347415759 ] ] ] ] } },
{ "type": "Feature", "properties": { "Kelas": "Cukup Rendah", "SKOR_LONGSOR": 2 }, "geometry": { "type": "MultiPolygon", "coordinates": [ [ [ [ 110.46705367308104, -7.889611347415759 ], [ 110.467951988365172, -7.889611347415759 ], [ 110.467951988365172, -7.890507042489733 ], [ 110.46705367308104, -7.890507042489733 ], [ 110.46705367308104, -7.889611347415759 ] ] ] ] } },
{ "type": "Feature", "properties": { "Kelas": "Sedang", "SKOR_LONGSOR": 3 }, "geometry": { "type": "MultiPolygon", "coordinates": [ [ [ [ 110.467951988365172, -7.889611347415759 ], [ 110.468850303649276, -7.889611347415759 ], [ 110.468850303649276, -7.890507042489733 ], [ 110.467951988365172, -7.890507042489733 ], [ 110.467951988365172, -7.889611347415759 ] ] ] ] } },
{ "type": "Feature", "properties": { "Kelas": "Tinggi", "SKOR_LONGSOR": 0 }, "geometry": { "type": "MultiPolygon", "coordinates": [ [ [ [ 110.469748618933409, -7.889611347415759 ], [ 110.470646934217513, -7.889611347415759 ], [ 110.470646934217513, -7.890507042489733 ], [ 110.469748618933409, -7.890507042489733 ], [ 110.469748618933409, -7.889611347415759 ] ] ] ] } },
{ "type": "Feature", "properties": { "Kelas": "Sangat Rendah", "SKOR_LONGSOR": 1 }, "geometry": { "type": "MultiPolygon", "coordinates": [ [ [ [ 110.473341880069881, -7.889611347415759 ], [ 110.476036825922236, -7.889611347415759 ], [ 110.476036825922236, -7.890507042489733 ], [ 110.473341880069881, -7.890507042489733 ], [ 110.473341880069881, -7.889611347415759 ] ] ] ] } },
{ "type": "Feature", "properties": { "Kelas": "Sedang", "SKOR_LONGSOR": 3 }, "geometry": { "type": "MultiPolygon", "coordinates": [ [ [ [ 110.4764045, -7.8896172 ], [ 110.4765116, -7.8900348 ], [ 110.4767377, -7.8901221 ], [ 110.4767808, -7.8900966 ], [ 110.4767986, -7.8901034 ], [ 110.476935141206354, -7.890064485078227 ], [ 110.476935141206354, -7.890507042489733 ], [ 110.476036825922236, -7.890507042489733 ], [ 110.476036825922236, -7.889611347415759 ], [ 110.476403068598728, -7.889611347415759 ], [ 110.4764045, -7.8896172 ] ] ] ] } },
{ "type": "Feature", "properties": { "Kelas": "Cukup Rendah", "SKOR_LONGSOR": 2 }, "geometry": { "type": "MultiPolygon", "coordinates": [ [ [ [ 110.405968233760916, -7.890507042489733 ], [ 110.406866549045034, -7.890507042489733 ], [ 110.406866549045034, -7.891402735597606 ], [ 110.405968233760916, -7.891402735597606 ], [ 110.405968233760916, -7.890507042489733 ] ] ] ] } },
{ "type": "Feature", "properties": { "Kelas": "Sangat Rendah", "SKOR_LONGSOR": 1 }, "geometry": { "type": "MultiPolygon", "coordinates": [ [ [ [ 110.406866549045034, -7.890507042489733 ], [ 110.407764864329152, -7.890507042489733 ], [ 110.407764864329152, -7.891402735597606 ], [ 110.406866549045034, -7.891402735597606 ], [ 110.406866549045034, -7.890507042489733 ] ] ] ] } },
{ "type": "Feature", "properties": { "Kelas": "Sedang", "SKOR_LONGSOR": 3 }, "geometry": { "type": "MultiPolygon", "coordinates": [ [ [ [ 110.43561263813686, -7.890507042489733 ], [ 110.436510953420978, -7.890507042489733 ], [ 110.436510953420978, -7.891402735597606 ], [ 110.43561263813686, -7.891402735597606 ], [ 110.43561263813686, -7.890507042489733 ] ] ] ] } },
{ "type": "Feature", "properties": { "Kelas": "Cukup Tinggi", "SKOR_LONGSOR": 4 }, "geometry": { "type": "MultiPolygon", "coordinates": [ [ [ [ 110.444595790978042, -7.890507042489733 ], [ 110.445494106262174, -7.890507042489733 ], [ 110.445494106262174, -7.891402735597606 ], [ 110.444595790978042, -7.891402735597606 ], [ 110.444595790978042, -7.890507042489733 ] ] ] ] } },
{ "type": "Feature", "properties": { "Kelas": "Cukup Rendah", "SKOR_LONGSOR": 2 }, "geometry": { "type": "MultiPolygon", "coordinates": [ [ [ [ 110.458968835523976, -7.890507042489733 ], [ 110.45986715080808, -7.890507042489733 ], [ 110.45986715080808, -7.891402735597606 ], [ 110.463460411944567, -7.891402735597606 ], [ 110.463460411944567, -7.894089803122462 ], [ 110.462562096660449, -7.894089803122462 ], [ 110.462562096660449, -7.894985488363771 ], [ 110.45986715080808, -7.894985488363771 ], [ 110.45986715080808, -7.893194115914192 ], [ 110.458968835523976, -7.893194115914192 ], [ 110.458968835523976, -7.890507042489733 ] ] ] ] } },
{ "type": "Feature", "properties": { "Kelas": "Sangat Rendah", "SKOR_LONGSOR": 1 }, "geometry": { "type": "MultiPolygon", "coordinates": [ [ [ [ 110.462562096660449, -7.890507042489733 ], [ 110.463460411944567, -7.890507042489733 ], [ 110.463460411944567, -7.891402735597606 ], [ 110.462562096660449, -7.891402735597606 ], [ 110.462562096660449, -7.890507042489733 ] ] ] ] } },
{ "type": "Feature", "properties": { "Kelas": "Cukup Rendah", "SKOR_LONGSOR": 2 }, "geometry": { "type": "MultiPolygon", "coordinates": [ [ [ [ 110.463460411944567, -7.890507042489733 ], [ 110.466155357796922, -7.890507042489733 ], [ 110.466155357796922, -7.891402735597606 ], [ 110.463460411944567, -7.891402735597606 ], [ 110.463460411944567, -7.890507042489733 ] ] ] ] } },
{ "type": "Feature", "properties": { "Kelas": "Sangat Rendah", "SKOR_LONGSOR": 1 }, "geometry": { "type": "MultiPolygon", "coordinates": [ [ [ [ 110.46705367308104, -7.890507042489733 ], [ 110.467951988365172, -7.890507042489733 ], [ 110.467951988365172, -7.891402735597606 ], [ 110.46705367308104, -7.891402735597606 ], [ 110.46705367308104, -7.890507042489733 ] ] ] ] } },
{ "type": "Feature", "properties": { "Kelas": "Cukup Tinggi", "SKOR_LONGSOR": 4 }, "geometry": { "type": "MultiPolygon", "coordinates": [ [ [ [ 110.467951988365172, -7.890507042489733 ], [ 110.468850303649276, -7.890507042489733 ], [ 110.468850303649276, -7.891402735597606 ], [ 110.467951988365172, -7.891402735597606 ], [ 110.467951988365172, -7.890507042489733 ] ] ] ] } },
{ "type": "Feature", "properties": { "Kelas": "Tinggi", "SKOR_LONGSOR": 0 }, "geometry": { "type": "MultiPolygon", "coordinates": [ [ [ [ 110.468850303649276, -7.890507042489733 ], [ 110.469748618933409, -7.890507042489733 ], [ 110.469748618933409, -7.891402735597606 ], [ 110.468850303649276, -7.891402735597606 ], [ 110.468850303649276, -7.890507042489733 ] ] ] ] } },
{ "type": "Feature", "properties": { "Kelas": "Sedang", "SKOR_LONGSOR": 3 }, "geometry": { "type": "MultiPolygon", "coordinates": [ [ [ [ 110.472443564785749, -7.890507042489733 ], [ 110.474240195354, -7.890507042489733 ], [ 110.474240195354, -7.891402735597606 ], [ 110.472443564785749, -7.891402735597606 ], [ 110.472443564785749, -7.890507042489733 ] ] ] ] } },
{ "type": "Feature", "properties": { "Kelas": "Cukup Rendah", "SKOR_LONGSOR": 2 }, "geometry": { "type": "MultiPolygon", "coordinates": [ [ [ [ 110.474240195354, -7.890507042489733 ], [ 110.476036825922236, -7.890507042489733 ], [ 110.476036825922236, -7.891402735597606 ], [ 110.474240195354, -7.891402735597606 ], [ 110.474240195354, -7.890507042489733 ] ] ] ] } },
{ "type": "Feature", "properties": { "Kelas": "Sangat Rendah", "SKOR_LONGSOR": 1 }, "geometry": { "type": "MultiPolygon", "coordinates": [ [ [ [ 110.476036825922236, -7.890507042489733 ], [ 110.476935141206354, -7.890507042489733 ], [ 110.476935141206354, -7.891402735597606 ], [ 110.476036825922236, -7.891402735597606 ], [ 110.476036825922236, -7.890507042489733 ] ] ] ] } },
{ "type": "Feature", "properties": { "Kelas": "Cukup Tinggi", "SKOR_LONGSOR": 4 }, "geometry": { "type": "MultiPolygon", "coordinates": [ [ [ [ 110.4846039, -7.8889084 ], [ 110.4848099, -7.8890285 ], [ 110.4850465, -7.8893485 ], [ 110.4852524, -7.8895812 ], [ 110.4854889, -7.8898201 ], [ 110.4857864, -7.8900289 ], [ 110.4860535, -7.8900752 ], [ 110.4864426, -7.890079 ], [ 110.486702, -7.8900566 ], [ 110.4871063, -7.8899608 ], [ 110.487714924615787, -7.889882025083241 ], [ 110.487714924615787, -7.890507042489733 ], [ 110.485918294047551, -7.890507042489733 ], [ 110.485918294047551, -7.891402735597606 ], [ 110.486816609331669, -7.891402735597606 ], [ 110.486816609331669, -7.892298426739164 ], [ 110.487714924615787, -7.892298426739164 ], [ 110.487714924615787, -7.893194115914192 ], [ 110.485918294047551, -7.893194115914192 ], [ 110.485918294047551, -7.892298426739164 ], [ 110.484121663479314, -7.892298426739164 ], [ 110.484121663479314, -7.891402735597606 ], [ 110.482325032911078, -7.891402735597606 ], [ 110.482325032911078, -7.890507042489733 ], [ 110.485019978763432, -7.890507042489733 ], [ 110.485019978763432, -7.889611347415759 ], [ 110.484121663479314, -7.889611347415759 ], [ 110.484121663479314, -7.888730088139429 ], [ 110.4842816, -7.8887941 ], [ 110.4842834, -7.8887947 ], [ 110.4846039, -7.8889084 ] ] ], [ [ [ 110.484085590075964, -7.888715650375899 ], [ 110.482980968806416, -7.888715650375899 ], [ 110.4835129, -7.8886299 ], [ 110.484024, -7.888691 ], [ 110.484085590075964, -7.888715650375899 ] ] ] ] } },
{ "type": "Feature", "properties": { "Kelas": "Cukup Rendah", "SKOR_LONGSOR": 2 }, "geometry": { "type": "MultiPolygon", "coordinates": [ [ [ [ 110.4882584, -7.8900108 ], [ 110.4883423, -7.8900981 ], [ 110.4884949, -7.8901238 ], [ 110.4887238, -7.8901763 ], [ 110.4889908, -7.8902888 ], [ 110.4890747, -7.8903718 ], [ 110.4893417, -7.890388 ], [ 110.4897308, -7.8905973 ], [ 110.4904887, -7.8909164 ], [ 110.4905933, -7.8909583 ], [ 110.4911495, -7.89095 ], [ 110.4915414, -7.890873 ], [ 110.491879, -7.8911805 ], [ 110.492188111845067, -7.891402735597606 ], [ 110.489511555184038, -7.891402735597606 ], [ 110.489511555184038, -7.892298426739164 ], [ 110.488613239899905, -7.892298426739164 ], [ 110.488613239899905, -7.893194115914192 ], [ 110.487714924615787, -7.893194115914192 ], [ 110.487714924615787, -7.892298426739164 ], [ 110.486816609331669, -7.892298426739164 ], [ 110.486816609331669, -7.891402735597606 ], [ 110.485918294047551, -7.891402735597606 ], [ 110.485918294047551, -7.890507042489733 ], [ 110.487714924615787, -7.890507042489733 ], [ 110.487714924615787, -7.889882025083241 ], [ 110.4877777, -7.8898739 ], [ 110.4882202, -7.8898964 ], [ 110.4882584, -7.8900108 ] ], [ [ 110.489511555184038, -7.890507042489733 ], [ 110.488613239899905, -7.890507042489733 ], [ 110.488613239899905, -7.891402735597606 ], [ 110.489511555184038, -7.891402735597606 ], [ 110.489511555184038, -7.890507042489733 ] ] ] ] } },
{ "type": "Feature", "properties": { "Kelas": "Sangat Rendah", "SKOR_LONGSOR": 1 }, "geometry": { "type": "MultiPolygon", "coordinates": [ [ [ [ 110.488613239899905, -7.890507042489733 ], [ 110.489511555184038, -7.890507042489733 ], [ 110.489511555184038, -7.891402735597606 ], [ 110.488613239899905, -7.891402735597606 ], [ 110.488613239899905, -7.890507042489733 ] ] ] ] } },
{ "type": "Feature", "properties": { "Kelas": "Sedang", "SKOR_LONGSOR": 3 }, "geometry": { "type": "MultiPolygon", "coordinates": [ [ [ [ 110.405069918476798, -7.891402735597606 ], [ 110.405968233760916, -7.891402735597606 ], [ 110.405968233760916, -7.892298426739164 ], [ 110.405069918476798, -7.892298426739164 ], [ 110.405069918476798, -7.891402735597606 ] ] ] ] } },
{ "type": "Feature", "properties": { "Kelas": "Sedang", "SKOR_LONGSOR": 3 }, "geometry": { "type": "MultiPolygon", "coordinates": [ [ [ [ 110.407764864329152, -7.891402735597606 ], [ 110.408663179613271, -7.891402735597606 ], [ 110.408663179613271, -7.892298426739164 ], [ 110.407764864329152, -7.892298426739164 ], [ 110.407764864329152, -7.891402735597606 ] ] ] ] } },
{ "type": "Feature", "properties": { "Kelas": "Cukup Rendah", "SKOR_LONGSOR": 2 }, "geometry": { "type": "MultiPolygon", "coordinates": [ [ [ [ 110.426629485295663, -7.88781995137038 ], [ 110.4284261158639, -7.88781995137038 ], [ 110.4284261158639, -7.892298426739164 ], [ 110.427527800579782, -7.892298426739164 ], [ 110.427527800579782, -7.893194115914192 ], [ 110.426629485295663, -7.893194115914192 ], [ 110.426629485295663, -7.892298426739164 ], [ 110.425731170011545, -7.892298426739164 ], [ 110.425731170011545, -7.893194115914192 ], [ 110.424832854727427, -7.893194115914192 ], [ 110.424832854727427, -7.891402735597606 ], [ 110.426629485295663, -7.891402735597606 ], [ 110.426629485295663, -7.890507042489733 ], [ 110.427527800579782, -7.890507042489733 ], [ 110.427527800579782, -7.888715650375899 ], [ 110.426629485295663, -7.888715650375899 ], [ 110.426629485295663, -7.88781995137038 ] ] ] ] } },
{ "type": "Feature", "properties": { "Kelas": "Sangat Rendah", "SKOR_LONGSOR": 1 }, "geometry": { "type": "MultiPolygon", "coordinates": [ [ [ [ 110.429324431148018, -7.891402735597606 ], [ 110.430222746432136, -7.891402735597606 ], [ 110.430222746432136, -7.892298426739164 ], [ 110.429324431148018, -7.892298426739164 ], [ 110.429324431148018, -7.891402735597606 ] ] ] ] } },
{ "type": "Feature", "properties": { "Kelas": "Cukup Rendah", "SKOR_LONGSOR": 2 }, "geometry": { "type": "MultiPolygon", "coordinates": [ [ [ [ 110.433816007568609, -7.891402735597606 ], [ 110.434714322852741, -7.891402735597606 ], [ 110.434714322852741, -7.892298426739164 ], [ 110.433816007568609, -7.892298426739164 ], [ 110.433816007568609, -7.891402735597606 ] ] ] ] } },
{ "type": "Feature", "properties": { "Kelas": "Cukup Tinggi", "SKOR_LONGSOR": 4 }, "geometry": { "type": "MultiPolygon", "coordinates": [ [ [ [ 110.441900845125701, -7.891402735597606 ], [ 110.442799160409805, -7.891402735597606 ], [ 110.442799160409805, -7.892298426739164 ], [ 110.441900845125701, -7.892298426739164 ], [ 110.441900845125701, -7.891402735597606 ] ] ] ] } },
{ "type": "Feature", "properties": { "Kelas": "Sangat Rendah", "SKOR_LONGSOR": 1 }, "geometry": { "type": "MultiPolygon", "coordinates": [ [ [ [ 110.445494106262174, -7.891402735597606 ], [ 110.446392421546292, -7.891402735597606 ], [ 110.446392421546292, -7.892298426739164 ], [ 110.445494106262174, -7.892298426739164 ], [ 110.445494106262174, -7.891402735597606 ] ] ] ] } },
{ "type": "Feature", "properties": { "Kelas": "Tinggi", "SKOR_LONGSOR": 0 }, "geometry": { "type": "MultiPolygon", "coordinates": [ [ [ [ 110.467951988365172, -7.891402735597606 ], [ 110.468850303649276, -7.891402735597606 ], [ 110.468850303649276, -7.892298426739164 ], [ 110.467951988365172, -7.892298426739164 ], [ 110.467951988365172, -7.891402735597606 ] ] ] ] } },
{ "type": "Feature", "properties": { "Kelas": "Sangat Rendah", "SKOR_LONGSOR": 1 }, "geometry": { "type": "MultiPolygon", "coordinates": [ [ [ [ 110.472443564785749, -7.891402735597606 ], [ 110.474240195354, -7.891402735597606 ], [ 110.474240195354, -7.892298426739164 ], [ 110.472443564785749, -7.892298426739164 ], [ 110.472443564785749, -7.891402735597606 ] ] ] ] } },
{ "type": "Feature", "properties": { "Kelas": "Sedang", "SKOR_LONGSOR": 3 }, "geometry": { "type": "MultiPolygon", "coordinates": [ [ [ [ 110.474240195354, -7.891402735597606 ], [ 110.475138510638118, -7.891402735597606 ], [ 110.475138510638118, -7.892298426739164 ], [ 110.474240195354, -7.892298426739164 ], [ 110.474240195354, -7.891402735597606 ] ] ] ] } },
{ "type": "Feature", "properties": { "Kelas": "Cukup Tinggi", "SKOR_LONGSOR": 4 }, "geometry": { "type": "MultiPolygon", "coordinates": [ [ [ [ 110.481426717626945, -7.891402735597606 ], [ 110.482325032911078, -7.891402735597606 ], [ 110.482325032911078, -7.892298426739164 ], [ 110.481426717626945, -7.892298426739164 ], [ 110.481426717626945, -7.891402735597606 ] ] ] ] } },
{ "type": "Feature", "properties": { "Kelas": "Cukup Rendah", "SKOR_LONGSOR": 2 }, "geometry": { "type": "MultiPolygon", "coordinates": [ [ [ [ 110.482325032911078, -7.891402735597606 ], [ 110.484121663479314, -7.891402735597606 ], [ 110.484121663479314, -7.892298426739164 ], [ 110.482325032911078, -7.892298426739164 ], [ 110.482325032911078, -7.891402735597606 ] ] ] ] } },
{ "type": "Feature", "properties": { "Kelas": "Sangat Rendah", "SKOR_LONGSOR": 1 }, "geometry": { "type": "MultiPolygon", "coordinates": [ [ [ [ 110.4922405, -7.8914404 ], [ 110.4924766, -7.8915957 ], [ 110.4927395, -7.8918018 ], [ 110.4930147, -7.8917962 ], [ 110.4932816, -7.8912031 ], [ 110.4936976, -7.8908905 ], [ 110.494003131604615, -7.890889269743189 ], [ 110.494003131604615, -7.891402735597606 ], [ 110.494901446888747, -7.891402735597606 ], [ 110.494901446888747, -7.892298426739164 ], [ 110.495799762172865, -7.892298426739164 ], [ 110.495799762172865, -7.891467786918861 ], [ 110.4960294, -7.8916597 ], [ 110.4963936, -7.8921551 ], [ 110.4965512, -7.8929723 ], [ 110.4965656, -7.8934137 ], [ 110.4965499, -7.8940428 ], [ 110.4964655, -7.8946004 ], [ 110.4963334, -7.894958 ], [ 110.496324814992974, -7.894985488363771 ], [ 110.494901446888747, -7.894985488363771 ], [ 110.494901446888747, -7.893194115914192 ], [ 110.494003131604615, -7.893194115914192 ], [ 110.494003131604615, -7.892298426739164 ], [ 110.491308185752274, -7.892298426739164 ], [ 110.491308185752274, -7.893194115914192 ], [ 110.490409870468142, -7.893194115914192 ], [ 110.490409870468142, -7.892298426739164 ], [ 110.489511555184038, -7.892298426739164 ], [ 110.489511555184038, -7.891402735597606 ], [ 110.492188111845067, -7.891402735597606 ], [ 110.4922405, -7.8914404 ] ] ] ] } },
{ "type": "Feature", "properties": { "Kelas": "Sangat Rendah", "SKOR_LONGSOR": 1 }, "geometry": { "type": "MultiPolygon", "coordinates": [ [ [ [ 110.402374972624443, -7.892298426739164 ], [ 110.403273287908561, -7.892298426739164 ], [ 110.403273287908561, -7.893194115914192 ], [ 110.402374972624443, -7.893194115914192 ], [ 110.402374972624443, -7.892298426739164 ] ] ] ] } },
{ "type": "Feature", "properties": { "Kelas": "Cukup Tinggi", "SKOR_LONGSOR": 4 }, "geometry": { "type": "MultiPolygon", "coordinates": [ [ [ [ 110.405968233760916, -7.891402735597606 ], [ 110.407764864329152, -7.891402735597606 ], [ 110.407764864329152, -7.892298426739164 ], [ 110.406866549045034, -7.892298426739164 ], [ 110.406866549045034, -7.893194115914192 ], [ 110.405069918476798, -7.893194115914192 ], [ 110.405069918476798, -7.892298426739164 ], [ 110.405968233760916, -7.892298426739164 ], [ 110.405968233760916, -7.891402735597606 ] ] ] ] } },
{ "type": "Feature", "properties": { "Kelas": "Sedang", "SKOR_LONGSOR": 3 }, "geometry": { "type": "MultiPolygon", "coordinates": [ [ [ [ 110.406866549045034, -7.892298426739164 ], [ 110.407764864329152, -7.892298426739164 ], [ 110.407764864329152, -7.894089803122462 ], [ 110.406866549045034, -7.894089803122462 ], [ 110.406866549045034, -7.892298426739164 ] ] ] ] } },
{ "type": "Feature", "properties": { "Kelas": "Sangat Rendah", "SKOR_LONGSOR": 1 }, "geometry": { "type": "MultiPolygon", "coordinates": [ [ [ [ 110.427527800579782, -7.892298426739164 ], [ 110.4284261158639, -7.892298426739164 ], [ 110.4284261158639, -7.893194115914192 ], [ 110.427527800579782, -7.893194115914192 ], [ 110.427527800579782, -7.892298426739164 ] ] ] ] } },
{ "type": "Feature", "properties": { "Kelas": "Cukup Rendah", "SKOR_LONGSOR": 2 }, "geometry": { "type": "MultiPolygon", "coordinates": [ [ [ [ 110.430222746432136, -7.892298426739164 ], [ 110.431121061716269, -7.892298426739164 ], [ 110.431121061716269, -7.893194115914192 ], [ 110.430222746432136, -7.893194115914192 ], [ 110.430222746432136, -7.892298426739164 ] ] ] ] } },
{ "type": "Feature", "properties": { "Kelas": "Cukup Rendah", "SKOR_LONGSOR": 2 }, "geometry": { "type": "MultiPolygon", "coordinates": [ [ [ [ 110.432917692284505, -7.892298426739164 ], [ 110.433816007568609, -7.892298426739164 ], [ 110.433816007568609, -7.894089803122462 ], [ 110.432917692284505, -7.894089803122462 ], [ 110.432917692284505, -7.892298426739164 ] ] ] ] } },
{ "type": "Feature", "properties": { "Kelas": "Sangat Rendah", "SKOR_LONGSOR": 1 }, "geometry": { "type": "MultiPolygon", "coordinates": [ [ [ [ 110.447290736830411, -7.892298426739164 ], [ 110.448189052114529, -7.892298426739164 ], [ 110.448189052114529, -7.893194115914192 ], [ 110.447290736830411, -7.893194115914192 ], [ 110.447290736830411, -7.892298426739164 ] ] ] ] } },
{ "type": "Feature", "properties": { "Kelas": "Sangat Rendah", "SKOR_LONGSOR": 1 }, "geometry": { "type": "MultiPolygon", "coordinates": [ [ [ [ 110.480528402342841, -7.892298426739164 ], [ 110.485019978763432, -7.892298426739164 ], [ 110.485019978763432, -7.893194115914192 ], [ 110.485918294047551, -7.893194115914192 ], [ 110.485918294047551, -7.894089803122462 ], [ 110.484121663479314, -7.894089803122462 ], [ 110.484121663479314, -7.893194115914192 ], [ 110.480528402342841, -7.893194115914192 ], [ 110.480528402342841, -7.892298426739164 ] ] ] ] } },
{ "type": "Feature", "properties": { "Kelas": "Cukup Rendah", "SKOR_LONGSOR": 2 }, "geometry": { "type": "MultiPolygon", "coordinates": [ [ [ [ 110.485019978763432, -7.892298426739164 ], [ 110.485918294047551, -7.892298426739164 ], [ 110.485918294047551, -7.893194115914192 ], [ 110.485019978763432, -7.893194115914192 ], [ 110.485019978763432, -7.892298426739164 ] ] ] ] } },
{ "type": "Feature", "properties": { "Kelas": "Cukup Rendah", "SKOR_LONGSOR": 2 }, "geometry": { "type": "MultiPolygon", "coordinates": [ [ [ [ 110.429324431148018, -7.893194115914192 ], [ 110.430222746432136, -7.893194115914192 ], [ 110.430222746432136, -7.894089803122462 ], [ 110.429324431148018, -7.894089803122462 ], [ 110.429324431148018, -7.893194115914192 ] ] ] ] } },
{ "type": "Feature", "properties": { "Kelas": "Sangat Rendah", "SKOR_LONGSOR": 1 }, "geometry": { "type": "MultiPolygon", "coordinates": [ [ [ [ 110.431121061716269, -7.893194115914192 ], [ 110.432019377000373, -7.893194115914192 ], [ 110.432019377000373, -7.894089803122462 ], [ 110.431121061716269, -7.894089803122462 ], [ 110.431121061716269, -7.893194115914192 ] ] ] ] } },
{ "type": "Feature", "properties": { "Kelas": "Cukup Rendah", "SKOR_LONGSOR": 2 }, "geometry": { "type": "MultiPolygon", "coordinates": [ [ [ [ 110.447290736830411, -7.893194115914192 ], [ 110.448189052114529, -7.893194115914192 ], [ 110.448189052114529, -7.894089803122462 ], [ 110.447290736830411, -7.894089803122462 ], [ 110.447290736830411, -7.893194115914192 ] ] ] ] } },
{ "type": "Feature", "properties": { "Kelas": "Cukup Rendah", "SKOR_LONGSOR": 2 }, "geometry": { "type": "MultiPolygon", "coordinates": [ [ [ [ 110.454477259103371, -7.893194115914192 ], [ 110.455375574387489, -7.893194115914192 ], [ 110.455375574387489, -7.894089803122462 ], [ 110.454477259103371, -7.894089803122462 ], [ 110.454477259103371, -7.893194115914192 ] ] ] ] } },
{ "type": "Feature", "properties": { "Kelas": "Cukup Tinggi", "SKOR_LONGSOR": 4 }, "geometry": { "type": "MultiPolygon", "coordinates": [ [ [ [ 110.477833456490472, -7.893194115914192 ], [ 110.478731771774605, -7.893194115914192 ], [ 110.478731771774605, -7.894089803122462 ], [ 110.477833456490472, -7.894089803122462 ], [ 110.477833456490472, -7.893194115914192 ] ] ] ] } },
{ "type": "Feature", "properties": { "Kelas": "Cukup Rendah", "SKOR_LONGSOR": 2 }, "geometry": { "type": "MultiPolygon", "coordinates": [ [ [ [ 110.485918294047551, -7.893194115914192 ], [ 110.486816609331669, -7.893194115914192 ], [ 110.486816609331669, -7.894089803122462 ], [ 110.485918294047551, -7.894089803122462 ], [ 110.485918294047551, -7.893194115914192 ] ] ] ] } },
{ "type": "Feature", "properties": { "Kelas": "Sedang", "SKOR_LONGSOR": 3 }, "geometry": { "type": "MultiPolygon", "coordinates": [ [ [ [ 110.430222746432136, -7.894089803122462 ], [ 110.431121061716269, -7.894089803122462 ], [ 110.431121061716269, -7.894985488363771 ], [ 110.430222746432136, -7.894985488363771 ], [ 110.430222746432136, -7.894089803122462 ] ] ] ] } },
{ "type": "Feature", "properties": { "Kelas": "Cukup Rendah", "SKOR_LONGSOR": 2 }, "geometry": { "type": "MultiPolygon", "coordinates": [ [ [ [ 110.431121061716269, -7.894089803122462 ], [ 110.432917692284505, -7.894089803122462 ], [ 110.432917692284505, -7.894985488363771 ], [ 110.431121061716269, -7.894985488363771 ], [ 110.431121061716269, -7.894089803122462 ] ] ] ] } },
{ "type": "Feature", "properties": { "Kelas": "Cukup Rendah", "SKOR_LONGSOR": 2 }, "geometry": { "type": "MultiPolygon", "coordinates": [ [ [ [ 110.448189052114529, -7.894089803122462 ], [ 110.449087367398647, -7.894089803122462 ], [ 110.449087367398647, -7.895881171637887 ], [ 110.448189052114529, -7.895881171637887 ], [ 110.448189052114529, -7.894089803122462 ] ] ] ] } },
{ "type": "Feature", "properties": { "Kelas": "Sangat Rendah", "SKOR_LONGSOR": 1 }, "geometry": { "type": "MultiPolygon", "coordinates": [ [ [ [ 110.455375574387489, -7.894089803122462 ], [ 110.456273889671607, -7.894089803122462 ], [ 110.456273889671607, -7.894985488363771 ], [ 110.455375574387489, -7.894985488363771 ], [ 110.455375574387489, -7.894089803122462 ] ] ] ] } },
{ "type": "Feature", "properties": { "Kelas": "Sangat Rendah", "SKOR_LONGSOR": 1 }, "geometry": { "type": "MultiPolygon", "coordinates": [ [ [ [ 110.458070520239843, -7.894089803122462 ], [ 110.458968835523976, -7.894089803122462 ], [ 110.458968835523976, -7.895881171637887 ], [ 110.458070520239843, -7.895881171637887 ], [ 110.458070520239843, -7.894089803122462 ] ] ] ] } },
{ "type": "Feature", "properties": { "Kelas": "Sedang", "SKOR_LONGSOR": 3 }, "geometry": { "type": "MultiPolygon", "coordinates": [ [ [ [ 110.462562096660449, -7.894089803122462 ], [ 110.463460411944567, -7.894089803122462 ], [ 110.463460411944567, -7.894985488363771 ], [ 110.462562096660449, -7.894985488363771 ], [ 110.462562096660449, -7.894089803122462 ] ] ] ] } },
{ "type": "Feature", "properties": { "Kelas": "Cukup Rendah", "SKOR_LONGSOR": 2 }, "geometry": { "type": "MultiPolygon", "coordinates": [ [ [ [ 110.477833456490472, -7.894089803122462 ], [ 110.478731771774605, -7.894089803122462 ], [ 110.478731771774605, -7.894985488363771 ], [ 110.477833456490472, -7.894985488363771 ], [ 110.477833456490472, -7.894089803122462 ] ] ] ] } },
{ "type": "Feature", "properties": { "Kelas": "Sangat Rendah", "SKOR_LONGSOR": 1 }, "geometry": { "type": "MultiPolygon", "coordinates": [ [ [ [ 110.488613239899905, -7.892298426739164 ], [ 110.489511555184038, -7.892298426739164 ], [ 110.489511555184038, -7.894089803122462 ], [ 110.490409870468142, -7.894089803122462 ], [ 110.490409870468142, -7.894985488363771 ], [ 110.485918294047551, -7.894985488363771 ], [ 110.485918294047551, -7.894089803122462 ], [ 110.486816609331669, -7.894089803122462 ], [ 110.486816609331669, -7.893194115914192 ], [ 110.488613239899905, -7.893194115914192 ], [ 110.488613239899905, -7.892298426739164 ] ] ] ] } },
{ "type": "Feature", "properties": { "Kelas": "Sangat Rendah", "SKOR_LONGSOR": 1 }, "geometry": { "type": "MultiPolygon", "coordinates": [ [ [ [ 110.400578342056193, -7.894985488363771 ], [ 110.401476657340311, -7.894985488363771 ], [ 110.401476657340311, -7.895881171637887 ], [ 110.400578342056193, -7.895881171637887 ], [ 110.400578342056193, -7.894985488363771 ] ] ] ] } },
{ "type": "Feature", "properties": { "Kelas": "Sangat Rendah", "SKOR_LONGSOR": 1 }, "geometry": { "type": "MultiPolygon", "coordinates": [ [ [ [ 110.427527800579782, -7.894985488363771 ], [ 110.4284261158639, -7.894985488363771 ], [ 110.4284261158639, -7.895881171637887 ], [ 110.427527800579782, -7.895881171637887 ], [ 110.427527800579782, -7.894985488363771 ] ] ] ] } },
{ "type": "Feature", "properties": { "Kelas": "Sangat Rendah", "SKOR_LONGSOR": 1 }, "geometry": { "type": "MultiPolygon", "coordinates": [ [ [ [ 110.429324431148018, -7.894985488363771 ], [ 110.430222746432136, -7.894985488363771 ], [ 110.430222746432136, -7.895881171637887 ], [ 110.429324431148018, -7.895881171637887 ], [ 110.429324431148018, -7.894985488363771 ] ] ] ] } },
{ "type": "Feature", "properties": { "Kelas": "Cukup Tinggi", "SKOR_LONGSOR": 4 }, "geometry": { "type": "MultiPolygon", "coordinates": [ [ [ [ 110.433816007568609, -7.894985488363771 ], [ 110.434714322852741, -7.894985488363771 ], [ 110.434714322852741, -7.895881171637887 ], [ 110.433816007568609, -7.895881171637887 ], [ 110.433816007568609, -7.894985488363771 ] ] ] ] } },
{ "type": "Feature", "properties": { "Kelas": "Sedang", "SKOR_LONGSOR": 3 }, "geometry": { "type": "MultiPolygon", "coordinates": [ [ [ [ 110.441900845125701, -7.894985488363771 ], [ 110.442799160409805, -7.894985488363771 ], [ 110.442799160409805, -7.895881171637887 ], [ 110.441900845125701, -7.895881171637887 ], [ 110.441900845125701, -7.894985488363771 ] ] ] ] } },
{ "type": "Feature", "properties": { "Kelas": "Cukup Tinggi", "SKOR_LONGSOR": 4 }, "geometry": { "type": "MultiPolygon", "coordinates": [ [ [ [ 110.4961863, -7.895429 ], [ 110.4960305, -7.8956495 ], [ 110.4959375, -7.8959386 ], [ 110.4959071, -7.8963381 ], [ 110.4958798, -7.8966214 ], [ 110.495944785204145, -7.896776852944603 ], [ 110.495799762172865, -7.896776852944603 ], [ 110.495799762172865, -7.894985488363771 ], [ 110.496324814992974, -7.894985488363771 ], [ 110.4961863, -7.895429 ] ] ] ] } },
{ "type": "Feature", "properties": { "Kelas": "Sangat Rendah", "SKOR_LONGSOR": 1 }, "geometry": { "type": "MultiPolygon", "coordinates": [ [ [ [ 110.4284261158639, -7.895881171637887 ], [ 110.429324431148018, -7.895881171637887 ], [ 110.429324431148018, -7.896776852944603 ], [ 110.4284261158639, -7.896776852944603 ], [ 110.4284261158639, -7.895881171637887 ] ] ] ] } },
{ "type": "Feature", "properties": { "Kelas": "Sangat Rendah", "SKOR_LONGSOR": 1 }, "geometry": { "type": "MultiPolygon", "coordinates": [ [ [ [ 110.441002529841569, -7.895881171637887 ], [ 110.441900845125701, -7.895881171637887 ], [ 110.441900845125701, -7.896776852944603 ], [ 110.441002529841569, -7.896776852944603 ], [ 110.441002529841569, -7.895881171637887 ] ] ] ] } },
{ "type": "Feature", "properties": { "Kelas": "Sangat Rendah", "SKOR_LONGSOR": 1 }, "geometry": { "type": "MultiPolygon", "coordinates": [ [ [ [ 110.455375574387489, -7.895881171637887 ], [ 110.456273889671607, -7.895881171637887 ], [ 110.456273889671607, -7.896776852944603 ], [ 110.455375574387489, -7.896776852944603 ], [ 110.455375574387489, -7.895881171637887 ] ] ] ] } },
{ "type": "Feature", "properties": { "Kelas": "Cukup Rendah", "SKOR_LONGSOR": 2 }, "geometry": { "type": "MultiPolygon", "coordinates": [ [ [ [ 110.460765466092212, -7.895881171637887 ], [ 110.461663781376316, -7.895881171637887 ], [ 110.461663781376316, -7.896776852944603 ], [ 110.460765466092212, -7.896776852944603 ], [ 110.460765466092212, -7.895881171637887 ] ] ] ] } },
{ "type": "Feature", "properties": { "Kelas": "Cukup Tinggi", "SKOR_LONGSOR": 4 }, "geometry": { "type": "MultiPolygon", "coordinates": [ [ [ [ 110.46705367308104, -7.895881171637887 ], [ 110.467951988365172, -7.895881171637887 ], [ 110.467951988365172, -7.896776852944603 ], [ 110.46705367308104, -7.896776852944603 ], [ 110.46705367308104, -7.895881171637887 ] ] ] ] } },
{ "type": "Feature", "properties": { "Kelas": "Cukup Rendah", "SKOR_LONGSOR": 2 }, "geometry": { "type": "MultiPolygon", "coordinates": [ [ [ [ 110.479630087058709, -7.895881171637887 ], [ 110.480528402342841, -7.895881171637887 ], [ 110.480528402342841, -7.896776852944603 ], [ 110.479630087058709, -7.896776852944603 ], [ 110.479630087058709, -7.895881171637887 ] ] ] ] } },
{ "type": "Feature", "properties": { "Kelas": "Sedang", "SKOR_LONGSOR": 3 }, "geometry": { "type": "MultiPolygon", "coordinates": [ [ [ [ 110.494003131604615, -7.895881171637887 ], [ 110.494901446888747, -7.895881171637887 ], [ 110.494901446888747, -7.896776852944603 ], [ 110.494003131604615, -7.896776852944603 ], [ 110.494003131604615, -7.895881171637887 ] ] ] ] } },
{ "type": "Feature", "properties": { "Kelas": "Cukup Tinggi", "SKOR_LONGSOR": 4 }, "geometry": { "type": "MultiPolygon", "coordinates": [ [ [ [ 110.407764864329152, -7.892298426739164 ], [ 110.408663179613271, -7.892298426739164 ], [ 110.408663179613271, -7.894089803122462 ], [ 110.409561494897403, -7.894089803122462 ], [ 110.409561494897403, -7.895881171637887 ], [ 110.408663179613271, -7.895881171637887 ], [ 110.408663179613271, -7.898568209654958 ], [ 110.407764864329152, -7.898568209654958 ], [ 110.407764864329152, -7.892298426739164 ] ] ] ] } },
{ "type": "Feature", "properties": { "Kelas": "Sangat Rendah", "SKOR_LONGSOR": 1 }, "geometry": { "type": "MultiPolygon", "coordinates": [ [ [ [ 110.410459810181507, -7.894089803122462 ], [ 110.41135812546564, -7.894089803122462 ], [ 110.41135812546564, -7.897672532283701 ], [ 110.410459810181507, -7.897672532283701 ], [ 110.410459810181507, -7.894089803122462 ] ] ] ] } },
{ "type": "Feature", "properties": { "Kelas": "Cukup Tinggi", "SKOR_LONGSOR": 4 }, "geometry": { "type": "MultiPolygon", "coordinates": [ [ [ [ 110.480528402342841, -7.893194115914192 ], [ 110.481426717626945, -7.893194115914192 ], [ 110.481426717626945, -7.894089803122462 ], [ 110.482325032911078, -7.894089803122462 ], [ 110.482325032911078, -7.894985488363771 ], [ 110.483223348195182, -7.894985488363771 ], [ 110.483223348195182, -7.895881171637887 ], [ 110.486816609331669, -7.895881171637887 ], [ 110.486816609331669, -7.897672532283701 ], [ 110.482325032911078, -7.897672532283701 ], [ 110.482325032911078, -7.896776852944603 ], [ 110.480528402342841, -7.896776852944603 ], [ 110.480528402342841, -7.895881171637887 ], [ 110.479630087058709, -7.895881171637887 ], [ 110.479630087058709, -7.894985488363771 ], [ 110.478731771774605, -7.894985488363771 ], [ 110.478731771774605, -7.894089803122462 ], [ 110.480528402342841, -7.894089803122462 ], [ 110.480528402342841, -7.893194115914192 ] ] ] ] } },
{ "type": "Feature", "properties": { "Kelas": "Cukup Rendah", "SKOR_LONGSOR": 2 }, "geometry": { "type": "MultiPolygon", "coordinates": [ [ [ [ 110.41135812546564, -7.894985488363771 ], [ 110.412256440749744, -7.894985488363771 ], [ 110.412256440749744, -7.897672532283701 ], [ 110.41135812546564, -7.897672532283701 ], [ 110.41135812546564, -7.894985488363771 ] ] ] ] } },
{ "type": "Feature", "properties": { "Kelas": "Cukup Tinggi", "SKOR_LONGSOR": 4 }, "geometry": { "type": "MultiPolygon", "coordinates": [ [ [ [ 110.493104816320511, -7.894985488363771 ], [ 110.494003131604615, -7.894985488363771 ], [ 110.494003131604615, -7.896776852944603 ], [ 110.494901446888747, -7.896776852944603 ], [ 110.494901446888747, -7.897672532283701 ], [ 110.495799762172865, -7.897672532283701 ], [ 110.495799762172865, -7.898568209654958 ], [ 110.497596392741102, -7.898568209654958 ], [ 110.497596392741102, -7.901255229959533 ], [ 110.496698077456983, -7.901255229959533 ], [ 110.496698077456983, -7.902150899457269 ], [ 110.495799762172865, -7.902150899457269 ], [ 110.495799762172865, -7.900359558493093 ], [ 110.494901446888747, -7.900359558493093 ], [ 110.494901446888747, -7.898568209654958 ], [ 110.493104816320511, -7.898568209654958 ], [ 110.493104816320511, -7.894985488363771 ] ] ] ] } },
{ "type": "Feature", "properties": { "Kelas": "Cukup Rendah", "SKOR_LONGSOR": 2 }, "geometry": { "type": "MultiPolygon", "coordinates": [ [ [ [ 110.427527800579782, -7.895881171637887 ], [ 110.4284261158639, -7.895881171637887 ], [ 110.4284261158639, -7.896776852944603 ], [ 110.429324431148018, -7.896776852944603 ], [ 110.429324431148018, -7.897672532283701 ], [ 110.427527800579782, -7.897672532283701 ], [ 110.427527800579782, -7.895881171637887 ] ] ] ] } },
{ "type": "Feature", "properties": { "Kelas": "Sangat Rendah", "SKOR_LONGSOR": 1 }, "geometry": { "type": "MultiPolygon", "coordinates": [ [ [ [ 110.448189052114529, -7.895881171637887 ], [ 110.449087367398647, -7.895881171637887 ], [ 110.449087367398647, -7.897672532283701 ], [ 110.448189052114529, -7.897672532283701 ], [ 110.448189052114529, -7.895881171637887 ] ] ] ] } },
{ "type": "Feature", "properties": { "Kelas": "Cukup Rendah", "SKOR_LONGSOR": 2 }, "geometry": { "type": "MultiPolygon", "coordinates": [ [ [ [ 110.472443564785749, -7.888715650375899 ], [ 110.474240195354, -7.888715650375899 ], [ 110.474240195354, -7.889611347415759 ], [ 110.473341880069881, -7.889611347415759 ], [ 110.473341880069881, -7.890507042489733 ], [ 110.472443564785749, -7.890507042489733 ], [ 110.472443564785749, -7.892298426739164 ], [ 110.474240195354, -7.892298426739164 ], [ 110.474240195354, -7.894089803122462 ], [ 110.472443564785749, -7.894089803122462 ], [ 110.472443564785749, -7.897672532283701 ], [ 110.469748618933409, -7.897672532283701 ], [ 110.469748618933409, -7.896776852944603 ], [ 110.467951988365172, -7.896776852944603 ], [ 110.467951988365172, -7.895881171637887 ], [ 110.46705367308104, -7.895881171637887 ], [ 110.46705367308104, -7.897672532283701 ], [ 110.467951988365172, -7.897672532283701 ], [ 110.467951988365172, -7.898568209654958 ], [ 110.464358727228685, -7.898568209654958 ], [ 110.464358727228685, -7.895881171637887 ], [ 110.466155357796922, -7.895881171637887 ], [ 110.466155357796922, -7.894985488363771 ], [ 110.46705367308104, -7.894985488363771 ], [ 110.46705367308104, -7.894089803122462 ], [ 110.468850303649276, -7.894089803122462 ], [ 110.468850303649276, -7.893194115914192 ], [ 110.469748618933409, -7.893194115914192 ], [ 110.469748618933409, -7.892298426739164 ], [ 110.470646934217513, -7.892298426739164 ], [ 110.470646934217513, -7.891402735597606 ], [ 110.471545249501645, -7.891402735597606 ], [ 110.471545249501645, -7.889611347415759 ], [ 110.472443564785749, -7.889611347415759 ], [ 110.472443564785749, -7.888715650375899 ] ] ] ] } },
{ "type": "Feature", "properties": { "Kelas": "Cukup Rendah", "SKOR_LONGSOR": 2 }, "geometry": { "type": "MultiPolygon", "coordinates": [ [ [ [ 110.447290736830411, -7.896776852944603 ], [ 110.448189052114529, -7.896776852944603 ], [ 110.448189052114529, -7.897672532283701 ], [ 110.447290736830411, -7.897672532283701 ], [ 110.447290736830411, -7.896776852944603 ] ] ] ] } },
{ "type": "Feature", "properties": { "Kelas": "Sangat Rendah", "SKOR_LONGSOR": 1 }, "geometry": { "type": "MultiPolygon", "coordinates": [ [ [ [ 110.456273889671607, -7.896776852944603 ], [ 110.457172204955739, -7.896776852944603 ], [ 110.457172204955739, -7.897672532283701 ], [ 110.456273889671607, -7.897672532283701 ], [ 110.456273889671607, -7.896776852944603 ] ] ] ] } },
{ "type": "Feature", "properties": { "Kelas": "Sangat Rendah", "SKOR_LONGSOR": 1 }, "geometry": { "type": "MultiPolygon", "coordinates": [ [ [ [ 110.458070520239843, -7.896776852944603 ], [ 110.458968835523976, -7.896776852944603 ], [ 110.458968835523976, -7.897672532283701 ], [ 110.458070520239843, -7.897672532283701 ], [ 110.458070520239843, -7.896776852944603 ] ] ] ] } },
{ "type": "Feature", "properties": { "Kelas": "Cukup Tinggi", "SKOR_LONGSOR": 4 }, "geometry": { "type": "MultiPolygon", "coordinates": [ [ [ [ 110.472443564785749, -7.886924250399411 ], [ 110.474240195354, -7.886924250399411 ], [ 110.474240195354, -7.88781995137038 ], [ 110.473341880069881, -7.88781995137038 ], [ 110.473341880069881, -7.888715650375899 ], [ 110.471545249501645, -7.888715650375899 ], [ 110.471545249501645, -7.891402735597606 ], [ 110.470646934217513, -7.891402735597606 ], [ 110.470646934217513, -7.892298426739164 ], [ 110.469748618933409, -7.892298426739164 ], [ 110.469748618933409, -7.893194115914192 ], [ 110.468850303649276, -7.893194115914192 ], [ 110.468850303649276, -7.894089803122462 ], [ 110.46705367308104, -7.894089803122462 ], [ 110.46705367308104, -7.894985488363771 ], [ 110.466155357796922, -7.894985488363771 ], [ 110.466155357796922, -7.895881171637887 ], [ 110.464358727228685, -7.895881171637887 ], [ 110.464358727228685, -7.896776852944603 ], [ 110.462562096660449, -7.896776852944603 ], [ 110.462562096660449, -7.897672532283701 ], [ 110.45986715080808, -7.897672532283701 ], [ 110.45986715080808, -7.896776852944603 ], [ 110.461663781376316, -7.896776852944603 ], [ 110.461663781376316, -7.894985488363771 ], [ 110.463460411944567, -7.894985488363771 ], [ 110.463460411944567, -7.891402735597606 ], [ 110.465257042512803, -7.891402735597606 ], [ 110.465257042512803, -7.892298426739164 ], [ 110.466155357796922, -7.892298426739164 ], [ 110.466155357796922, -7.891402735597606 ], [ 110.467951988365172, -7.891402735597606 ], [ 110.467951988365172, -7.892298426739164 ], [ 110.468850303649276, -7.892298426739164 ], [ 110.468850303649276, -7.891402735597606 ], [ 110.469748618933409, -7.891402735597606 ], [ 110.469748618933409, -7.890507042489733 ], [ 110.468850303649276, -7.890507042489733 ], [ 110.468850303649276, -7.888715650375899 ], [ 110.469748618933409, -7.888715650375899 ], [ 110.469748618933409, -7.886924250399411 ], [ 110.470646934217513, -7.886924250399411 ], [ 110.470646934217513, -7.886028547463212 ], [ 110.471545249501645, -7.886028547463212 ], [ 110.471545249501645, -7.885132842562 ], [ 110.472443564785749, -7.885132842562 ], [ 110.472443564785749, -7.886924250399411 ] ], [ [ 110.471545249501645, -7.88781995137038 ], [ 110.470646934217513, -7.88781995137038 ], [ 110.470646934217513, -7.888715650375899 ], [ 110.471545249501645, -7.888715650375899 ], [ 110.471545249501645, -7.88781995137038 ] ], [ [ 110.470646934217513, -7.890507042489733 ], [ 110.470646934217513, -7.889611347415759 ], [ 110.469748618933409, -7.889611347415759 ], [ 110.469748618933409, -7.890507042489733 ], [ 110.470646934217513, -7.890507042489733 ] ] ] ] } },
{ "type": "Feature", "properties": { "Kelas": "Sedang", "SKOR_LONGSOR": 3 }, "geometry": { "type": "MultiPolygon", "coordinates": [ [ [ [ 110.463460411944567, -7.896776852944603 ], [ 110.464358727228685, -7.896776852944603 ], [ 110.464358727228685, -7.898568209654958 ], [ 110.463460411944567, -7.898568209654958 ], [ 110.463460411944567, -7.896776852944603 ] ] ] ] } },
{ "type": "Feature", "properties": { "Kelas": "Sedang", "SKOR_LONGSOR": 3 }, "geometry": { "type": "MultiPolygon", "coordinates": [ [ [ [ 110.46705367308104, -7.896776852944603 ], [ 110.467951988365172, -7.896776852944603 ], [ 110.467951988365172, -7.897672532283701 ], [ 110.46705367308104, -7.897672532283701 ], [ 110.46705367308104, -7.896776852944603 ] ] ] ] } },
{ "type": "Feature", "properties": { "Kelas": "Cukup Tinggi", "SKOR_LONGSOR": 4 }, "geometry": { "type": "MultiPolygon", "coordinates": [ [ [ [ 110.475138510638118, -7.891402735597606 ], [ 110.476935141206354, -7.891402735597606 ], [ 110.476935141206354, -7.892298426739164 ], [ 110.477833456490472, -7.892298426739164 ], [ 110.477833456490472, -7.893194115914192 ], [ 110.476036825922236, -7.893194115914192 ], [ 110.476036825922236, -7.894985488363771 ], [ 110.474240195354, -7.894985488363771 ], [ 110.474240195354, -7.895881171637887 ], [ 110.473341880069881, -7.895881171637887 ], [ 110.473341880069881, -7.899463885058161 ], [ 110.468850303649276, -7.899463885058161 ], [ 110.468850303649276, -7.898568209654958 ], [ 110.467951988365172, -7.898568209654958 ], [ 110.467951988365172, -7.896776852944603 ], [ 110.468850303649276, -7.896776852944603 ], [ 110.468850303649276, -7.897672532283701 ], [ 110.472443564785749, -7.897672532283701 ], [ 110.472443564785749, -7.894089803122462 ], [ 110.474240195354, -7.894089803122462 ], [ 110.474240195354, -7.892298426739164 ], [ 110.475138510638118, -7.892298426739164 ], [ 110.475138510638118, -7.891402735597606 ] ] ] ] } },
{ "type": "Feature", "properties": { "Kelas": "Sedang", "SKOR_LONGSOR": 3 }, "geometry": { "type": "MultiPolygon", "coordinates": [ [ [ [ 110.468850303649276, -7.896776852944603 ], [ 110.469748618933409, -7.896776852944603 ], [ 110.469748618933409, -7.897672532283701 ], [ 110.468850303649276, -7.897672532283701 ], [ 110.468850303649276, -7.896776852944603 ] ] ] ] } },
{ "type": "Feature", "properties": { "Kelas": "Sangat Rendah", "SKOR_LONGSOR": 1 }, "geometry": { "type": "MultiPolygon", "coordinates": [ [ [ [ 110.480528402342841, -7.896776852944603 ], [ 110.481426717626945, -7.896776852944603 ], [ 110.481426717626945, -7.897672532283701 ], [ 110.480528402342841, -7.897672532283701 ], [ 110.480528402342841, -7.896776852944603 ] ] ] ] } },
{ "type": "Feature", "properties": { "Kelas": "Sedang", "SKOR_LONGSOR": 3 }, "geometry": { "type": "MultiPolygon", "coordinates": [ [ [ [ 110.481426717626945, -7.896776852944603 ], [ 110.482325032911078, -7.896776852944603 ], [ 110.482325032911078, -7.897672532283701 ], [ 110.481426717626945, -7.897672532283701 ], [ 110.481426717626945, -7.896776852944603 ] ] ] ] } },
{ "type": "Feature", "properties": { "Kelas": "Sangat Rendah", "SKOR_LONGSOR": 1 }, "geometry": { "type": "MultiPolygon", "coordinates": [ [ [ [ 110.41135812546564, -7.897672532283701 ], [ 110.412256440749744, -7.897672532283701 ], [ 110.412256440749744, -7.898568209654958 ], [ 110.414053071317994, -7.898568209654958 ], [ 110.414053071317994, -7.899463885058161 ], [ 110.41135812546564, -7.899463885058161 ], [ 110.41135812546564, -7.897672532283701 ] ] ] ] } },
{ "type": "Feature", "properties": { "Kelas": "Cukup Rendah", "SKOR_LONGSOR": 2 }, "geometry": { "type": "MultiPolygon", "coordinates": [ [ [ [ 110.412256440749744, -7.897672532283701 ], [ 110.413154756033876, -7.897672532283701 ], [ 110.413154756033876, -7.898568209654958 ], [ 110.412256440749744, -7.898568209654958 ], [ 110.412256440749744, -7.897672532283701 ] ] ] ] } },
{ "type": "Feature", "properties": { "Kelas": "Cukup Tinggi", "SKOR_LONGSOR": 4 }, "geometry": { "type": "MultiPolygon", "coordinates": [ [ [ [ 110.429324431148018, -7.897672532283701 ], [ 110.430222746432136, -7.897672532283701 ], [ 110.430222746432136, -7.898568209654958 ], [ 110.429324431148018, -7.898568209654958 ], [ 110.429324431148018, -7.897672532283701 ] ] ] ] } },
{ "type": "Feature", "properties": { "Kelas": "Cukup Rendah", "SKOR_LONGSOR": 2 }, "geometry": { "type": "MultiPolygon", "coordinates": [ [ [ [ 110.444595790978042, -7.897672532283701 ], [ 110.445494106262174, -7.897672532283701 ], [ 110.445494106262174, -7.899463885058161 ], [ 110.444595790978042, -7.899463885058161 ], [ 110.444595790978042, -7.897672532283701 ] ] ] ] } },
{ "type": "Feature", "properties": { "Kelas": "Cukup Rendah", "SKOR_LONGSOR": 2 }, "geometry": { "type": "MultiPolygon", "coordinates": [ [ [ [ 110.454477259103371, -7.890507042489733 ], [ 110.455375574387489, -7.890507042489733 ], [ 110.455375574387489, -7.891402735597606 ], [ 110.456273889671607, -7.891402735597606 ], [ 110.456273889671607, -7.892298426739164 ], [ 110.457172204955739, -7.892298426739164 ], [ 110.457172204955739, -7.893194115914192 ], [ 110.458070520239843, -7.893194115914192 ], [ 110.458070520239843, -7.895881171637887 ], [ 110.458968835523976, -7.895881171637887 ], [ 110.458968835523976, -7.894985488363771 ], [ 110.45986715080808, -7.894985488363771 ], [ 110.45986715080808, -7.897672532283701 ], [ 110.458968835523976, -7.897672532283701 ], [ 110.458968835523976, -7.896776852944603 ], [ 110.458070520239843, -7.896776852944603 ], [ 110.458070520239843, -7.899463885058161 ], [ 110.457172204955739, -7.899463885058161 ], [ 110.457172204955739, -7.898568209654958 ], [ 110.456273889671607, -7.898568209654958 ], [ 110.456273889671607, -7.897672532283701 ], [ 110.457172204955739, -7.897672532283701 ], [ 110.457172204955739, -7.895881171637887 ], [ 110.456273889671607, -7.895881171637887 ], [ 110.456273889671607, -7.893194115914192 ], [ 110.455375574387489, -7.893194115914192 ], [ 110.455375574387489, -7.892298426739164 ], [ 110.454477259103371, -7.892298426739164 ], [ 110.454477259103371, -7.890507042489733 ] ] ] ] } },
{ "type": "Feature", "properties": { "Kelas": "Sangat Rendah", "SKOR_LONGSOR": 1 }, "geometry": { "type": "MultiPolygon", "coordinates": [ [ [ [ 110.45986715080808, -7.897672532283701 ], [ 110.460765466092212, -7.897672532283701 ], [ 110.460765466092212, -7.898568209654958 ], [ 110.45986715080808, -7.898568209654958 ], [ 110.45986715080808, -7.897672532283701 ] ] ] ] } },
{ "type": "Feature", "properties": { "Kelas": "Cukup Tinggi", "SKOR_LONGSOR": 4 }, "geometry": { "type": "MultiPolygon", "coordinates": [ [ [ [ 110.462562096660449, -7.897672532283701 ], [ 110.463460411944567, -7.897672532283701 ], [ 110.463460411944567, -7.898568209654958 ], [ 110.462562096660449, -7.898568209654958 ], [ 110.462562096660449, -7.897672532283701 ] ] ] ] } },
{ "type": "Feature", "properties": { "Kelas": "Sangat Rendah", "SKOR_LONGSOR": 1 }, "geometry": { "type": "MultiPolygon", "coordinates": [ [ [ [ 110.484121663479314, -7.897672532283701 ], [ 110.485019978763432, -7.897672532283701 ], [ 110.485019978763432, -7.898568209654958 ], [ 110.484121663479314, -7.898568209654958 ], [ 110.484121663479314, -7.897672532283701 ] ] ] ] } },
{ "type": "Feature", "properties": { "Kelas": "Cukup Tinggi", "SKOR_LONGSOR": 4 }, "geometry": { "type": "MultiPolygon", "coordinates": [ [ [ [ 110.436510953420978, -7.898568209654958 ], [ 110.437409268705096, -7.898568209654958 ], [ 110.437409268705096, -7.899463885058161 ], [ 110.436510953420978, -7.899463885058161 ], [ 110.436510953420978, -7.898568209654958 ] ] ] ] } },
{ "type": "Feature", "properties": { "Kelas": "Sangat Rendah", "SKOR_LONGSOR": 1 }, "geometry": { "type": "MultiPolygon", "coordinates": [ [ [ [ 110.439205899273333, -7.897672532283701 ], [ 110.440104214557451, -7.897672532283701 ], [ 110.440104214557451, -7.899463885058161 ], [ 110.438307583989214, -7.899463885058161 ], [ 110.438307583989214, -7.898568209654958 ], [ 110.439205899273333, -7.898568209654958 ], [ 110.439205899273333, -7.897672532283701 ] ] ] ] } },
{ "type": "Feature", "properties": { "Kelas": "Sangat Rendah", "SKOR_LONGSOR": 1 }, "geometry": { "type": "MultiPolygon", "coordinates": [ [ [ [ 110.445494106262174, -7.898568209654958 ], [ 110.446392421546292, -7.898568209654958 ], [ 110.446392421546292, -7.899463885058161 ], [ 110.445494106262174, -7.899463885058161 ], [ 110.445494106262174, -7.898568209654958 ] ] ] ] } },
{ "type": "Feature", "properties": { "Kelas": "Sangat Rendah", "SKOR_LONGSOR": 1 }, "geometry": { "type": "MultiPolygon", "coordinates": [ [ [ [ 110.455375574387489, -7.898568209654958 ], [ 110.456273889671607, -7.898568209654958 ], [ 110.456273889671607, -7.899463885058161 ], [ 110.455375574387489, -7.899463885058161 ], [ 110.455375574387489, -7.898568209654958 ] ] ] ] } },
{ "type": "Feature", "properties": { "Kelas": "Cukup Rendah", "SKOR_LONGSOR": 2 }, "geometry": { "type": "MultiPolygon", "coordinates": [ [ [ [ 110.458968835523976, -7.898568209654958 ], [ 110.45986715080808, -7.898568209654958 ], [ 110.45986715080808, -7.899463885058161 ], [ 110.458968835523976, -7.899463885058161 ], [ 110.458968835523976, -7.898568209654958 ] ] ] ] } },
{ "type": "Feature", "properties": { "Kelas": "Sangat Rendah", "SKOR_LONGSOR": 1 }, "geometry": { "type": "MultiPolygon", "coordinates": [ [ [ [ 110.461663781376316, -7.898568209654958 ], [ 110.462562096660449, -7.898568209654958 ], [ 110.462562096660449, -7.899463885058161 ], [ 110.461663781376316, -7.899463885058161 ], [ 110.461663781376316, -7.898568209654958 ] ] ] ] } },
{ "type": "Feature", "properties": { "Kelas": "Cukup Rendah", "SKOR_LONGSOR": 2 }, "geometry": { "type": "MultiPolygon", "coordinates": [ [ [ [ 110.463460411944567, -7.898568209654958 ], [ 110.464358727228685, -7.898568209654958 ], [ 110.464358727228685, -7.899463885058161 ], [ 110.463460411944567, -7.899463885058161 ], [ 110.463460411944567, -7.898568209654958 ] ] ] ] } },
{ "type": "Feature", "properties": { "Kelas": "Cukup Rendah", "SKOR_LONGSOR": 2 }, "geometry": { "type": "MultiPolygon", "coordinates": [ [ [ [ 110.473341880069881, -7.898568209654958 ], [ 110.474240195354, -7.898568209654958 ], [ 110.474240195354, -7.899463885058161 ], [ 110.473341880069881, -7.899463885058161 ], [ 110.473341880069881, -7.898568209654958 ] ] ] ] } },
{ "type": "Feature", "properties": { "Kelas": "Sedang", "SKOR_LONGSOR": 3 }, "geometry": { "type": "MultiPolygon", "coordinates": [ [ [ [ 110.494003131604615, -7.898568209654958 ], [ 110.494901446888747, -7.898568209654958 ], [ 110.494901446888747, -7.899463885058161 ], [ 110.494003131604615, -7.899463885058161 ], [ 110.494003131604615, -7.898568209654958 ] ] ] ] } },
{ "type": "Feature", "properties": { "Kelas": "Sangat Rendah", "SKOR_LONGSOR": 1 }, "geometry": { "type": "MultiPolygon", "coordinates": [ [ [ [ 110.409561494897403, -7.897672532283701 ], [ 110.410459810181507, -7.897672532283701 ], [ 110.410459810181507, -7.900359558493093 ], [ 110.408663179613271, -7.900359558493093 ], [ 110.408663179613271, -7.899463885058161 ], [ 110.409561494897403, -7.899463885058161 ], [ 110.409561494897403, -7.897672532283701 ] ] ] ] } },
{ "type": "Feature", "properties": { "Kelas": "Cukup Tinggi", "SKOR_LONGSOR": 4 }, "geometry": { "type": "MultiPolygon", "coordinates": [ [ [ [ 110.426629485295663, -7.899463885058161 ], [ 110.4284261158639, -7.899463885058161 ], [ 110.4284261158639, -7.901255229959533 ], [ 110.427527800579782, -7.901255229959533 ], [ 110.427527800579782, -7.900359558493093 ], [ 110.426629485295663, -7.900359558493093 ], [ 110.426629485295663, -7.899463885058161 ] ] ] ] } },
{ "type": "Feature", "properties": { "Kelas": "Sedang", "SKOR_LONGSOR": 3 }, "geometry": { "type": "MultiPolygon", "coordinates": [ [ [ [ 110.436510953420978, -7.899463885058161 ], [ 110.437409268705096, -7.899463885058161 ], [ 110.437409268705096, -7.900359558493093 ], [ 110.436510953420978, -7.900359558493093 ], [ 110.436510953420978, -7.899463885058161 ] ] ] ] } },
{ "type": "Feature", "properties": { "Kelas": "Cukup Rendah", "SKOR_LONGSOR": 2 }, "geometry": { "type": "MultiPolygon", "coordinates": [ [ [ [ 110.445494106262174, -7.899463885058161 ], [ 110.446392421546292, -7.899463885058161 ], [ 110.446392421546292, -7.900359558493093 ], [ 110.445494106262174, -7.900359558493093 ], [ 110.445494106262174, -7.899463885058161 ] ] ] ] } },
{ "type": "Feature", "properties": { "Kelas": "Sangat Rendah", "SKOR_LONGSOR": 1 }, "geometry": { "type": "MultiPolygon", "coordinates": [ [ [ [ 110.447290736830411, -7.898568209654958 ], [ 110.448189052114529, -7.898568209654958 ], [ 110.448189052114529, -7.899463885058161 ], [ 110.449087367398647, -7.899463885058161 ], [ 110.449087367398647, -7.900359558493093 ], [ 110.446392421546292, -7.900359558493093 ], [ 110.446392421546292, -7.899463885058161 ], [ 110.447290736830411, -7.899463885058161 ], [ 110.447290736830411, -7.898568209654958 ] ] ] ] } },
{ "type": "Feature", "properties": { "Kelas": "Cukup Rendah", "SKOR_LONGSOR": 2 }, "geometry": { "type": "MultiPolygon", "coordinates": [ [ [ [ 110.454477259103371, -7.899463885058161 ], [ 110.455375574387489, -7.899463885058161 ], [ 110.455375574387489, -7.900359558493093 ], [ 110.454477259103371, -7.900359558493093 ], [ 110.454477259103371, -7.899463885058161 ] ] ] ] } },
{ "type": "Feature", "properties": { "Kelas": "Cukup Rendah", "SKOR_LONGSOR": 2 }, "geometry": { "type": "MultiPolygon", "coordinates": [ [ [ [ 110.456273889671607, -7.899463885058161 ], [ 110.457172204955739, -7.899463885058161 ], [ 110.457172204955739, -7.900359558493093 ], [ 110.456273889671607, -7.900359558493093 ], [ 110.456273889671607, -7.899463885058161 ] ] ] ] } },
{ "type": "Feature", "properties": { "Kelas": "Sangat Rendah", "SKOR_LONGSOR": 1 }, "geometry": { "type": "MultiPolygon", "coordinates": [ [ [ [ 110.458968835523976, -7.899463885058161 ], [ 110.45986715080808, -7.899463885058161 ], [ 110.45986715080808, -7.900359558493093 ], [ 110.458968835523976, -7.900359558493093 ], [ 110.458968835523976, -7.899463885058161 ] ] ] ] } },
{ "type": "Feature", "properties": { "Kelas": "Cukup Rendah", "SKOR_LONGSOR": 2 }, "geometry": { "type": "MultiPolygon", "coordinates": [ [ [ [ 110.469748618933409, -7.899463885058161 ], [ 110.472443564785749, -7.899463885058161 ], [ 110.472443564785749, -7.900359558493093 ], [ 110.470646934217513, -7.900359558493093 ], [ 110.470646934217513, -7.901255229959533 ], [ 110.469748618933409, -7.901255229959533 ], [ 110.469748618933409, -7.899463885058161 ] ] ] ] } },
{ "type": "Feature", "properties": { "Kelas": "Sedang", "SKOR_LONGSOR": 3 }, "geometry": { "type": "MultiPolygon", "coordinates": [ [ [ [ 110.4980443, -7.8997073 ], [ 110.4982171, -7.9002681 ], [ 110.498229827285087, -7.900359558493093 ], [ 110.497596392741102, -7.900359558493093 ], [ 110.497596392741102, -7.899463885058161 ], [ 110.497957884069805, -7.899463885058161 ], [ 110.4980443, -7.8997073 ] ] ] ] } },
{ "type": "Feature", "properties": { "Kelas": "Cukup Tinggi", "SKOR_LONGSOR": 4 }, "geometry": { "type": "MultiPolygon", "coordinates": [ [ [ [ 110.41135812546564, -7.900359558493093 ], [ 110.412256440749744, -7.900359558493093 ], [ 110.412256440749744, -7.901255229959533 ], [ 110.41135812546564, -7.901255229959533 ], [ 110.41135812546564, -7.900359558493093 ] ] ] ] } },
{ "type": "Feature", "properties": { "Kelas": "Sangat Rendah", "SKOR_LONGSOR": 1 }, "geometry": { "type": "MultiPolygon", "coordinates": [ [ [ [ 110.414951386602112, -7.900359558493093 ], [ 110.416748017170349, -7.900359558493093 ], [ 110.416748017170349, -7.901255229959533 ], [ 110.414951386602112, -7.901255229959533 ], [ 110.414951386602112, -7.900359558493093 ] ] ] ] } },
{ "type": "Feature", "properties": { "Kelas": "Tinggi", "SKOR_LONGSOR": 0 }, "geometry": { "type": "MultiPolygon", "coordinates": [ [ [ [ 110.426629485295663, -7.900359558493093 ], [ 110.427527800579782, -7.900359558493093 ], [ 110.427527800579782, -7.901255229959533 ], [ 110.426629485295663, -7.901255229959533 ], [ 110.426629485295663, -7.900359558493093 ] ] ] ] } },
{ "type": "Feature", "properties": { "Kelas": "Sedang", "SKOR_LONGSOR": 3 }, "geometry": { "type": "MultiPolygon", "coordinates": [ [ [ [ 110.434714322852741, -7.900359558493093 ], [ 110.43561263813686, -7.900359558493093 ], [ 110.43561263813686, -7.901255229959533 ], [ 110.434714322852741, -7.901255229959533 ], [ 110.434714322852741, -7.900359558493093 ] ] ] ] } },
{ "type": "Feature", "properties": { "Kelas": "Cukup Rendah", "SKOR_LONGSOR": 2 }, "geometry": { "type": "MultiPolygon", "coordinates": [ [ [ [ 110.437409268705096, -7.897672532283701 ], [ 110.439205899273333, -7.897672532283701 ], [ 110.439205899273333, -7.898568209654958 ], [ 110.438307583989214, -7.898568209654958 ], [ 110.438307583989214, -7.899463885058161 ], [ 110.439205899273333, -7.899463885058161 ], [ 110.439205899273333, -7.900359558493093 ], [ 110.438307583989214, -7.900359558493093 ], [ 110.438307583989214, -7.901255229959533 ], [ 110.43561263813686, -7.901255229959533 ], [ 110.43561263813686, -7.900359558493093 ], [ 110.437409268705096, -7.900359558493093 ], [ 110.437409268705096, -7.897672532283701 ] ] ] ] } },
{ "type": "Feature", "properties": { "Kelas": "Sangat Rendah", "SKOR_LONGSOR": 1 }, "geometry": { "type": "MultiPolygon", "coordinates": [ [ [ [ 110.445494106262174, -7.900359558493093 ], [ 110.446392421546292, -7.900359558493093 ], [ 110.446392421546292, -7.901255229959533 ], [ 110.445494106262174, -7.901255229959533 ], [ 110.445494106262174, -7.900359558493093 ] ] ] ] } },
{ "type": "Feature", "properties": { "Kelas": "Sangat Rendah", "SKOR_LONGSOR": 1 }, "geometry": { "type": "MultiPolygon", "coordinates": [ [ [ [ 110.455375574387489, -7.900359558493093 ], [ 110.456273889671607, -7.900359558493093 ], [ 110.456273889671607, -7.901255229959533 ], [ 110.455375574387489, -7.901255229959533 ], [ 110.455375574387489, -7.900359558493093 ] ] ] ] } },
{ "type": "Feature", "properties": { "Kelas": "Sangat Rendah", "SKOR_LONGSOR": 1 }, "geometry": { "type": "MultiPolygon", "coordinates": [ [ [ [ 110.468850303649276, -7.900359558493093 ], [ 110.469748618933409, -7.900359558493093 ], [ 110.469748618933409, -7.901255229959533 ], [ 110.468850303649276, -7.901255229959533 ], [ 110.468850303649276, -7.900359558493093 ] ] ] ] } },
{ "type": "Feature", "properties": { "Kelas": "Sangat Rendah", "SKOR_LONGSOR": 1 }, "geometry": { "type": "MultiPolygon", "coordinates": [ [ [ [ 110.407764864329152, -7.901255229959533 ], [ 110.409561494897403, -7.901255229959533 ], [ 110.409561494897403, -7.902150899457269 ], [ 110.407764864329152, -7.902150899457269 ], [ 110.407764864329152, -7.901255229959533 ] ] ] ] } },
{ "type": "Feature", "properties": { "Kelas": "Cukup Tinggi", "SKOR_LONGSOR": 4 }, "geometry": { "type": "MultiPolygon", "coordinates": [ [ [ [ 110.410459810181507, -7.901255229959533 ], [ 110.41135812546564, -7.901255229959533 ], [ 110.41135812546564, -7.902150899457269 ], [ 110.410459810181507, -7.902150899457269 ], [ 110.410459810181507, -7.901255229959533 ] ] ] ] } },
{ "type": "Feature", "properties": { "Kelas": "Cukup Rendah", "SKOR_LONGSOR": 2 }, "geometry": { "type": "MultiPolygon", "coordinates": [ [ [ [ 110.423036224159176, -7.901255229959533 ], [ 110.423934539443309, -7.901255229959533 ], [ 110.423934539443309, -7.902150899457269 ], [ 110.423036224159176, -7.902150899457269 ], [ 110.423036224159176, -7.901255229959533 ] ] ] ] } },
{ "type": "Feature", "properties": { "Kelas": "Cukup Rendah", "SKOR_LONGSOR": 2 }, "geometry": { "type": "MultiPolygon", "coordinates": [ [ [ [ 110.434714322852741, -7.901255229959533 ], [ 110.43561263813686, -7.901255229959533 ], [ 110.43561263813686, -7.902150899457269 ], [ 110.434714322852741, -7.902150899457269 ], [ 110.434714322852741, -7.901255229959533 ] ] ] ] } },
{ "type": "Feature", "properties": { "Kelas": "Cukup Tinggi", "SKOR_LONGSOR": 4 }, "geometry": { "type": "MultiPolygon", "coordinates": [ [ [ [ 110.43561263813686, -7.901255229959533 ], [ 110.436510953420978, -7.901255229959533 ], [ 110.436510953420978, -7.90304656698608 ], [ 110.437409268705096, -7.90304656698608 ], [ 110.437409268705096, -7.90394223254575 ], [ 110.43561263813686, -7.90394223254575 ], [ 110.43561263813686, -7.901255229959533 ] ] ] ] } },
{ "type": "Feature", "properties": { "Kelas": "Sangat Rendah", "SKOR_LONGSOR": 1 }, "geometry": { "type": "MultiPolygon", "coordinates": [ [ [ [ 110.458070520239843, -7.901255229959533 ], [ 110.458968835523976, -7.901255229959533 ], [ 110.458968835523976, -7.902150899457269 ], [ 110.45986715080808, -7.902150899457269 ], [ 110.45986715080808, -7.90304656698608 ], [ 110.458070520239843, -7.90304656698608 ], [ 110.458070520239843, -7.901255229959533 ] ] ] ] } },
{ "type": "Feature", "properties": { "Kelas": "Sangat Rendah", "SKOR_LONGSOR": 1 }, "geometry": { "type": "MultiPolygon", "coordinates": [ [ [ [ 110.400578342056193, -7.902150899457269 ], [ 110.401476657340311, -7.902150899457269 ], [ 110.401476657340311, -7.90304656698608 ], [ 110.400578342056193, -7.90304656698608 ], [ 110.400578342056193, -7.902150899457269 ] ] ] ] } },
{ "type": "Feature", "properties": { "Kelas": "Sedang", "SKOR_LONGSOR": 3 }, "geometry": { "type": "MultiPolygon", "coordinates": [ [ [ [ 110.410459810181507, -7.902150899457269 ], [ 110.41135812546564, -7.902150899457269 ], [ 110.41135812546564, -7.90304656698608 ], [ 110.410459810181507, -7.90304656698608 ], [ 110.410459810181507, -7.902150899457269 ] ] ] ] } },
{ "type": "Feature", "properties": { "Kelas": "Sangat Rendah", "SKOR_LONGSOR": 1 }, "geometry": { "type": "MultiPolygon", "coordinates": [ [ [ [ 110.423036224159176, -7.902150899457269 ], [ 110.423934539443309, -7.902150899457269 ], [ 110.423934539443309, -7.90304656698608 ], [ 110.423036224159176, -7.90304656698608 ], [ 110.423036224159176, -7.902150899457269 ] ] ] ] } },
{ "type": "Feature", "properties": { "Kelas": "Cukup Tinggi", "SKOR_LONGSOR": 4 }, "geometry": { "type": "MultiPolygon", "coordinates": [ [ [ [ 110.431121061716269, -7.901255229959533 ], [ 110.432019377000373, -7.901255229959533 ], [ 110.432019377000373, -7.90394223254575 ], [ 110.431121061716269, -7.90394223254575 ], [ 110.431121061716269, -7.90304656698608 ], [ 110.429324431148018, -7.90304656698608 ], [ 110.429324431148018, -7.902150899457269 ], [ 110.431121061716269, -7.902150899457269 ], [ 110.431121061716269, -7.901255229959533 ] ] ] ] } },
{ "type": "Feature", "properties": { "Kelas": "Sedang", "SKOR_LONGSOR": 3 }, "geometry": { "type": "MultiPolygon", "coordinates": [ [ [ [ 110.434714322852741, -7.902150899457269 ], [ 110.43561263813686, -7.902150899457269 ], [ 110.43561263813686, -7.90304656698608 ], [ 110.434714322852741, -7.90304656698608 ], [ 110.434714322852741, -7.902150899457269 ] ] ] ] } },
{ "type": "Feature", "properties": { "Kelas": "Cukup Rendah", "SKOR_LONGSOR": 2 }, "geometry": { "type": "MultiPolygon", "coordinates": [ [ [ [ 110.436510953420978, -7.902150899457269 ], [ 110.437409268705096, -7.902150899457269 ], [ 110.437409268705096, -7.90304656698608 ], [ 110.436510953420978, -7.90304656698608 ], [ 110.436510953420978, -7.902150899457269 ] ] ] ] } },
{ "type": "Feature", "properties": { "Kelas": "Sedang", "SKOR_LONGSOR": 3 }, "geometry": { "type": "MultiPolygon", "coordinates": [ [ [ [ 110.457172204955739, -7.902150899457269 ], [ 110.458070520239843, -7.902150899457269 ], [ 110.458070520239843, -7.90304656698608 ], [ 110.457172204955739, -7.90304656698608 ], [ 110.457172204955739, -7.902150899457269 ] ] ] ] } },
{ "type": "Feature", "properties": { "Kelas": "Cukup Rendah", "SKOR_LONGSOR": 2 }, "geometry": { "type": "MultiPolygon", "coordinates": [ [ [ [ 110.466155357796922, -7.902150899457269 ], [ 110.46705367308104, -7.902150899457269 ], [ 110.46705367308104, -7.90304656698608 ], [ 110.466155357796922, -7.90304656698608 ], [ 110.466155357796922, -7.902150899457269 ] ] ] ] } },
{ "type": "Feature", "properties": { "Kelas": "Sedang", "SKOR_LONGSOR": 3 }, "geometry": { "type": "MultiPolygon", "coordinates": [ [ [ [ 110.493104816320511, -7.902150899457269 ], [ 110.494003131604615, -7.902150899457269 ], [ 110.494003131604615, -7.90304656698608 ], [ 110.493104816320511, -7.90304656698608 ], [ 110.493104816320511, -7.902150899457269 ] ] ] ] } },
{ "type": "Feature", "properties": { "Kelas": "Sedang", "SKOR_LONGSOR": 3 }, "geometry": { "type": "MultiPolygon", "coordinates": [ [ [ [ 110.495799762172865, -7.902150899457269 ], [ 110.496698077456983, -7.902150899457269 ], [ 110.496698077456983, -7.90304656698608 ], [ 110.495799762172865, -7.90304656698608 ], [ 110.495799762172865, -7.902150899457269 ] ] ] ] } },
{ "type": "Feature", "properties": { "Kelas": "Sangat Rendah", "SKOR_LONGSOR": 1 }, "geometry": { "type": "MultiPolygon", "coordinates": [ [ [ [ 110.398781711487956, -7.90304656698608 ], [ 110.399680026772074, -7.90304656698608 ], [ 110.399680026772074, -7.90394223254575 ], [ 110.398781711487956, -7.90394223254575 ], [ 110.398781711487956, -7.90304656698608 ] ] ] ] } },
{ "type": "Feature", "properties": { "Kelas": "Sedang", "SKOR_LONGSOR": 3 }, "geometry": { "type": "MultiPolygon", "coordinates": [ [ [ [ 110.405069918476798, -7.90304656698608 ], [ 110.405968233760916, -7.90304656698608 ], [ 110.405968233760916, -7.90394223254575 ], [ 110.405069918476798, -7.90394223254575 ], [ 110.405069918476798, -7.90304656698608 ] ] ] ] } },
{ "type": "Feature", "properties": { "Kelas": "Sedang", "SKOR_LONGSOR": 3 }, "geometry": { "type": "MultiPolygon", "coordinates": [ [ [ [ 110.430222746432136, -7.90304656698608 ], [ 110.431121061716269, -7.90304656698608 ], [ 110.431121061716269, -7.90394223254575 ], [ 110.430222746432136, -7.90394223254575 ], [ 110.430222746432136, -7.90304656698608 ] ] ] ] } },
{ "type": "Feature", "properties": { "Kelas": "Sedang", "SKOR_LONGSOR": 3 }, "geometry": { "type": "MultiPolygon", "coordinates": [ [ [ [ 110.437409268705096, -7.90304656698608 ], [ 110.438307583989214, -7.90304656698608 ], [ 110.438307583989214, -7.90394223254575 ], [ 110.437409268705096, -7.90394223254575 ], [ 110.437409268705096, -7.90304656698608 ] ] ] ] } },
{ "type": "Feature", "properties": { "Kelas": "Sangat Rendah", "SKOR_LONGSOR": 1 }, "geometry": { "type": "MultiPolygon", "coordinates": [ [ [ [ 110.438307583989214, -7.90304656698608 ], [ 110.439205899273333, -7.90304656698608 ], [ 110.439205899273333, -7.90394223254575 ], [ 110.438307583989214, -7.90394223254575 ], [ 110.438307583989214, -7.90304656698608 ] ] ] ] } },
{ "type": "Feature", "properties": { "Kelas": "Cukup Rendah", "SKOR_LONGSOR": 2 }, "geometry": { "type": "MultiPolygon", "coordinates": [ [ [ [ 110.442799160409805, -7.90304656698608 ], [ 110.443697475693938, -7.90304656698608 ], [ 110.443697475693938, -7.90394223254575 ], [ 110.442799160409805, -7.90394223254575 ], [ 110.442799160409805, -7.90304656698608 ] ] ] ] } },
{ "type": "Feature", "properties": { "Kelas": "Sangat Rendah", "SKOR_LONGSOR": 1 }, "geometry": { "type": "MultiPolygon", "coordinates": [ [ [ [ 110.449087367398647, -7.90304656698608 ], [ 110.450883997966883, -7.90304656698608 ], [ 110.450883997966883, -7.90394223254575 ], [ 110.449087367398647, -7.90394223254575 ], [ 110.449087367398647, -7.90304656698608 ] ] ] ] } },
{ "type": "Feature", "properties": { "Kelas": "Cukup Rendah", "SKOR_LONGSOR": 2 }, "geometry": { "type": "MultiPolygon", "coordinates": [ [ [ [ 110.496698077456983, -7.901255229959533 ], [ 110.497596392741102, -7.901255229959533 ], [ 110.497596392741102, -7.905733557756797 ], [ 110.496698077456983, -7.905733557756797 ], [ 110.496698077456983, -7.901255229959533 ] ] ] ] } },
{ "type": "Feature", "properties": { "Kelas": "Cukup Tinggi", "SKOR_LONGSOR": 4 }, "geometry": { "type": "MultiPolygon", "coordinates": [ [ [ [ 110.41135812546564, -7.902150899457269 ], [ 110.412256440749744, -7.902150899457269 ], [ 110.412256440749744, -7.904837896136063 ], [ 110.41135812546564, -7.904837896136063 ], [ 110.41135812546564, -7.902150899457269 ] ] ] ] } },
{ "type": "Feature", "properties": { "Kelas": "Cukup Rendah", "SKOR_LONGSOR": 2 }, "geometry": { "type": "MultiPolygon", "coordinates": [ [ [ [ 110.42123959359094, -7.902150899457269 ], [ 110.423036224159176, -7.902150899457269 ], [ 110.423036224159176, -7.90304656698608 ], [ 110.423934539443309, -7.90304656698608 ], [ 110.423934539443309, -7.904837896136063 ], [ 110.423036224159176, -7.904837896136063 ], [ 110.423036224159176, -7.906629217407741 ], [ 110.42123959359094, -7.906629217407741 ], [ 110.42123959359094, -7.902150899457269 ] ] ] ] } },
{ "type": "Feature", "properties": { "Kelas": "Cukup Tinggi", "SKOR_LONGSOR": 4 }, "geometry": { "type": "MultiPolygon", "coordinates": [ [ [ [ 110.456273889671607, -7.902150899457269 ], [ 110.457172204955739, -7.902150899457269 ], [ 110.457172204955739, -7.90304656698608 ], [ 110.45986715080808, -7.90304656698608 ], [ 110.45986715080808, -7.902150899457269 ], [ 110.460765466092212, -7.902150899457269 ], [ 110.460765466092212, -7.90304656698608 ], [ 110.461663781376316, -7.90304656698608 ], [ 110.461663781376316, -7.905733557756797 ], [ 110.460765466092212, -7.905733557756797 ], [ 110.460765466092212, -7.906629217407741 ], [ 110.45986715080808, -7.906629217407741 ], [ 110.45986715080808, -7.908420530799381 ], [ 110.458968835523976, -7.908420530799381 ], [ 110.458968835523976, -7.906629217407741 ], [ 110.458070520239843, -7.906629217407741 ], [ 110.458070520239843, -7.905733557756797 ], [ 110.457172204955739, -7.905733557756797 ], [ 110.457172204955739, -7.904837896136063 ], [ 110.456273889671607, -7.904837896136063 ], [ 110.456273889671607, -7.902150899457269 ] ] ] ] } },
{ "type": "Feature", "properties": { "Kelas": "Tinggi", "SKOR_LONGSOR": 0 }, "geometry": { "type": "MultiPolygon", "coordinates": [ [ [ [ 110.426629485295663, -7.90304656698608 ], [ 110.427527800579782, -7.90304656698608 ], [ 110.427527800579782, -7.906629217407741 ], [ 110.426629485295663, -7.906629217407741 ], [ 110.426629485295663, -7.90304656698608 ] ] ] ] } },
{ "type": "Feature", "properties": { "Kelas": "Cukup Rendah", "SKOR_LONGSOR": 2 }, "geometry": { "type": "MultiPolygon", "coordinates": [ [ [ [ 110.429324431148018, -7.90304656698608 ], [ 110.430222746432136, -7.90304656698608 ], [ 110.430222746432136, -7.90394223254575 ], [ 110.431121061716269, -7.90394223254575 ], [ 110.431121061716269, -7.904837896136063 ], [ 110.429324431148018, -7.904837896136063 ], [ 110.429324431148018, -7.90304656698608 ] ] ] ] } },
{ "type": "Feature", "properties": { "Kelas": "Sangat Rendah", "SKOR_LONGSOR": 1 }, "geometry": { "type": "MultiPolygon", "coordinates": [ [ [ [ 110.487714924615787, -7.90304656698608 ], [ 110.488613239899905, -7.90304656698608 ], [ 110.488613239899905, -7.904837896136063 ], [ 110.489511555184038, -7.904837896136063 ], [ 110.489511555184038, -7.905733557756797 ], [ 110.487714924615787, -7.905733557756797 ], [ 110.487714924615787, -7.90304656698608 ] ] ] ] } },
{ "type": "Feature", "properties": { "Kelas": "Cukup Tinggi", "SKOR_LONGSOR": 4 }, "geometry": { "type": "MultiPolygon", "coordinates": [ [ [ [ 110.493104816320511, -7.90304656698608 ], [ 110.496698077456983, -7.90304656698608 ], [ 110.496698077456983, -7.90394223254575 ], [ 110.495799762172865, -7.90394223254575 ], [ 110.495799762172865, -7.906629217407741 ], [ 110.496698077456983, -7.906629217407741 ], [ 110.496698077456983, -7.908420530799381 ], [ 110.495799762172865, -7.908420530799381 ], [ 110.495799762172865, -7.909316184539641 ], [ 110.494901446888747, -7.909316184539641 ], [ 110.494901446888747, -7.906629217407741 ], [ 110.494003131604615, -7.906629217407741 ], [ 110.494003131604615, -7.90394223254575 ], [ 110.493104816320511, -7.90394223254575 ], [ 110.493104816320511, -7.90304656698608 ] ] ] ] } },
{ "type": "Feature", "properties": { "Kelas": "Cukup Rendah", "SKOR_LONGSOR": 2 }, "geometry": { "type": "MultiPolygon", "coordinates": [ [ [ [ 110.406866549045034, -7.894089803122462 ], [ 110.407764864329152, -7.894089803122462 ], [ 110.407764864329152, -7.898568209654958 ], [ 110.408663179613271, -7.898568209654958 ], [ 110.408663179613271, -7.895881171637887 ], [ 110.409561494897403, -7.895881171637887 ], [ 110.409561494897403, -7.894089803122462 ], [ 110.410459810181507, -7.894089803122462 ], [ 110.410459810181507, -7.897672532283701 ], [ 110.41135812546564, -7.897672532283701 ], [ 110.41135812546564, -7.899463885058161 ], [ 110.414053071317994, -7.899463885058161 ], [ 110.414053071317994, -7.898568209654958 ], [ 110.414951386602112, -7.898568209654958 ], [ 110.414951386602112, -7.899463885058161 ], [ 110.415849701886231, -7.899463885058161 ], [ 110.415849701886231, -7.900359558493093 ], [ 110.414951386602112, -7.900359558493093 ], [ 110.414951386602112, -7.901255229959533 ], [ 110.415849701886231, -7.901255229959533 ], [ 110.415849701886231, -7.902150899457269 ], [ 110.414053071317994, -7.902150899457269 ], [ 110.414053071317994, -7.90394223254575 ], [ 110.413154756033876, -7.90394223254575 ], [ 110.413154756033876, -7.904837896136063 ], [ 110.412256440749744, -7.904837896136063 ], [ 110.412256440749744, -7.902150899457269 ], [ 110.41135812546564, -7.902150899457269 ], [ 110.41135812546564, -7.901255229959533 ], [ 110.410459810181507, -7.901255229959533 ], [ 110.410459810181507, -7.90304656698608 ], [ 110.41135812546564, -7.90304656698608 ], [ 110.41135812546564, -7.904837896136063 ], [ 110.410459810181507, -7.904837896136063 ], [ 110.410459810181507, -7.90394223254575 ], [ 110.407764864329152, -7.90394223254575 ], [ 110.407764864329152, -7.902150899457269 ], [ 110.405968233760916, -7.902150899457269 ], [ 110.405968233760916, -7.90304656698608 ], [ 110.405069918476798, -7.90304656698608 ], [ 110.405069918476798, -7.904837896136063 ], [ 110.40417160319268, -7.904837896136063 ], [ 110.40417160319268, -7.905733557756797 ], [ 110.403273287908561, -7.905733557756797 ], [ 110.403273287908561, -7.906629217407741 ], [ 110.402374972624443, -7.906629217407741 ], [ 110.402374972624443, -7.907524875088675 ], [ 110.400578342056193, -7.907524875088675 ], [ 110.400578342056193, -7.908420530799381 ], [ 110.399680026772074, -7.908420530799381 ], [ 110.399680026772074, -7.906629217407741 ], [ 110.398781711487956, -7.906629217407741 ], [ 110.398781711487956, -7.90394223254575 ], [ 110.399680026772074, -7.90394223254575 ], [ 110.399680026772074, -7.902150899457269 ], [ 110.400578342056193, -7.902150899457269 ], [ 110.400578342056193, -7.90304656698608 ], [ 110.401476657340311, -7.90304656698608 ], [ 110.401476657340311, -7.902150899457269 ], [ 110.402374972624443, -7.902150899457269 ], [ 110.402374972624443, -7.898568209654958 ], [ 110.400578342056193, -7.898568209654958 ], [ 110.400578342056193, -7.895881171637887 ], [ 110.401476657340311, -7.895881171637887 ], [ 110.401476657340311, -7.894089803122462 ], [ 110.402374972624443, -7.894089803122462 ], [ 110.402374972624443, -7.893194115914192 ], [ 110.406866549045034, -7.893194115914192 ], [ 110.406866549045034, -7.894089803122462 ] ], [ [ 110.409561494897403, -7.897672532283701 ], [ 110.409561494897403, -7.899463885058161 ], [ 110.408663179613271, -7.899463885058161 ], [ 110.408663179613271, -7.900359558493093 ], [ 110.410459810181507, -7.900359558493093 ], [ 110.410459810181507, -7.897672532283701 ], [ 110.409561494897403, -7.897672532283701 ] ], [ [ 110.412256440749744, -7.901255229959533 ], [ 110.412256440749744, -7.900359558493093 ], [ 110.41135812546564, -7.900359558493093 ], [ 110.41135812546564, -7.901255229959533 ], [ 110.412256440749744, -7.901255229959533 ] ], [ [ 110.409561494897403, -7.902150899457269 ], [ 110.409561494897403, -7.901255229959533 ], [ 110.407764864329152, -7.901255229959533 ], [ 110.407764864329152, -7.902150899457269 ], [ 110.409561494897403, -7.902150899457269 ] ] ] ] } },
{ "type": "Feature", "properties": { "Kelas": "Sedang", "SKOR_LONGSOR": 3 }, "geometry": { "type": "MultiPolygon", "coordinates": [ [ [ [ 110.4284261158639, -7.90394223254575 ], [ 110.429324431148018, -7.90394223254575 ], [ 110.429324431148018, -7.904837896136063 ], [ 110.4284261158639, -7.904837896136063 ], [ 110.4284261158639, -7.90394223254575 ] ] ] ] } },
{ "type": "Feature", "properties": { "Kelas": "Cukup Tinggi", "SKOR_LONGSOR": 4 }, "geometry": { "type": "MultiPolygon", "coordinates": [ [ [ [ 110.437409268705096, -7.90394223254575 ], [ 110.438307583989214, -7.90394223254575 ], [ 110.438307583989214, -7.905733557756797 ], [ 110.437409268705096, -7.905733557756797 ], [ 110.437409268705096, -7.90394223254575 ] ] ] ] } },
{ "type": "Feature", "properties": { "Kelas": "Cukup Rendah", "SKOR_LONGSOR": 2 }, "geometry": { "type": "MultiPolygon", "coordinates": [ [ [ [ 110.438307583989214, -7.90394223254575 ], [ 110.439205899273333, -7.90394223254575 ], [ 110.439205899273333, -7.905733557756797 ], [ 110.438307583989214, -7.905733557756797 ], [ 110.438307583989214, -7.90394223254575 ] ] ] ] } },
{ "type": "Feature", "properties": { "Kelas": "Cukup Rendah", "SKOR_LONGSOR": 2 }, "geometry": { "type": "MultiPolygon", "coordinates": [ [ [ [ 110.449087367398647, -7.896776852944603 ], [ 110.449985682682765, -7.896776852944603 ], [ 110.449985682682765, -7.899463885058161 ], [ 110.450883997966883, -7.899463885058161 ], [ 110.450883997966883, -7.902150899457269 ], [ 110.451782313251016, -7.902150899457269 ], [ 110.451782313251016, -7.90304656698608 ], [ 110.448189052114529, -7.90304656698608 ], [ 110.448189052114529, -7.90394223254575 ], [ 110.445494106262174, -7.90394223254575 ], [ 110.445494106262174, -7.904837896136063 ], [ 110.443697475693938, -7.904837896136063 ], [ 110.443697475693938, -7.90394223254575 ], [ 110.444595790978042, -7.90394223254575 ], [ 110.444595790978042, -7.90304656698608 ], [ 110.445494106262174, -7.90304656698608 ], [ 110.445494106262174, -7.902150899457269 ], [ 110.444595790978042, -7.902150899457269 ], [ 110.444595790978042, -7.901255229959533 ], [ 110.446392421546292, -7.901255229959533 ], [ 110.446392421546292, -7.900359558493093 ], [ 110.449087367398647, -7.900359558493093 ], [ 110.449087367398647, -7.899463885058161 ], [ 110.448189052114529, -7.899463885058161 ], [ 110.448189052114529, -7.897672532283701 ], [ 110.449087367398647, -7.897672532283701 ], [ 110.449087367398647, -7.896776852944603 ] ] ] ] } },
{ "type": "Feature", "properties": { "Kelas": "Cukup Rendah", "SKOR_LONGSOR": 2 }, "geometry": { "type": "MultiPolygon", "coordinates": [ [ [ [ 110.449985682682765, -7.90394223254575 ], [ 110.450883997966883, -7.90394223254575 ], [ 110.450883997966883, -7.904837896136063 ], [ 110.449985682682765, -7.904837896136063 ], [ 110.449985682682765, -7.90394223254575 ] ] ] ] } },
{ "type": "Feature", "properties": { "Kelas": "Sangat Rendah", "SKOR_LONGSOR": 1 }, "geometry": { "type": "MultiPolygon", "coordinates": [ [ [ [ 110.450883997966883, -7.90394223254575 ], [ 110.451782313251016, -7.90394223254575 ], [ 110.451782313251016, -7.904837896136063 ], [ 110.450883997966883, -7.904837896136063 ], [ 110.450883997966883, -7.90394223254575 ] ] ] ] } },
{ "type": "Feature", "properties": { "Kelas": "Sedang", "SKOR_LONGSOR": 3 }, "geometry": { "type": "MultiPolygon", "coordinates": [ [ [ [ 110.455375574387489, -7.90394223254575 ], [ 110.456273889671607, -7.90394223254575 ], [ 110.456273889671607, -7.904837896136063 ], [ 110.455375574387489, -7.904837896136063 ], [ 110.455375574387489, -7.90394223254575 ] ] ] ] } },
{ "type": "Feature", "properties": { "Kelas": "Cukup Rendah", "SKOR_LONGSOR": 2 }, "geometry": { "type": "MultiPolygon", "coordinates": [ [ [ [ 110.478731771774605, -7.90394223254575 ], [ 110.479630087058709, -7.90394223254575 ], [ 110.479630087058709, -7.905733557756797 ], [ 110.478731771774605, -7.905733557756797 ], [ 110.478731771774605, -7.90394223254575 ] ] ] ] } },
{ "type": "Feature", "properties": { "Kelas": "Sangat Rendah", "SKOR_LONGSOR": 1 }, "geometry": { "type": "MultiPolygon", "coordinates": [ [ [ [ 110.479630087058709, -7.90394223254575 ], [ 110.480528402342841, -7.90394223254575 ], [ 110.480528402342841, -7.904837896136063 ], [ 110.479630087058709, -7.904837896136063 ], [ 110.479630087058709, -7.90394223254575 ] ] ] ] } },
{ "type": "Feature", "properties": { "Kelas": "Tinggi", "SKOR_LONGSOR": 0 }, "geometry": { "type": "MultiPolygon", "coordinates": [ [ [ [ 110.495799762172865, -7.90394223254575 ], [ 110.496698077456983, -7.90394223254575 ], [ 110.496698077456983, -7.906629217407741 ], [ 110.495799762172865, -7.906629217407741 ], [ 110.495799762172865, -7.90394223254575 ] ] ] ] } },
{ "type": "Feature", "properties": { "Kelas": "Sedang", "SKOR_LONGSOR": 3 }, "geometry": { "type": "MultiPolygon", "coordinates": [ [ [ [ 110.40417160319268, -7.904837896136063 ], [ 110.405069918476798, -7.904837896136063 ], [ 110.405069918476798, -7.905733557756797 ], [ 110.40417160319268, -7.905733557756797 ], [ 110.40417160319268, -7.904837896136063 ] ] ] ] } },
{ "type": "Feature", "properties": { "Kelas": "Sedang", "SKOR_LONGSOR": 3 }, "geometry": { "type": "MultiPolygon", "coordinates": [ [ [ [ 110.423036224159176, -7.904837896136063 ], [ 110.423934539443309, -7.904837896136063 ], [ 110.423934539443309, -7.905733557756797 ], [ 110.423036224159176, -7.905733557756797 ], [ 110.423036224159176, -7.904837896136063 ] ] ] ] } },
{ "type": "Feature", "properties": { "Kelas": "Cukup Tinggi", "SKOR_LONGSOR": 4 }, "geometry": { "type": "MultiPolygon", "coordinates": [ [ [ [ 110.432917692284505, -7.904837896136063 ], [ 110.433816007568609, -7.904837896136063 ], [ 110.433816007568609, -7.905733557756797 ], [ 110.432917692284505, -7.905733557756797 ], [ 110.432917692284505, -7.904837896136063 ] ] ] ] } },
{ "type": "Feature", "properties": { "Kelas": "Cukup Rendah", "SKOR_LONGSOR": 2 }, "geometry": { "type": "MultiPolygon", "coordinates": [ [ [ [ 110.441002529841569, -7.904837896136063 ], [ 110.442799160409805, -7.904837896136063 ], [ 110.442799160409805, -7.905733557756797 ], [ 110.441002529841569, -7.905733557756797 ], [ 110.441002529841569, -7.904837896136063 ] ] ] ] } },
{ "type": "Feature", "properties": { "Kelas": "Sangat Rendah", "SKOR_LONGSOR": 1 }, "geometry": { "type": "MultiPolygon", "coordinates": [ [ [ [ 110.443697475693938, -7.904837896136063 ], [ 110.445494106262174, -7.904837896136063 ], [ 110.445494106262174, -7.905733557756797 ], [ 110.443697475693938, -7.905733557756797 ], [ 110.443697475693938, -7.904837896136063 ] ] ] ] } },
{ "type": "Feature", "properties": { "Kelas": "Cukup Rendah", "SKOR_LONGSOR": 2 }, "geometry": { "type": "MultiPolygon", "coordinates": [ [ [ [ 110.446392421546292, -7.904837896136063 ], [ 110.447290736830411, -7.904837896136063 ], [ 110.447290736830411, -7.905733557756797 ], [ 110.446392421546292, -7.905733557756797 ], [ 110.446392421546292, -7.904837896136063 ] ] ] ] } },
{ "type": "Feature", "properties": { "Kelas": "Sangat Rendah", "SKOR_LONGSOR": 1 }, "geometry": { "type": "MultiPolygon", "coordinates": [ [ [ [ 110.451782313251016, -7.904837896136063 ], [ 110.452680628535134, -7.904837896136063 ], [ 110.452680628535134, -7.905733557756797 ], [ 110.451782313251016, -7.905733557756797 ], [ 110.451782313251016, -7.904837896136063 ] ] ] ] } },
{ "type": "Feature", "properties": { "Kelas": "Cukup Rendah", "SKOR_LONGSOR": 2 }, "geometry": { "type": "MultiPolygon", "coordinates": [ [ [ [ 110.452680628535134, -7.904837896136063 ], [ 110.453578943819252, -7.904837896136063 ], [ 110.453578943819252, -7.905733557756797 ], [ 110.452680628535134, -7.905733557756797 ], [ 110.452680628535134, -7.904837896136063 ] ] ] ] } },
{ "type": "Feature", "properties": { "Kelas": "Sangat Rendah", "SKOR_LONGSOR": 1 }, "geometry": { "type": "MultiPolygon", "coordinates": [ [ [ [ 110.453578943819252, -7.904837896136063 ], [ 110.454477259103371, -7.904837896136063 ], [ 110.454477259103371, -7.905733557756797 ], [ 110.453578943819252, -7.905733557756797 ], [ 110.453578943819252, -7.904837896136063 ] ] ] ] } },
{ "type": "Feature", "properties": { "Kelas": "Sangat Rendah", "SKOR_LONGSOR": 1 }, "geometry": { "type": "MultiPolygon", "coordinates": [ [ [ [ 110.477833456490472, -7.904837896136063 ], [ 110.478731771774605, -7.904837896136063 ], [ 110.478731771774605, -7.905733557756797 ], [ 110.477833456490472, -7.905733557756797 ], [ 110.477833456490472, -7.904837896136063 ] ] ] ] } },
{ "type": "Feature", "properties": { "Kelas": "Sangat Rendah", "SKOR_LONGSOR": 1 }, "geometry": { "type": "MultiPolygon", "coordinates": [ [ [ [ 110.491308185752274, -7.90304656698608 ], [ 110.492206501036378, -7.90304656698608 ], [ 110.492206501036378, -7.905733557756797 ], [ 110.491308185752274, -7.905733557756797 ], [ 110.491308185752274, -7.906629217407741 ], [ 110.490409870468142, -7.906629217407741 ], [ 110.490409870468142, -7.904837896136063 ], [ 110.491308185752274, -7.904837896136063 ], [ 110.491308185752274, -7.90304656698608 ] ] ] ] } },
{ "type": "Feature", "properties": { "Kelas": "Sangat Rendah", "SKOR_LONGSOR": 1 }, "geometry": { "type": "MultiPolygon", "coordinates": [ [ [ [ 110.397883396203838, -7.905733557756797 ], [ 110.398781711487956, -7.905733557756797 ], [ 110.398781711487956, -7.906629217407741 ], [ 110.397883396203838, -7.906629217407741 ], [ 110.397883396203838, -7.905733557756797 ] ] ] ] } },
{ "type": "Feature", "properties": { "Kelas": "Sangat Rendah", "SKOR_LONGSOR": 1 }, "geometry": { "type": "MultiPolygon", "coordinates": [ [ [ [ 110.410459810181507, -7.905733557756797 ], [ 110.41135812546564, -7.905733557756797 ], [ 110.41135812546564, -7.906629217407741 ], [ 110.410459810181507, -7.906629217407741 ], [ 110.410459810181507, -7.905733557756797 ] ] ] ] } },
{ "type": "Feature", "properties": { "Kelas": "Cukup Tinggi", "SKOR_LONGSOR": 4 }, "geometry": { "type": "MultiPolygon", "coordinates": [ [ [ [ 110.432019377000373, -7.905733557756797 ], [ 110.432917692284505, -7.905733557756797 ], [ 110.432917692284505, -7.906629217407741 ], [ 110.432019377000373, -7.906629217407741 ], [ 110.432019377000373, -7.905733557756797 ] ] ] ] } },
{ "type": "Feature", "properties": { "Kelas": "Cukup Tinggi", "SKOR_LONGSOR": 4 }, "geometry": { "type": "MultiPolygon", "coordinates": [ [ [ [ 110.438307583989214, -7.905733557756797 ], [ 110.439205899273333, -7.905733557756797 ], [ 110.439205899273333, -7.908420530799381 ], [ 110.438307583989214, -7.908420530799381 ], [ 110.438307583989214, -7.905733557756797 ] ] ] ] } },
{ "type": "Feature", "properties": { "Kelas": "Cukup Rendah", "SKOR_LONGSOR": 2 }, "geometry": { "type": "MultiPolygon", "coordinates": [ [ [ [ 110.439205899273333, -7.905733557756797 ], [ 110.440104214557451, -7.905733557756797 ], [ 110.440104214557451, -7.906629217407741 ], [ 110.439205899273333, -7.906629217407741 ], [ 110.439205899273333, -7.905733557756797 ] ] ] ] } },
{ "type": "Feature", "properties": { "Kelas": "Cukup Rendah", "SKOR_LONGSOR": 2 }, "geometry": { "type": "MultiPolygon", "coordinates": [ [ [ [ 110.442799160409805, -7.905733557756797 ], [ 110.444595790978042, -7.905733557756797 ], [ 110.444595790978042, -7.906629217407741 ], [ 110.445494106262174, -7.906629217407741 ], [ 110.445494106262174, -7.907524875088675 ], [ 110.443697475693938, -7.907524875088675 ], [ 110.443697475693938, -7.906629217407741 ], [ 110.442799160409805, -7.906629217407741 ], [ 110.442799160409805, -7.905733557756797 ] ] ] ] } },
{ "type": "Feature", "properties": { "Kelas": "Sangat Rendah", "SKOR_LONGSOR": 1 }, "geometry": { "type": "MultiPolygon", "coordinates": [ [ [ [ 110.445494106262174, -7.905733557756797 ], [ 110.446392421546292, -7.905733557756797 ], [ 110.446392421546292, -7.906629217407741 ], [ 110.445494106262174, -7.906629217407741 ], [ 110.445494106262174, -7.905733557756797 ] ] ] ] } },
{ "type": "Feature", "properties": { "Kelas": "Cukup Tinggi", "SKOR_LONGSOR": 4 }, "geometry": { "type": "MultiPolygon", "coordinates": [ [ [ [ 110.465257042512803, -7.905733557756797 ], [ 110.466155357796922, -7.905733557756797 ], [ 110.466155357796922, -7.906629217407741 ], [ 110.465257042512803, -7.906629217407741 ], [ 110.465257042512803, -7.905733557756797 ] ] ] ] } },
{ "type": "Feature", "properties": { "Kelas": "Sangat Rendah", "SKOR_LONGSOR": 1 }, "geometry": { "type": "MultiPolygon", "coordinates": [ [ [ [ 110.483223348195182, -7.905733557756797 ], [ 110.485918294047551, -7.905733557756797 ], [ 110.485918294047551, -7.907524875088675 ], [ 110.485019978763432, -7.907524875088675 ], [ 110.485019978763432, -7.906629217407741 ], [ 110.483223348195182, -7.906629217407741 ], [ 110.483223348195182, -7.905733557756797 ] ] ] ] } },
{ "type": "Feature", "properties": { "Kelas": "Cukup Tinggi", "SKOR_LONGSOR": 4 }, "geometry": { "type": "MultiPolygon", "coordinates": [ [ [ [ 110.4978007, -7.9033449 ], [ 110.4978358, -7.904001 ], [ 110.497826, -7.904654 ], [ 110.4978972, -7.9051491 ], [ 110.4980131, -7.9057814 ], [ 110.497788, -7.9064461 ], [ 110.497726830993585, -7.906629217407741 ], [ 110.496698077456983, -7.906629217407741 ], [ 110.496698077456983, -7.905733557756797 ], [ 110.497596392741102, -7.905733557756797 ], [ 110.497596392741102, -7.90304656698608 ], [ 110.497812462233526, -7.90304656698608 ], [ 110.4978007, -7.9033449 ] ] ] ] } },
{ "type": "Feature", "properties": { "Kelas": "Cukup Tinggi", "SKOR_LONGSOR": 4 }, "geometry": { "type": "MultiPolygon", "coordinates": [ [ [ [ 110.397883396203838, -7.906629217407741 ], [ 110.399680026772074, -7.906629217407741 ], [ 110.399680026772074, -7.908420530799381 ], [ 110.398781711487956, -7.908420530799381 ], [ 110.398781711487956, -7.909316184539641 ], [ 110.397883396203838, -7.909316184539641 ], [ 110.397883396203838, -7.906629217407741 ] ] ] ] } },
{ "type": "Feature", "properties": { "Kelas": "Cukup Tinggi", "SKOR_LONGSOR": 4 }, "geometry": { "type": "MultiPolygon", "coordinates": [ [ [ [ 110.405968233760916, -7.902150899457269 ], [ 110.407764864329152, -7.902150899457269 ], [ 110.407764864329152, -7.90394223254575 ], [ 110.410459810181507, -7.90394223254575 ], [ 110.410459810181507, -7.904837896136063 ], [ 110.41135812546564, -7.904837896136063 ], [ 110.41135812546564, -7.905733557756797 ], [ 110.406866549045034, -7.905733557756797 ], [ 110.406866549045034, -7.906629217407741 ], [ 110.40417160319268, -7.906629217407741 ], [ 110.40417160319268, -7.907524875088675 ], [ 110.402374972624443, -7.907524875088675 ], [ 110.402374972624443, -7.906629217407741 ], [ 110.403273287908561, -7.906629217407741 ], [ 110.403273287908561, -7.905733557756797 ], [ 110.405069918476798, -7.905733557756797 ], [ 110.405069918476798, -7.90394223254575 ], [ 110.405968233760916, -7.90394223254575 ], [ 110.405968233760916, -7.902150899457269 ] ] ] ] } },
{ "type": "Feature", "properties": { "Kelas": "Sangat Rendah", "SKOR_LONGSOR": 1 }, "geometry": { "type": "MultiPolygon", "coordinates": [ [ [ [ 110.407764864329152, -7.906629217407741 ], [ 110.408663179613271, -7.906629217407741 ], [ 110.408663179613271, -7.907524875088675 ], [ 110.407764864329152, -7.907524875088675 ], [ 110.407764864329152, -7.906629217407741 ] ] ] ] } },
{ "type": "Feature", "properties": { "Kelas": "Cukup Rendah", "SKOR_LONGSOR": 2 }, "geometry": { "type": "MultiPolygon", "coordinates": [ [ [ [ 110.41135812546564, -7.905733557756797 ], [ 110.413154756033876, -7.905733557756797 ], [ 110.413154756033876, -7.906629217407741 ], [ 110.414053071317994, -7.906629217407741 ], [ 110.414053071317994, -7.907524875088675 ], [ 110.413154756033876, -7.907524875088675 ], [ 110.413154756033876, -7.908420530799381 ], [ 110.410459810181507, -7.908420530799381 ], [ 110.410459810181507, -7.907524875088675 ], [ 110.408663179613271, -7.907524875088675 ], [ 110.408663179613271, -7.906629217407741 ], [ 110.41135812546564, -7.906629217407741 ], [ 110.41135812546564, -7.905733557756797 ] ] ] ] } },
{ "type": "Feature", "properties": { "Kelas": "Cukup Rendah", "SKOR_LONGSOR": 2 }, "geometry": { "type": "MultiPolygon", "coordinates": [ [ [ [ 110.423934539443309, -7.906629217407741 ], [ 110.424832854727427, -7.906629217407741 ], [ 110.424832854727427, -7.907524875088675 ], [ 110.423934539443309, -7.907524875088675 ], [ 110.423934539443309, -7.906629217407741 ] ] ] ] } },
{ "type": "Feature", "properties": { "Kelas": "Sangat Rendah", "SKOR_LONGSOR": 1 }, "geometry": { "type": "MultiPolygon", "coordinates": [ [ [ [ 110.439205899273333, -7.906629217407741 ], [ 110.440104214557451, -7.906629217407741 ], [ 110.440104214557451, -7.907524875088675 ], [ 110.439205899273333, -7.907524875088675 ], [ 110.439205899273333, -7.906629217407741 ] ] ] ] } },
{ "type": "Feature", "properties": { "Kelas": "Sangat Rendah", "SKOR_LONGSOR": 1 }, "geometry": { "type": "MultiPolygon", "coordinates": [ [ [ [ 110.441002529841569, -7.906629217407741 ], [ 110.442799160409805, -7.906629217407741 ], [ 110.442799160409805, -7.907524875088675 ], [ 110.441002529841569, -7.907524875088675 ], [ 110.441002529841569, -7.906629217407741 ] ] ] ] } },
{ "type": "Feature", "properties": { "Kelas": "Cukup Rendah", "SKOR_LONGSOR": 2 }, "geometry": { "type": "MultiPolygon", "coordinates": [ [ [ [ 110.448189052114529, -7.906629217407741 ], [ 110.449087367398647, -7.906629217407741 ], [ 110.449087367398647, -7.907524875088675 ], [ 110.448189052114529, -7.907524875088675 ], [ 110.448189052114529, -7.906629217407741 ] ] ] ] } },
{ "type": "Feature", "properties": { "Kelas": "Cukup Tinggi", "SKOR_LONGSOR": 4 }, "geometry": { "type": "MultiPolygon", "coordinates": [ [ [ [ 110.463460411944567, -7.906629217407741 ], [ 110.464358727228685, -7.906629217407741 ], [ 110.464358727228685, -7.908420530799381 ], [ 110.463460411944567, -7.908420530799381 ], [ 110.463460411944567, -7.906629217407741 ] ] ] ] } },
{ "type": "Feature", "properties": { "Kelas": "Cukup Rendah", "SKOR_LONGSOR": 2 }, "geometry": { "type": "MultiPolygon", "coordinates": [ [ [ [ 110.477833456490472, -7.906629217407741 ], [ 110.478731771774605, -7.906629217407741 ], [ 110.478731771774605, -7.907524875088675 ], [ 110.477833456490472, -7.907524875088675 ], [ 110.477833456490472, -7.906629217407741 ] ] ] ] } },
{ "type": "Feature", "properties": { "Kelas": "Sangat Rendah", "SKOR_LONGSOR": 1 }, "geometry": { "type": "MultiPolygon", "coordinates": [ [ [ [ 110.478731771774605, -7.906629217407741 ], [ 110.479630087058709, -7.906629217407741 ], [ 110.479630087058709, -7.907524875088675 ], [ 110.478731771774605, -7.907524875088675 ], [ 110.478731771774605, -7.906629217407741 ] ] ] ] } },
{ "type": "Feature", "properties": { "Kelas": "Sangat Rendah", "SKOR_LONGSOR": 1 }, "geometry": { "type": "MultiPolygon", "coordinates": [ [ [ [ 110.480528402342841, -7.906629217407741 ], [ 110.481426717626945, -7.906629217407741 ], [ 110.481426717626945, -7.907524875088675 ], [ 110.480528402342841, -7.907524875088675 ], [ 110.480528402342841, -7.906629217407741 ] ] ] ] } },
{ "type": "Feature", "properties": { "Kelas": "Sangat Rendah", "SKOR_LONGSOR": 1 }, "geometry": { "type": "MultiPolygon", "coordinates": [ [ [ [ 110.482325032911078, -7.906629217407741 ], [ 110.483223348195182, -7.906629217407741 ], [ 110.483223348195182, -7.907524875088675 ], [ 110.482325032911078, -7.907524875088675 ], [ 110.482325032911078, -7.906629217407741 ] ] ] ] } },
{ "type": "Feature", "properties": { "Kelas": "Sedang", "SKOR_LONGSOR": 3 }, "geometry": { "type": "MultiPolygon", "coordinates": [ [ [ [ 110.494003131604615, -7.906629217407741 ], [ 110.494901446888747, -7.906629217407741 ], [ 110.494901446888747, -7.907524875088675 ], [ 110.494003131604615, -7.907524875088675 ], [ 110.494003131604615, -7.906629217407741 ] ] ] ] } },
{ "type": "Feature", "properties": { "Kelas": "Cukup Rendah", "SKOR_LONGSOR": 2 }, "geometry": { "type": "MultiPolygon", "coordinates": [ [ [ [ 110.4975839, -7.9070571 ], [ 110.4975182, -7.9072301 ], [ 110.4974471, -7.9074175 ], [ 110.4973768, -7.9076026 ], [ 110.4973705, -7.9078828 ], [ 110.4971996, -7.9082226 ], [ 110.497126305041263, -7.908420530799381 ], [ 110.496698077456983, -7.908420530799381 ], [ 110.496698077456983, -7.906629217407741 ], [ 110.497726830993585, -7.906629217407741 ], [ 110.4975839, -7.9070571 ] ] ] ] } },
{ "type": "Feature", "properties": { "Kelas": "Sedang", "SKOR_LONGSOR": 3 }, "geometry": { "type": "MultiPolygon", "coordinates": [ [ [ [ 110.400578342056193, -7.907524875088675 ], [ 110.401476657340311, -7.907524875088675 ], [ 110.401476657340311, -7.908420530799381 ], [ 110.400578342056193, -7.908420530799381 ], [ 110.400578342056193, -7.907524875088675 ] ] ] ] } },
{ "type": "Feature", "properties": { "Kelas": "Cukup Tinggi", "SKOR_LONGSOR": 4 }, "geometry": { "type": "MultiPolygon", "coordinates": [ [ [ [ 110.401476657340311, -7.907524875088675 ], [ 110.402374972624443, -7.907524875088675 ], [ 110.402374972624443, -7.908420530799381 ], [ 110.401476657340311, -7.908420530799381 ], [ 110.401476657340311, -7.907524875088675 ] ] ] ] } },
{ "type": "Feature", "properties": { "Kelas": "Sedang", "SKOR_LONGSOR": 3 }, "geometry": { "type": "MultiPolygon", "coordinates": [ [ [ [ 110.402374972624443, -7.907524875088675 ], [ 110.403273287908561, -7.907524875088675 ], [ 110.403273287908561, -7.908420530799381 ], [ 110.402374972624443, -7.908420530799381 ], [ 110.402374972624443, -7.907524875088675 ] ] ] ] } },
{ "type": "Feature", "properties": { "Kelas": "Cukup Rendah", "SKOR_LONGSOR": 2 }, "geometry": { "type": "MultiPolygon", "coordinates": [ [ [ [ 110.403273287908561, -7.907524875088675 ], [ 110.40417160319268, -7.907524875088675 ], [ 110.40417160319268, -7.908420530799381 ], [ 110.403273287908561, -7.908420530799381 ], [ 110.403273287908561, -7.907524875088675 ] ] ] ] } },
{ "type": "Feature", "properties": { "Kelas": "Cukup Rendah", "SKOR_LONGSOR": 2 }, "geometry": { "type": "MultiPolygon", "coordinates": [ [ [ [ 110.407764864329152, -7.907524875088675 ], [ 110.408663179613271, -7.907524875088675 ], [ 110.408663179613271, -7.908420530799381 ], [ 110.407764864329152, -7.908420530799381 ], [ 110.407764864329152, -7.907524875088675 ] ] ] ] } },
{ "type": "Feature", "properties": { "Kelas": "Sangat Rendah", "SKOR_LONGSOR": 1 }, "geometry": { "type": "MultiPolygon", "coordinates": [ [ [ [ 110.414053071317994, -7.902150899457269 ], [ 110.416748017170349, -7.902150899457269 ], [ 110.416748017170349, -7.904837896136063 ], [ 110.417646332454467, -7.904837896136063 ], [ 110.417646332454467, -7.905733557756797 ], [ 110.42123959359094, -7.905733557756797 ], [ 110.42123959359094, -7.906629217407741 ], [ 110.423934539443309, -7.906629217407741 ], [ 110.423934539443309, -7.907524875088675 ], [ 110.427527800579782, -7.907524875088675 ], [ 110.427527800579782, -7.910211836309236 ], [ 110.426629485295663, -7.910211836309236 ], [ 110.426629485295663, -7.909316184539641 ], [ 110.425731170011545, -7.909316184539641 ], [ 110.425731170011545, -7.908420530799381 ], [ 110.422137908875072, -7.908420530799381 ], [ 110.422137908875072, -7.907524875088675 ], [ 110.42123959359094, -7.907524875088675 ], [ 110.42123959359094, -7.908420530799381 ], [ 110.420341278306836, -7.908420530799381 ], [ 110.420341278306836, -7.909316184539641 ], [ 110.419442963022703, -7.909316184539641 ], [ 110.419442963022703, -7.908420530799381 ], [ 110.418544647738585, -7.908420530799381 ], [ 110.418544647738585, -7.910211836309236 ], [ 110.417646332454467, -7.910211836309236 ], [ 110.417646332454467, -7.909316184539641 ], [ 110.416748017170349, -7.909316184539641 ], [ 110.416748017170349, -7.908420530799381 ], [ 110.415849701886231, -7.908420530799381 ], [ 110.415849701886231, -7.907524875088675 ], [ 110.414951386602112, -7.907524875088675 ], [ 110.414951386602112, -7.908420530799381 ], [ 110.413154756033876, -7.908420530799381 ], [ 110.413154756033876, -7.907524875088675 ], [ 110.414053071317994, -7.907524875088675 ], [ 110.414053071317994, -7.906629217407741 ], [ 110.413154756033876, -7.906629217407741 ], [ 110.413154756033876, -7.905733557756797 ], [ 110.41135812546564, -7.905733557756797 ], [ 110.41135812546564, -7.904837896136063 ], [ 110.413154756033876, -7.904837896136063 ], [ 110.413154756033876, -7.90394223254575 ], [ 110.414053071317994, -7.90394223254575 ], [ 110.414053071317994, -7.902150899457269 ] ] ] ] } },
{ "type": "Feature", "properties": { "Kelas": "Cukup Rendah", "SKOR_LONGSOR": 2 }, "geometry": { "type": "MultiPolygon", "coordinates": [ [ [ [ 110.414951386602112, -7.907524875088675 ], [ 110.415849701886231, -7.907524875088675 ], [ 110.415849701886231, -7.908420530799381 ], [ 110.414951386602112, -7.908420530799381 ], [ 110.414951386602112, -7.907524875088675 ] ] ] ] } },
{ "type": "Feature", "properties": { "Kelas": "Cukup Rendah", "SKOR_LONGSOR": 2 }, "geometry": { "type": "MultiPolygon", "coordinates": [ [ [ [ 110.42123959359094, -7.907524875088675 ], [ 110.422137908875072, -7.907524875088675 ], [ 110.422137908875072, -7.908420530799381 ], [ 110.42123959359094, -7.908420530799381 ], [ 110.42123959359094, -7.907524875088675 ] ] ] ] } },
{ "type": "Feature", "properties": { "Kelas": "Sangat Rendah", "SKOR_LONGSOR": 1 }, "geometry": { "type": "MultiPolygon", "coordinates": [ [ [ [ 110.446392421546292, -7.907524875088675 ], [ 110.447290736830411, -7.907524875088675 ], [ 110.447290736830411, -7.908420530799381 ], [ 110.446392421546292, -7.908420530799381 ], [ 110.446392421546292, -7.907524875088675 ] ] ] ] } },
{ "type": "Feature", "properties": { "Kelas": "Sangat Rendah", "SKOR_LONGSOR": 1 }, "geometry": { "type": "MultiPolygon", "coordinates": [ [ [ [ 110.449087367398647, -7.906629217407741 ], [ 110.450883997966883, -7.906629217407741 ], [ 110.450883997966883, -7.907524875088675 ], [ 110.449985682682765, -7.907524875088675 ], [ 110.449985682682765, -7.908420530799381 ], [ 110.448189052114529, -7.908420530799381 ], [ 110.448189052114529, -7.907524875088675 ], [ 110.449087367398647, -7.907524875088675 ], [ 110.449087367398647, -7.906629217407741 ] ] ] ] } },
{ "type": "Feature", "properties": { "Kelas": "Sedang", "SKOR_LONGSOR": 3 }, "geometry": { "type": "MultiPolygon", "coordinates": [ [ [ [ 110.454477259103371, -7.907524875088675 ], [ 110.455375574387489, -7.907524875088675 ], [ 110.455375574387489, -7.908420530799381 ], [ 110.454477259103371, -7.908420530799381 ], [ 110.454477259103371, -7.907524875088675 ] ] ] ] } },
{ "type": "Feature", "properties": { "Kelas": "Sangat Rendah", "SKOR_LONGSOR": 1 }, "geometry": { "type": "MultiPolygon", "coordinates": [ [ [ [ 110.485918294047551, -7.907524875088675 ], [ 110.486816609331669, -7.907524875088675 ], [ 110.486816609331669, -7.908420530799381 ], [ 110.485918294047551, -7.908420530799381 ], [ 110.485918294047551, -7.907524875088675 ] ] ] ] } },
{ "type": "Feature", "properties": { "Kelas": "Sangat Rendah", "SKOR_LONGSOR": 1 }, "geometry": { "type": "MultiPolygon", "coordinates": [ [ [ [ 110.491308185752274, -7.906629217407741 ], [ 110.492206501036378, -7.906629217407741 ], [ 110.492206501036378, -7.908420530799381 ], [ 110.490409870468142, -7.908420530799381 ], [ 110.490409870468142, -7.907524875088675 ], [ 110.491308185752274, -7.907524875088675 ], [ 110.491308185752274, -7.906629217407741 ] ] ] ] } },
{ "type": "Feature", "properties": { "Kelas": "Sedang", "SKOR_LONGSOR": 3 }, "geometry": { "type": "MultiPolygon", "coordinates": [ [ [ [ 110.398781711487956, -7.908420530799381 ], [ 110.400578342056193, -7.908420530799381 ], [ 110.400578342056193, -7.909316184539641 ], [ 110.399680026772074, -7.909316184539641 ], [ 110.399680026772074, -7.910211836309236 ], [ 110.398781711487956, -7.910211836309236 ], [ 110.398781711487956, -7.908420530799381 ] ] ] ] } },
{ "type": "Feature", "properties": { "Kelas": "Cukup Rendah", "SKOR_LONGSOR": 2 }, "geometry": { "type": "MultiPolygon", "coordinates": [ [ [ [ 110.400578342056193, -7.908420530799381 ], [ 110.402374972624443, -7.908420530799381 ], [ 110.402374972624443, -7.909316184539641 ], [ 110.400578342056193, -7.909316184539641 ], [ 110.400578342056193, -7.908420530799381 ] ] ] ] } },
{ "type": "Feature", "properties": { "Kelas": "Cukup Tinggi", "SKOR_LONGSOR": 4 }, "geometry": { "type": "MultiPolygon", "coordinates": [ [ [ [ 110.406866549045034, -7.908420530799381 ], [ 110.407764864329152, -7.908420530799381 ], [ 110.407764864329152, -7.909316184539641 ], [ 110.406866549045034, -7.909316184539641 ], [ 110.406866549045034, -7.908420530799381 ] ] ] ] } },
{ "type": "Feature", "properties": { "Kelas": "Sangat Rendah", "SKOR_LONGSOR": 1 }, "geometry": { "type": "MultiPolygon", "coordinates": [ [ [ [ 110.407764864329152, -7.908420530799381 ], [ 110.408663179613271, -7.908420530799381 ], [ 110.408663179613271, -7.909316184539641 ], [ 110.407764864329152, -7.909316184539641 ], [ 110.407764864329152, -7.908420530799381 ] ] ] ] } },
{ "type": "Feature", "properties": { "Kelas": "Cukup Rendah", "SKOR_LONGSOR": 2 }, "geometry": { "type": "MultiPolygon", "coordinates": [ [ [ [ 110.415849701886231, -7.908420530799381 ], [ 110.416748017170349, -7.908420530799381 ], [ 110.416748017170349, -7.909316184539641 ], [ 110.415849701886231, -7.909316184539641 ], [ 110.415849701886231, -7.908420530799381 ] ] ] ] } },
{ "type": "Feature", "properties": { "Kelas": "Cukup Rendah", "SKOR_LONGSOR": 2 }, "geometry": { "type": "MultiPolygon", "coordinates": [ [ [ [ 110.418544647738585, -7.908420530799381 ], [ 110.419442963022703, -7.908420530799381 ], [ 110.419442963022703, -7.909316184539641 ], [ 110.418544647738585, -7.909316184539641 ], [ 110.418544647738585, -7.908420530799381 ] ] ] ] } },
{ "type": "Feature", "properties": { "Kelas": "Cukup Rendah", "SKOR_LONGSOR": 2 }, "geometry": { "type": "MultiPolygon", "coordinates": [ [ [ [ 110.420341278306836, -7.908420530799381 ], [ 110.42123959359094, -7.908420530799381 ], [ 110.42123959359094, -7.909316184539641 ], [ 110.420341278306836, -7.909316184539641 ], [ 110.420341278306836, -7.908420530799381 ] ] ] ] } },
{ "type": "Feature", "properties": { "Kelas": "Cukup Tinggi", "SKOR_LONGSOR": 4 }, "geometry": { "type": "MultiPolygon", "coordinates": [ [ [ [ 110.42123959359094, -7.908420530799381 ], [ 110.423934539443309, -7.908420530799381 ], [ 110.423934539443309, -7.909316184539641 ], [ 110.42123959359094, -7.909316184539641 ], [ 110.42123959359094, -7.908420530799381 ] ] ] ] } },
{ "type": "Feature", "properties": { "Kelas": "Cukup Rendah", "SKOR_LONGSOR": 2 }, "geometry": { "type": "MultiPolygon", "coordinates": [ [ [ [ 110.424832854727427, -7.908420530799381 ], [ 110.425731170011545, -7.908420530799381 ], [ 110.425731170011545, -7.909316184539641 ], [ 110.424832854727427, -7.909316184539641 ], [ 110.424832854727427, -7.908420530799381 ] ] ] ] } },
{ "type": "Feature", "properties": { "Kelas": "Cukup Tinggi", "SKOR_LONGSOR": 4 }, "geometry": { "type": "MultiPolygon", "coordinates": [ [ [ [ 110.437409268705096, -7.908420530799381 ], [ 110.438307583989214, -7.908420530799381 ], [ 110.438307583989214, -7.910211836309236 ], [ 110.437409268705096, -7.910211836309236 ], [ 110.437409268705096, -7.908420530799381 ] ] ] ] } },
{ "type": "Feature", "properties": { "Kelas": "Cukup Rendah", "SKOR_LONGSOR": 2 }, "geometry": { "type": "MultiPolygon", "coordinates": [ [ [ [ 110.438307583989214, -7.908420530799381 ], [ 110.439205899273333, -7.908420530799381 ], [ 110.439205899273333, -7.909316184539641 ], [ 110.438307583989214, -7.909316184539641 ], [ 110.438307583989214, -7.908420530799381 ] ] ] ] } },
{ "type": "Feature", "properties": { "Kelas": "Sedang", "SKOR_LONGSOR": 3 }, "geometry": { "type": "MultiPolygon", "coordinates": [ [ [ [ 110.453578943819252, -7.908420530799381 ], [ 110.454477259103371, -7.908420530799381 ], [ 110.454477259103371, -7.909316184539641 ], [ 110.453578943819252, -7.909316184539641 ], [ 110.453578943819252, -7.908420530799381 ] ] ] ] } },
{ "type": "Feature", "properties": { "Kelas": "Cukup Tinggi", "SKOR_LONGSOR": 4 }, "geometry": { "type": "MultiPolygon", "coordinates": [ [ [ [ 110.455375574387489, -7.904837896136063 ], [ 110.456273889671607, -7.904837896136063 ], [ 110.456273889671607, -7.909316184539641 ], [ 110.455375574387489, -7.909316184539641 ], [ 110.455375574387489, -7.91110748610796 ], [ 110.454477259103371, -7.91110748610796 ], [ 110.454477259103371, -7.908420530799381 ], [ 110.455375574387489, -7.908420530799381 ], [ 110.455375574387489, -7.904837896136063 ] ] ] ] } },
{ "type": "Feature", "properties": { "Kelas": "Sangat Rendah", "SKOR_LONGSOR": 1 }, "geometry": { "type": "MultiPolygon", "coordinates": [ [ [ [ 110.462562096660449, -7.908420530799381 ], [ 110.463460411944567, -7.908420530799381 ], [ 110.463460411944567, -7.909316184539641 ], [ 110.462562096660449, -7.909316184539641 ], [ 110.462562096660449, -7.908420530799381 ] ] ] ] } },
{ "type": "Feature", "properties": { "Kelas": "Sangat Rendah", "SKOR_LONGSOR": 1 }, "geometry": { "type": "MultiPolygon", "coordinates": [ [ [ [ 110.482325032911078, -7.908420530799381 ], [ 110.483223348195182, -7.908420530799381 ], [ 110.483223348195182, -7.909316184539641 ], [ 110.482325032911078, -7.909316184539641 ], [ 110.482325032911078, -7.908420530799381 ] ] ] ] } },
{ "type": "Feature", "properties": { "Kelas": "Sangat Rendah", "SKOR_LONGSOR": 1 }, "geometry": { "type": "MultiPolygon", "coordinates": [ [ [ [ 110.487714924615787, -7.908420530799381 ], [ 110.488613239899905, -7.908420530799381 ], [ 110.488613239899905, -7.91110748610796 ], [ 110.487714924615787, -7.91110748610796 ], [ 110.487714924615787, -7.908420530799381 ] ] ] ] } },
{ "type": "Feature", "properties": { "Kelas": "Cukup Rendah", "SKOR_LONGSOR": 2 }, "geometry": { "type": "MultiPolygon", "coordinates": [ [ [ [ 110.490409870468142, -7.908420530799381 ], [ 110.491308185752274, -7.908420530799381 ], [ 110.491308185752274, -7.909316184539641 ], [ 110.490409870468142, -7.909316184539641 ], [ 110.490409870468142, -7.908420530799381 ] ] ] ] } },
{ "type": "Feature", "properties": { "Kelas": "Sedang", "SKOR_LONGSOR": 3 }, "geometry": { "type": "MultiPolygon", "coordinates": [ [ [ [ 110.416748017170349, -7.909316184539641 ], [ 110.417646332454467, -7.909316184539641 ], [ 110.417646332454467, -7.910211836309236 ], [ 110.416748017170349, -7.910211836309236 ], [ 110.416748017170349, -7.909316184539641 ] ] ] ] } },
{ "type": "Feature", "properties": { "Kelas": "Cukup Tinggi", "SKOR_LONGSOR": 4 }, "geometry": { "type": "MultiPolygon", "coordinates": [ [ [ [ 110.418544647738585, -7.909316184539641 ], [ 110.419442963022703, -7.909316184539641 ], [ 110.419442963022703, -7.910211836309236 ], [ 110.418544647738585, -7.910211836309236 ], [ 110.418544647738585, -7.909316184539641 ] ] ] ] } },
{ "type": "Feature", "properties": { "Kelas": "Sedang", "SKOR_LONGSOR": 3 }, "geometry": { "type": "MultiPolygon", "coordinates": [ [ [ [ 110.419442963022703, -7.909316184539641 ], [ 110.420341278306836, -7.909316184539641 ], [ 110.420341278306836, -7.910211836309236 ], [ 110.419442963022703, -7.910211836309236 ], [ 110.419442963022703, -7.909316184539641 ] ] ] ] } },
{ "type": "Feature", "properties": { "Kelas": "Cukup Tinggi", "SKOR_LONGSOR": 4 }, "geometry": { "type": "MultiPolygon", "coordinates": [ [ [ [ 110.420341278306836, -7.909316184539641 ], [ 110.42123959359094, -7.909316184539641 ], [ 110.42123959359094, -7.910211836309236 ], [ 110.420341278306836, -7.910211836309236 ], [ 110.420341278306836, -7.909316184539641 ] ] ] ] } },
{ "type": "Feature", "properties": { "Kelas": "Cukup Tinggi", "SKOR_LONGSOR": 4 }, "geometry": { "type": "MultiPolygon", "coordinates": [ [ [ [ 110.425731170011545, -7.909316184539641 ], [ 110.426629485295663, -7.909316184539641 ], [ 110.426629485295663, -7.910211836309236 ], [ 110.425731170011545, -7.910211836309236 ], [ 110.425731170011545, -7.909316184539641 ] ] ] ] } },
{ "type": "Feature", "properties": { "Kelas": "Cukup Rendah", "SKOR_LONGSOR": 2 }, "geometry": { "type": "MultiPolygon", "coordinates": [ [ [ [ 110.427527800579782, -7.909316184539641 ], [ 110.4284261158639, -7.909316184539641 ], [ 110.4284261158639, -7.910211836309236 ], [ 110.427527800579782, -7.910211836309236 ], [ 110.427527800579782, -7.909316184539641 ] ] ] ] } },
{ "type": "Feature", "properties": { "Kelas": "Cukup Tinggi", "SKOR_LONGSOR": 4 }, "geometry": { "type": "MultiPolygon", "coordinates": [ [ [ [ 110.432019377000373, -7.909316184539641 ], [ 110.433816007568609, -7.909316184539641 ], [ 110.433816007568609, -7.910211836309236 ], [ 110.432019377000373, -7.910211836309236 ], [ 110.432019377000373, -7.909316184539641 ] ] ] ] } },
{ "type": "Feature", "properties": { "Kelas": "Sangat Rendah", "SKOR_LONGSOR": 1 }, "geometry": { "type": "MultiPolygon", "coordinates": [ [ [ [ 110.438307583989214, -7.909316184539641 ], [ 110.439205899273333, -7.909316184539641 ], [ 110.439205899273333, -7.910211836309236 ], [ 110.438307583989214, -7.910211836309236 ], [ 110.438307583989214, -7.909316184539641 ] ] ] ] } },
{ "type": "Feature", "properties": { "Kelas": "Sedang", "SKOR_LONGSOR": 3 }, "geometry": { "type": "MultiPolygon", "coordinates": [ [ [ [ 110.458968835523976, -7.909316184539641 ], [ 110.45986715080808, -7.909316184539641 ], [ 110.45986715080808, -7.910211836309236 ], [ 110.458968835523976, -7.910211836309236 ], [ 110.458968835523976, -7.909316184539641 ] ] ] ] } },
{ "type": "Feature", "properties": { "Kelas": "Sangat Rendah", "SKOR_LONGSOR": 1 }, "geometry": { "type": "MultiPolygon", "coordinates": [ [ [ [ 110.483223348195182, -7.909316184539641 ], [ 110.484121663479314, -7.909316184539641 ], [ 110.484121663479314, -7.910211836309236 ], [ 110.483223348195182, -7.910211836309236 ], [ 110.483223348195182, -7.909316184539641 ] ] ] ] } },
{ "type": "Feature", "properties": { "Kelas": "Tinggi", "SKOR_LONGSOR": 0 }, "geometry": { "type": "MultiPolygon", "coordinates": [ [ [ [ 110.4968084, -7.9102438 ], [ 110.496698077456983, -7.910643355530852 ], [ 110.496698077456983, -7.909316184539641 ], [ 110.496922716096151, -7.909316184539641 ], [ 110.4968084, -7.9102438 ] ] ] ] } },
{ "type": "Feature", "properties": { "Kelas": "Sangat Rendah", "SKOR_LONGSOR": 1 }, "geometry": { "type": "MultiPolygon", "coordinates": [ [ [ [ 110.418544647738585, -7.910211836309236 ], [ 110.419442963022703, -7.910211836309236 ], [ 110.419442963022703, -7.91110748610796 ], [ 110.418544647738585, -7.91110748610796 ], [ 110.418544647738585, -7.910211836309236 ] ] ] ] } },
{ "type": "Feature", "properties": { "Kelas": "Cukup Rendah", "SKOR_LONGSOR": 2 }, "geometry": { "type": "MultiPolygon", "coordinates": [ [ [ [ 110.426629485295663, -7.910211836309236 ], [ 110.427527800579782, -7.910211836309236 ], [ 110.427527800579782, -7.91110748610796 ], [ 110.426629485295663, -7.91110748610796 ], [ 110.426629485295663, -7.910211836309236 ] ] ] ] } },
{ "type": "Feature", "properties": { "Kelas": "Sedang", "SKOR_LONGSOR": 3 }, "geometry": { "type": "MultiPolygon", "coordinates": [ [ [ [ 110.427527800579782, -7.910211836309236 ], [ 110.4284261158639, -7.910211836309236 ], [ 110.4284261158639, -7.91110748610796 ], [ 110.427527800579782, -7.91110748610796 ], [ 110.427527800579782, -7.910211836309236 ] ] ] ] } },
{ "type": "Feature", "properties": { "Kelas": "Cukup Rendah", "SKOR_LONGSOR": 2 }, "geometry": { "type": "MultiPolygon", "coordinates": [ [ [ [ 110.436510953420978, -7.910211836309236 ], [ 110.439205899273333, -7.910211836309236 ], [ 110.439205899273333, -7.91110748610796 ], [ 110.436510953420978, -7.91110748610796 ], [ 110.436510953420978, -7.910211836309236 ] ] ] ] } },
{ "type": "Feature", "properties": { "Kelas": "Sangat Rendah", "SKOR_LONGSOR": 1 }, "geometry": { "type": "MultiPolygon", "coordinates": [ [ [ [ 110.462562096660449, -7.910211836309236 ], [ 110.463460411944567, -7.910211836309236 ], [ 110.463460411944567, -7.91110748610796 ], [ 110.462562096660449, -7.91110748610796 ], [ 110.462562096660449, -7.910211836309236 ] ] ] ] } },
{ "type": "Feature", "properties": { "Kelas": "Cukup Tinggi", "SKOR_LONGSOR": 4 }, "geometry": { "type": "MultiPolygon", "coordinates": [ [ [ [ 110.458070520239843, -7.909316184539641 ], [ 110.458968835523976, -7.909316184539641 ], [ 110.458968835523976, -7.910211836309236 ], [ 110.45986715080808, -7.910211836309236 ], [ 110.45986715080808, -7.912003133935582 ], [ 110.458968835523976, -7.912003133935582 ], [ 110.458968835523976, -7.91110748610796 ], [ 110.458070520239843, -7.91110748610796 ], [ 110.458070520239843, -7.909316184539641 ] ] ] ] } },
{ "type": "Feature", "properties": { "Kelas": "Cukup Rendah", "SKOR_LONGSOR": 2 }, "geometry": { "type": "MultiPolygon", "coordinates": [ [ [ [ 110.405069918476798, -7.908420530799381 ], [ 110.406866549045034, -7.908420530799381 ], [ 110.406866549045034, -7.909316184539641 ], [ 110.41135812546564, -7.909316184539641 ], [ 110.41135812546564, -7.910211836309236 ], [ 110.410459810181507, -7.910211836309236 ], [ 110.410459810181507, -7.91110748610796 ], [ 110.409561494897403, -7.91110748610796 ], [ 110.409561494897403, -7.91379442367667 ], [ 110.408663179613271, -7.91379442367667 ], [ 110.408663179613271, -7.912898779791892 ], [ 110.407764864329152, -7.912898779791892 ], [ 110.407764864329152, -7.91110748610796 ], [ 110.406866549045034, -7.91110748610796 ], [ 110.406866549045034, -7.91379442367667 ], [ 110.405968233760916, -7.91379442367667 ], [ 110.405968233760916, -7.912003133935582 ], [ 110.405069918476798, -7.912003133935582 ], [ 110.405069918476798, -7.91110748610796 ], [ 110.405968233760916, -7.91110748610796 ], [ 110.405968233760916, -7.910211836309236 ], [ 110.405069918476798, -7.910211836309236 ], [ 110.405069918476798, -7.908420530799381 ] ] ] ] } },
{ "type": "Feature", "properties": { "Kelas": "Cukup Tinggi", "SKOR_LONGSOR": 4 }, "geometry": { "type": "MultiPolygon", "coordinates": [ [ [ [ 110.406866549045034, -7.91110748610796 ], [ 110.407764864329152, -7.91110748610796 ], [ 110.407764864329152, -7.912898779791892 ], [ 110.406866549045034, -7.912898779791892 ], [ 110.406866549045034, -7.91110748610796 ] ] ] ] } },
{ "type": "Feature", "properties": { "Kelas": "Cukup Tinggi", "SKOR_LONGSOR": 4 }, "geometry": { "type": "MultiPolygon", "coordinates": [ [ [ [ 110.408663179613271, -7.907524875088675 ], [ 110.410459810181507, -7.907524875088675 ], [ 110.410459810181507, -7.908420530799381 ], [ 110.415849701886231, -7.908420530799381 ], [ 110.415849701886231, -7.909316184539641 ], [ 110.416748017170349, -7.909316184539641 ], [ 110.416748017170349, -7.910211836309236 ], [ 110.418544647738585, -7.910211836309236 ], [ 110.418544647738585, -7.91110748610796 ], [ 110.419442963022703, -7.91110748610796 ], [ 110.419442963022703, -7.912898779791892 ], [ 110.418544647738585, -7.912898779791892 ], [ 110.418544647738585, -7.912003133935582 ], [ 110.416748017170349, -7.912003133935582 ], [ 110.416748017170349, -7.91110748610796 ], [ 110.414053071317994, -7.91110748610796 ], [ 110.414053071317994, -7.910211836309236 ], [ 110.413154756033876, -7.910211836309236 ], [ 110.413154756033876, -7.91110748610796 ], [ 110.41135812546564, -7.91110748610796 ], [ 110.41135812546564, -7.91379442367667 ], [ 110.409561494897403, -7.91379442367667 ], [ 110.409561494897403, -7.91110748610796 ], [ 110.410459810181507, -7.91110748610796 ], [ 110.410459810181507, -7.910211836309236 ], [ 110.41135812546564, -7.910211836309236 ], [ 110.41135812546564, -7.909316184539641 ], [ 110.408663179613271, -7.909316184539641 ], [ 110.408663179613271, -7.907524875088675 ] ] ] ] } },
{ "type": "Feature", "properties": { "Kelas": "Sangat Rendah", "SKOR_LONGSOR": 1 }, "geometry": { "type": "MultiPolygon", "coordinates": [ [ [ [ 110.436510953420978, -7.91110748610796 ], [ 110.438307583989214, -7.91110748610796 ], [ 110.438307583989214, -7.912003133935582 ], [ 110.436510953420978, -7.912003133935582 ], [ 110.436510953420978, -7.91110748610796 ] ] ] ] } },
{ "type": "Feature", "properties": { "Kelas": "Cukup Rendah", "SKOR_LONGSOR": 2 }, "geometry": { "type": "MultiPolygon", "coordinates": [ [ [ [ 110.454477259103371, -7.904837896136063 ], [ 110.455375574387489, -7.904837896136063 ], [ 110.455375574387489, -7.907524875088675 ], [ 110.454477259103371, -7.907524875088675 ], [ 110.454477259103371, -7.908420530799381 ], [ 110.453578943819252, -7.908420530799381 ], [ 110.453578943819252, -7.909316184539641 ], [ 110.454477259103371, -7.909316184539641 ], [ 110.454477259103371, -7.91110748610796 ], [ 110.453578943819252, -7.91110748610796 ], [ 110.453578943819252, -7.912003133935582 ], [ 110.450883997966883, -7.912003133935582 ], [ 110.450883997966883, -7.91110748610796 ], [ 110.448189052114529, -7.91110748610796 ], [ 110.448189052114529, -7.912898779791892 ], [ 110.447290736830411, -7.912898779791892 ], [ 110.447290736830411, -7.912003133935582 ], [ 110.446392421546292, -7.912003133935582 ], [ 110.446392421546292, -7.91110748610796 ], [ 110.447290736830411, -7.91110748610796 ], [ 110.447290736830411, -7.908420530799381 ], [ 110.449985682682765, -7.908420530799381 ], [ 110.449985682682765, -7.907524875088675 ], [ 110.450883997966883, -7.907524875088675 ], [ 110.450883997966883, -7.905733557756797 ], [ 110.451782313251016, -7.905733557756797 ], [ 110.451782313251016, -7.906629217407741 ], [ 110.454477259103371, -7.906629217407741 ], [ 110.454477259103371, -7.904837896136063 ] ] ] ] } },
{ "type": "Feature", "properties": { "Kelas": "Cukup Tinggi", "SKOR_LONGSOR": 4 }, "geometry": { "type": "MultiPolygon", "coordinates": [ [ [ [ 110.448189052114529, -7.91110748610796 ], [ 110.449985682682765, -7.91110748610796 ], [ 110.449985682682765, -7.912898779791892 ], [ 110.449087367398647, -7.912898779791892 ], [ 110.449087367398647, -7.91379442367667 ], [ 110.448189052114529, -7.91379442367667 ], [ 110.448189052114529, -7.91110748610796 ] ] ] ] } },
{ "type": "Feature", "properties": { "Kelas": "Sedang", "SKOR_LONGSOR": 3 }, "geometry": { "type": "MultiPolygon", "coordinates": [ [ [ [ 110.449985682682765, -7.91110748610796 ], [ 110.450883997966883, -7.91110748610796 ], [ 110.450883997966883, -7.912003133935582 ], [ 110.449985682682765, -7.912003133935582 ], [ 110.449985682682765, -7.91110748610796 ] ] ] ] } },
{ "type": "Feature", "properties": { "Kelas": "Sedang", "SKOR_LONGSOR": 3 }, "geometry": { "type": "MultiPolygon", "coordinates": [ [ [ [ 110.460765466092212, -7.91110748610796 ], [ 110.461663781376316, -7.91110748610796 ], [ 110.461663781376316, -7.912003133935582 ], [ 110.460765466092212, -7.912003133935582 ], [ 110.460765466092212, -7.91110748610796 ] ] ] ] } },
{ "type": "Feature", "properties": { "Kelas": "Cukup Tinggi", "SKOR_LONGSOR": 4 }, "geometry": { "type": "MultiPolygon", "coordinates": [ [ [ [ 110.461663781376316, -7.91110748610796 ], [ 110.462562096660449, -7.91110748610796 ], [ 110.462562096660449, -7.912003133935582 ], [ 110.461663781376316, -7.912003133935582 ], [ 110.461663781376316, -7.91110748610796 ] ] ] ] } },
{ "type": "Feature", "properties": { "Kelas": "Cukup Tinggi", "SKOR_LONGSOR": 4 }, "geometry": { "type": "MultiPolygon", "coordinates": [ [ [ [ 110.4969866, -7.9087978 ], [ 110.496922716096151, -7.909316184539641 ], [ 110.496698077456983, -7.909316184539641 ], [ 110.496698077456983, -7.908420530799381 ], [ 110.497126305041263, -7.908420530799381 ], [ 110.4969866, -7.9087978 ] ] ] ] } },
{ "type": "Feature", "properties": { "Kelas": "Cukup Tinggi", "SKOR_LONGSOR": 4 }, "geometry": { "type": "MultiPolygon", "coordinates": [ [ [ [ 110.412256440749744, -7.912003133935582 ], [ 110.415849701886231, -7.912003133935582 ], [ 110.415849701886231, -7.912898779791892 ], [ 110.416748017170349, -7.912898779791892 ], [ 110.416748017170349, -7.91379442367667 ], [ 110.413154756033876, -7.91379442367667 ], [ 110.413154756033876, -7.912898779791892 ], [ 110.412256440749744, -7.912898779791892 ], [ 110.412256440749744, -7.912003133935582 ] ] ] ] } },
{ "type": "Feature", "properties": { "Kelas": "Sangat Rendah", "SKOR_LONGSOR": 1 }, "geometry": { "type": "MultiPolygon", "coordinates": [ [ [ [ 110.438307583989214, -7.912003133935582 ], [ 110.439205899273333, -7.912003133935582 ], [ 110.439205899273333, -7.912898779791892 ], [ 110.438307583989214, -7.912898779791892 ], [ 110.438307583989214, -7.912003133935582 ] ] ] ] } },
{ "type": "Feature", "properties": { "Kelas": "Cukup Tinggi", "SKOR_LONGSOR": 4 }, "geometry": { "type": "MultiPolygon", "coordinates": [ [ [ [ 110.453578943819252, -7.91110748610796 ], [ 110.454477259103371, -7.91110748610796 ], [ 110.454477259103371, -7.912003133935582 ], [ 110.455375574387489, -7.912003133935582 ], [ 110.455375574387489, -7.91379442367667 ], [ 110.454477259103371, -7.91379442367667 ], [ 110.454477259103371, -7.912898779791892 ], [ 110.452680628535134, -7.912898779791892 ], [ 110.452680628535134, -7.91379442367667 ], [ 110.451782313251016, -7.91379442367667 ], [ 110.451782313251016, -7.912898779791892 ], [ 110.450883997966883, -7.912898779791892 ], [ 110.450883997966883, -7.912003133935582 ], [ 110.453578943819252, -7.912003133935582 ], [ 110.453578943819252, -7.91110748610796 ] ] ] ] } },
{ "type": "Feature", "properties": { "Kelas": "Sedang", "SKOR_LONGSOR": 3 }, "geometry": { "type": "MultiPolygon", "coordinates": [ [ [ [ 110.458968835523976, -7.912003133935582 ], [ 110.45986715080808, -7.912003133935582 ], [ 110.45986715080808, -7.912898779791892 ], [ 110.458968835523976, -7.912898779791892 ], [ 110.458968835523976, -7.912003133935582 ] ] ] ] } },
{ "type": "Feature", "properties": { "Kelas": "Cukup Tinggi", "SKOR_LONGSOR": 4 }, "geometry": { "type": "MultiPolygon", "coordinates": [ [ [ [ 110.460765466092212, -7.912003133935582 ], [ 110.461663781376316, -7.912003133935582 ], [ 110.461663781376316, -7.912898779791892 ], [ 110.460765466092212, -7.912898779791892 ], [ 110.460765466092212, -7.912003133935582 ] ] ] ] } },
{ "type": "Feature", "properties": { "Kelas": "Sangat Rendah", "SKOR_LONGSOR": 1 }, "geometry": { "type": "MultiPolygon", "coordinates": [ [ [ [ 110.486816609331669, -7.912003133935582 ], [ 110.487714924615787, -7.912003133935582 ], [ 110.487714924615787, -7.912898779791892 ], [ 110.488613239899905, -7.912898779791892 ], [ 110.488613239899905, -7.914690065589704 ], [ 110.487714924615787, -7.914690065589704 ], [ 110.487714924615787, -7.91379442367667 ], [ 110.486816609331669, -7.91379442367667 ], [ 110.486816609331669, -7.912003133935582 ] ] ] ] } },
{ "type": "Feature", "properties": { "Kelas": "Sangat Rendah", "SKOR_LONGSOR": 1 }, "geometry": { "type": "MultiPolygon", "coordinates": [ [ [ [ 110.403273287908561, -7.912898779791892 ], [ 110.40417160319268, -7.912898779791892 ], [ 110.40417160319268, -7.91379442367667 ], [ 110.403273287908561, -7.91379442367667 ], [ 110.403273287908561, -7.912898779791892 ] ] ] ] } },
{ "type": "Feature", "properties": { "Kelas": "Sedang", "SKOR_LONGSOR": 3 }, "geometry": { "type": "MultiPolygon", "coordinates": [ [ [ [ 110.406866549045034, -7.912898779791892 ], [ 110.408663179613271, -7.912898779791892 ], [ 110.408663179613271, -7.91379442367667 ], [ 110.406866549045034, -7.91379442367667 ], [ 110.406866549045034, -7.912898779791892 ] ] ] ] } },
{ "type": "Feature", "properties": { "Kelas": "Sedang", "SKOR_LONGSOR": 3 }, "geometry": { "type": "MultiPolygon", "coordinates": [ [ [ [ 110.437409268705096, -7.912898779791892 ], [ 110.438307583989214, -7.912898779791892 ], [ 110.438307583989214, -7.91379442367667 ], [ 110.437409268705096, -7.91379442367667 ], [ 110.437409268705096, -7.912898779791892 ] ] ] ] } },
{ "type": "Feature", "properties": { "Kelas": "Cukup Rendah", "SKOR_LONGSOR": 2 }, "geometry": { "type": "MultiPolygon", "coordinates": [ [ [ [ 110.449985682682765, -7.912003133935582 ], [ 110.450883997966883, -7.912003133935582 ], [ 110.450883997966883, -7.912898779791892 ], [ 110.451782313251016, -7.912898779791892 ], [ 110.451782313251016, -7.91379442367667 ], [ 110.452680628535134, -7.91379442367667 ], [ 110.452680628535134, -7.914690065589704 ], [ 110.453578943819252, -7.914690065589704 ], [ 110.453578943819252, -7.915585705530765 ], [ 110.452680628535134, -7.915585705530765 ], [ 110.452680628535134, -7.916481343499651 ], [ 110.450883997966883, -7.916481343499651 ], [ 110.450883997966883, -7.917376979496137 ], [ 110.449985682682765, -7.917376979496137 ], [ 110.449985682682765, -7.91379442367667 ], [ 110.449087367398647, -7.91379442367667 ], [ 110.449087367398647, -7.912898779791892 ], [ 110.449985682682765, -7.912898779791892 ], [ 110.449985682682765, -7.912003133935582 ] ] ] ] } },
{ "type": "Feature", "properties": { "Kelas": "Sedang", "SKOR_LONGSOR": 3 }, "geometry": { "type": "MultiPolygon", "coordinates": [ [ [ [ 110.452680628535134, -7.912898779791892 ], [ 110.454477259103371, -7.912898779791892 ], [ 110.454477259103371, -7.91379442367667 ], [ 110.453578943819252, -7.91379442367667 ], [ 110.453578943819252, -7.914690065589704 ], [ 110.452680628535134, -7.914690065589704 ], [ 110.452680628535134, -7.912898779791892 ] ] ] ] } },
{ "type": "Feature", "properties": { "Kelas": "Cukup Rendah", "SKOR_LONGSOR": 2 }, "geometry": { "type": "MultiPolygon", "coordinates": [ [ [ [ 110.45986715080808, -7.899463885058161 ], [ 110.462562096660449, -7.899463885058161 ], [ 110.462562096660449, -7.90304656698608 ], [ 110.466155357796922, -7.90304656698608 ], [ 110.466155357796922, -7.90394223254575 ], [ 110.46705367308104, -7.90394223254575 ], [ 110.46705367308104, -7.906629217407741 ], [ 110.466155357796922, -7.906629217407741 ], [ 110.466155357796922, -7.905733557756797 ], [ 110.464358727228685, -7.905733557756797 ], [ 110.464358727228685, -7.906629217407741 ], [ 110.463460411944567, -7.906629217407741 ], [ 110.463460411944567, -7.908420530799381 ], [ 110.462562096660449, -7.908420530799381 ], [ 110.462562096660449, -7.909316184539641 ], [ 110.461663781376316, -7.909316184539641 ], [ 110.461663781376316, -7.910211836309236 ], [ 110.462562096660449, -7.910211836309236 ], [ 110.462562096660449, -7.91110748610796 ], [ 110.460765466092212, -7.91110748610796 ], [ 110.460765466092212, -7.91379442367667 ], [ 110.45986715080808, -7.91379442367667 ], [ 110.45986715080808, -7.915585705530765 ], [ 110.458968835523976, -7.915585705530765 ], [ 110.458968835523976, -7.912898779791892 ], [ 110.45986715080808, -7.912898779791892 ], [ 110.45986715080808, -7.909316184539641 ], [ 110.458968835523976, -7.909316184539641 ], [ 110.458968835523976, -7.908420530799381 ], [ 110.45986715080808, -7.908420530799381 ], [ 110.45986715080808, -7.906629217407741 ], [ 110.460765466092212, -7.906629217407741 ], [ 110.460765466092212, -7.905733557756797 ], [ 110.461663781376316, -7.905733557756797 ], [ 110.461663781376316, -7.90304656698608 ], [ 110.460765466092212, -7.90304656698608 ], [ 110.460765466092212, -7.902150899457269 ], [ 110.458968835523976, -7.902150899457269 ], [ 110.458968835523976, -7.901255229959533 ], [ 110.458070520239843, -7.901255229959533 ], [ 110.458070520239843, -7.902150899457269 ], [ 110.456273889671607, -7.902150899457269 ], [ 110.456273889671607, -7.90394223254575 ], [ 110.455375574387489, -7.90394223254575 ], [ 110.455375574387489, -7.901255229959533 ], [ 110.457172204955739, -7.901255229959533 ], [ 110.457172204955739, -7.900359558493093 ], [ 110.45986715080808, -7.900359558493093 ], [ 110.45986715080808, -7.899463885058161 ] ] ] ] } },
{ "type": "Feature", "properties": { "Kelas": "Cukup Rendah", "SKOR_LONGSOR": 2 }, "geometry": { "type": "MultiPolygon", "coordinates": [ [ [ [ 110.476935141206354, -7.912898779791892 ], [ 110.480528402342841, -7.912898779791892 ], [ 110.480528402342841, -7.91379442367667 ], [ 110.476935141206354, -7.91379442367667 ], [ 110.476935141206354, -7.912898779791892 ] ] ] ] } },
{ "type": "Feature", "properties": { "Kelas": "Sangat Rendah", "SKOR_LONGSOR": 1 }, "geometry": { "type": "MultiPolygon", "coordinates": [ [ [ [ 110.481426717626945, -7.912898779791892 ], [ 110.484121663479314, -7.912898779791892 ], [ 110.484121663479314, -7.91379442367667 ], [ 110.481426717626945, -7.91379442367667 ], [ 110.481426717626945, -7.912898779791892 ] ] ] ] } },
{ "type": "Feature", "properties": { "Kelas": "Sangat Rendah", "SKOR_LONGSOR": 1 }, "geometry": { "type": "MultiPolygon", "coordinates": [ [ [ [ 110.390696873930878, -7.91379442367667 ], [ 110.391595189214996, -7.91379442367667 ], [ 110.391595189214996, -7.914690065589704 ], [ 110.390696873930878, -7.914690065589704 ], [ 110.390696873930878, -7.91379442367667 ] ] ] ] } },
{ "type": "Feature", "properties": { "Kelas": "Cukup Rendah", "SKOR_LONGSOR": 2 }, "geometry": { "type": "MultiPolygon", "coordinates": [ [ [ [ 110.402374972624443, -7.91379442367667 ], [ 110.40417160319268, -7.91379442367667 ], [ 110.40417160319268, -7.914690065589704 ], [ 110.406866549045034, -7.914690065589704 ], [ 110.406866549045034, -7.915585705530765 ], [ 110.407764864329152, -7.915585705530765 ], [ 110.407764864329152, -7.917376979496137 ], [ 110.406866549045034, -7.917376979496137 ], [ 110.406866549045034, -7.918272613520002 ], [ 110.405968233760916, -7.918272613520002 ], [ 110.405968233760916, -7.917376979496137 ], [ 110.405069918476798, -7.917376979496137 ], [ 110.405069918476798, -7.916481343499651 ], [ 110.403273287908561, -7.916481343499651 ], [ 110.403273287908561, -7.915585705530765 ], [ 110.402374972624443, -7.915585705530765 ], [ 110.402374972624443, -7.91379442367667 ] ] ] ] } },
{ "type": "Feature", "properties": { "Kelas": "Sangat Rendah", "SKOR_LONGSOR": 1 }, "geometry": { "type": "MultiPolygon", "coordinates": [ [ [ [ 110.40417160319268, -7.91379442367667 ], [ 110.405069918476798, -7.91379442367667 ], [ 110.405069918476798, -7.914690065589704 ], [ 110.40417160319268, -7.914690065589704 ], [ 110.40417160319268, -7.91379442367667 ] ] ] ] } },
{ "type": "Feature", "properties": { "Kelas": "Sangat Rendah", "SKOR_LONGSOR": 1 }, "geometry": { "type": "MultiPolygon", "coordinates": [ [ [ [ 110.406866549045034, -7.91379442367667 ], [ 110.407764864329152, -7.91379442367667 ], [ 110.407764864329152, -7.914690065589704 ], [ 110.406866549045034, -7.914690065589704 ], [ 110.406866549045034, -7.91379442367667 ] ] ] ] } },
{ "type": "Feature", "properties": { "Kelas": "Cukup Tinggi", "SKOR_LONGSOR": 4 }, "geometry": { "type": "MultiPolygon", "coordinates": [ [ [ [ 110.407764864329152, -7.91379442367667 ], [ 110.409561494897403, -7.91379442367667 ], [ 110.409561494897403, -7.914690065589704 ], [ 110.407764864329152, -7.914690065589704 ], [ 110.407764864329152, -7.91379442367667 ] ] ] ] } },
{ "type": "Feature", "properties": { "Kelas": "Cukup Rendah", "SKOR_LONGSOR": 2 }, "geometry": { "type": "MultiPolygon", "coordinates": [ [ [ [ 110.415849701886231, -7.91379442367667 ], [ 110.416748017170349, -7.91379442367667 ], [ 110.416748017170349, -7.914690065589704 ], [ 110.417646332454467, -7.914690065589704 ], [ 110.417646332454467, -7.915585705530765 ], [ 110.418544647738585, -7.915585705530765 ], [ 110.418544647738585, -7.917376979496137 ], [ 110.417646332454467, -7.917376979496137 ], [ 110.417646332454467, -7.916481343499651 ], [ 110.415849701886231, -7.916481343499651 ], [ 110.415849701886231, -7.91379442367667 ] ] ] ] } },
{ "type": "Feature", "properties": { "Kelas": "Tinggi", "SKOR_LONGSOR": 0 }, "geometry": { "type": "MultiPolygon", "coordinates": [ [ [ [ 110.423934539443309, -7.91379442367667 ], [ 110.424832854727427, -7.91379442367667 ], [ 110.424832854727427, -7.914690065589704 ], [ 110.423934539443309, -7.914690065589704 ], [ 110.423934539443309, -7.91379442367667 ] ] ] ] } },
{ "type": "Feature", "properties": { "Kelas": "Cukup Tinggi", "SKOR_LONGSOR": 4 }, "geometry": { "type": "MultiPolygon", "coordinates": [ [ [ [ 110.449087367398647, -7.91379442367667 ], [ 110.449985682682765, -7.91379442367667 ], [ 110.449985682682765, -7.915585705530765 ], [ 110.449087367398647, -7.915585705530765 ], [ 110.449087367398647, -7.91379442367667 ] ] ] ] } },
{ "type": "Feature", "properties": { "Kelas": "Cukup Tinggi", "SKOR_LONGSOR": 4 }, "geometry": { "type": "MultiPolygon", "coordinates": [ [ [ [ 110.453578943819252, -7.91379442367667 ], [ 110.454477259103371, -7.91379442367667 ], [ 110.454477259103371, -7.916481343499651 ], [ 110.453578943819252, -7.916481343499651 ], [ 110.453578943819252, -7.91379442367667 ] ] ] ] } },
{ "type": "Feature", "properties": { "Kelas": "Cukup Tinggi", "SKOR_LONGSOR": 4 }, "geometry": { "type": "MultiPolygon", "coordinates": [ [ [ [ 110.45986715080808, -7.91379442367667 ], [ 110.460765466092212, -7.91379442367667 ], [ 110.460765466092212, -7.914690065589704 ], [ 110.45986715080808, -7.914690065589704 ], [ 110.45986715080808, -7.91379442367667 ] ] ] ] } },
{ "type": "Feature", "properties": { "Kelas": "Cukup Rendah", "SKOR_LONGSOR": 2 }, "geometry": { "type": "MultiPolygon", "coordinates": [ [ [ [ 110.481426717626945, -7.91379442367667 ], [ 110.482325032911078, -7.91379442367667 ], [ 110.482325032911078, -7.914690065589704 ], [ 110.481426717626945, -7.914690065589704 ], [ 110.481426717626945, -7.91379442367667 ] ] ] ] } },
{ "type": "Feature", "properties": { "Kelas": "Cukup Rendah", "SKOR_LONGSOR": 2 }, "geometry": { "type": "MultiPolygon", "coordinates": [ [ [ [ 110.496698077456983, -7.89737648935232 ], [ 110.496698077456983, -7.897672532283701 ], [ 110.497100061444343, -7.897672532283701 ], [ 110.4971615, -7.8977292 ], [ 110.4974333, -7.8980128 ], [ 110.4975705, -7.8982963 ], [ 110.497596392741102, -7.898375214938283 ], [ 110.497596392741102, -7.898568209654958 ], [ 110.495799762172865, -7.898568209654958 ], [ 110.495799762172865, -7.897672532283701 ], [ 110.494901446888747, -7.897672532283701 ], [ 110.494901446888747, -7.895881171637887 ], [ 110.494003131604615, -7.895881171637887 ], [ 110.494003131604615, -7.894985488363771 ], [ 110.493104816320511, -7.894985488363771 ], [ 110.493104816320511, -7.898568209654958 ], [ 110.494003131604615, -7.898568209654958 ], [ 110.494003131604615, -7.899463885058161 ], [ 110.494901446888747, -7.899463885058161 ], [ 110.494901446888747, -7.900359558493093 ], [ 110.495799762172865, -7.900359558493093 ], [ 110.495799762172865, -7.90304656698608 ], [ 110.494003131604615, -7.90304656698608 ], [ 110.494003131604615, -7.902150899457269 ], [ 110.493104816320511, -7.902150899457269 ], [ 110.493104816320511, -7.90394223254575 ], [ 110.494003131604615, -7.90394223254575 ], [ 110.494003131604615, -7.907524875088675 ], [ 110.494901446888747, -7.907524875088675 ], [ 110.494901446888747, -7.909316184539641 ], [ 110.495799762172865, -7.909316184539641 ], [ 110.495799762172865, -7.908420530799381 ], [ 110.496698077456983, -7.908420530799381 ], [ 110.496698077456983, -7.910643355530852 ], [ 110.4965771, -7.9110815 ], [ 110.4962712, -7.9117938 ], [ 110.4962202, -7.9123299 ], [ 110.4962422, -7.9124248 ], [ 110.4962485, -7.9126148 ], [ 110.4962213, -7.9126588 ], [ 110.4961959, -7.9126999 ], [ 110.4961958, -7.9127916 ], [ 110.4962259, -7.9128142 ], [ 110.4962745, -7.9128506 ], [ 110.4962416, -7.9129096 ], [ 110.4962312, -7.912995 ], [ 110.4962217, -7.9130733 ], [ 110.4962344, -7.913427 ], [ 110.4962341, -7.913676 ], [ 110.496259548018827, -7.91379442367667 ], [ 110.495799762172865, -7.91379442367667 ], [ 110.495799762172865, -7.915233244066872 ], [ 110.4957426, -7.9153343 ], [ 110.4956469, -7.9154592 ], [ 110.495611, -7.9155061 ], [ 110.495611, -7.9155069 ], [ 110.4956134, -7.9157984 ], [ 110.495554, -7.9162593 ], [ 110.4955235, -7.9164016 ], [ 110.495517599651976, -7.916481343499651 ], [ 110.494901446888747, -7.916481343499651 ], [ 110.494901446888747, -7.915585705530765 ], [ 110.494003131604615, -7.915585705530765 ], [ 110.494003131604615, -7.914690065589704 ], [ 110.493104816320511, -7.914690065589704 ], [ 110.493104816320511, -7.916481343499651 ], [ 110.488613239899905, -7.916481343499651 ], [ 110.488613239899905, -7.917376979496137 ], [ 110.486816609331669, -7.917376979496137 ], [ 110.486816609331669, -7.915585705530765 ], [ 110.483223348195182, -7.915585705530765 ], [ 110.483223348195182, -7.91379442367667 ], [ 110.484121663479314, -7.91379442367667 ], [ 110.484121663479314, -7.912898779791892 ], [ 110.480528402342841, -7.912898779791892 ], [ 110.480528402342841, -7.912003133935582 ], [ 110.481426717626945, -7.912003133935582 ], [ 110.481426717626945, -7.91110748610796 ], [ 110.480528402342841, -7.91110748610796 ], [ 110.480528402342841, -7.909316184539641 ], [ 110.479630087058709, -7.909316184539641 ], [ 110.479630087058709, -7.908420530799381 ], [ 110.478731771774605, -7.908420530799381 ], [ 110.478731771774605, -7.907524875088675 ], [ 110.479630087058709, -7.907524875088675 ], [ 110.479630087058709, -7.905733557756797 ], [ 110.480528402342841, -7.905733557756797 ], [ 110.480528402342841, -7.907524875088675 ], [ 110.482325032911078, -7.907524875088675 ], [ 110.482325032911078, -7.909316184539641 ], [ 110.483223348195182, -7.909316184539641 ], [ 110.483223348195182, -7.906629217407741 ], [ 110.485019978763432, -7.906629217407741 ], [ 110.485019978763432, -7.907524875088675 ], [ 110.485918294047551, -7.907524875088675 ], [ 110.485918294047551, -7.908420530799381 ], [ 110.486816609331669, -7.908420530799381 ], [ 110.486816609331669, -7.907524875088675 ], [ 110.487714924615787, -7.907524875088675 ], [ 110.487714924615787, -7.905733557756797 ], [ 110.489511555184038, -7.905733557756797 ], [ 110.489511555184038, -7.904837896136063 ], [ 110.488613239899905, -7.904837896136063 ], [ 110.488613239899905, -7.90394223254575 ], [ 110.490409870468142, -7.90394223254575 ], [ 110.490409870468142, -7.90304656698608 ], [ 110.489511555184038, -7.90304656698608 ], [ 110.489511555184038, -7.901255229959533 ], [ 110.490409870468142, -7.901255229959533 ], [ 110.490409870468142, -7.900359558493093 ], [ 110.488613239899905, -7.900359558493093 ], [ 110.488613239899905, -7.902150899457269 ], [ 110.487714924615787, -7.902150899457269 ], [ 110.487714924615787, -7.901255229959533 ], [ 110.485918294047551, -7.901255229959533 ], [ 110.485918294047551, -7.899463885058161 ], [ 110.484121663479314, -7.899463885058161 ], [ 110.484121663479314, -7.900359558493093 ], [ 110.483223348195182, -7.900359558493093 ], [ 110.483223348195182, -7.898568209654958 ], [ 110.485019978763432, -7.898568209654958 ], [ 110.485019978763432, -7.897672532283701 ], [ 110.486816609331669, -7.897672532283701 ], [ 110.486816609331669, -7.895881171637887 ], [ 110.483223348195182, -7.895881171637887 ], [ 110.483223348195182, -7.894985488363771 ], [ 110.482325032911078, -7.894985488363771 ], [ 110.482325032911078, -7.894089803122462 ], [ 110.481426717626945, -7.894089803122462 ], [ 110.481426717626945, -7.893194115914192 ], [ 110.484121663479314, -7.893194115914192 ], [ 110.484121663479314, -7.894089803122462 ], [ 110.485918294047551, -7.894089803122462 ], [ 110.485918294047551, -7.894985488363771 ], [ 110.490409870468142, -7.894985488363771 ], [ 110.490409870468142, -7.894089803122462 ], [ 110.489511555184038, -7.894089803122462 ], [ 110.489511555184038, -7.892298426739164 ], [ 110.490409870468142, -7.892298426739164 ], [ 110.490409870468142, -7.893194115914192 ], [ 110.491308185752274, -7.893194115914192 ], [ 110.491308185752274, -7.892298426739164 ], [ 110.494003131604615, -7.892298426739164 ], [ 110.494003131604615, -7.893194115914192 ], [ 110.494901446888747, -7.893194115914192 ], [ 110.494901446888747, -7.894985488363771 ], [ 110.495799762172865, -7.894985488363771 ], [ 110.495799762172865, -7.896776852944603 ], [ 110.495944785204145, -7.896776852944603 ], [ 110.496017, -7.8969496 ], [ 110.4964832, -7.8972632 ], [ 110.496698077456983, -7.89737648935232 ] ], [ [ 110.483223348195182, -7.910211836309236 ], [ 110.484121663479314, -7.910211836309236 ], [ 110.484121663479314, -7.909316184539641 ], [ 110.483223348195182, -7.909316184539641 ], [ 110.483223348195182, -7.910211836309236 ] ], [ [ 110.487714924615787, -7.91110748610796 ], [ 110.488613239899905, -7.91110748610796 ], [ 110.488613239899905, -7.907524875088675 ], [ 110.487714924615787, -7.907524875088675 ], [ 110.487714924615787, -7.91110748610796 ] ], [ [ 110.489511555184038, -7.907524875088675 ], [ 110.489511555184038, -7.909316184539641 ], [ 110.490409870468142, -7.909316184539641 ], [ 110.490409870468142, -7.910211836309236 ], [ 110.491308185752274, -7.910211836309236 ], [ 110.491308185752274, -7.909316184539641 ], [ 110.492206501036378, -7.909316184539641 ], [ 110.492206501036378, -7.906629217407741 ], [ 110.491308185752274, -7.906629217407741 ], [ 110.491308185752274, -7.905733557756797 ], [ 110.492206501036378, -7.905733557756797 ], [ 110.492206501036378, -7.90304656698608 ], [ 110.491308185752274, -7.90304656698608 ], [ 110.491308185752274, -7.904837896136063 ], [ 110.490409870468142, -7.904837896136063 ], [ 110.490409870468142, -7.906629217407741 ], [ 110.488613239899905, -7.906629217407741 ], [ 110.488613239899905, -7.907524875088675 ], [ 110.489511555184038, -7.907524875088675 ] ], [ [ 110.489511555184038, -7.910211836309236 ], [ 110.489511555184038, -7.91110748610796 ], [ 110.490409870468142, -7.91110748610796 ], [ 110.490409870468142, -7.910211836309236 ], [ 110.489511555184038, -7.910211836309236 ] ], [ [ 110.490409870468142, -7.902150899457269 ], [ 110.491308185752274, -7.902150899457269 ], [ 110.491308185752274, -7.901255229959533 ], [ 110.490409870468142, -7.901255229959533 ], [ 110.490409870468142, -7.902150899457269 ] ], [ [ 110.487714924615787, -7.912003133935582 ], [ 110.486816609331669, -7.912003133935582 ], [ 110.486816609331669, -7.91379442367667 ], [ 110.487714924615787, -7.91379442367667 ], [ 110.487714924615787, -7.914690065589704 ], [ 110.488613239899905, -7.914690065589704 ], [ 110.488613239899905, -7.912898779791892 ], [ 110.487714924615787, -7.912898779791892 ], [ 110.487714924615787, -7.912003133935582 ] ] ] ] } },
{ "type": "Feature", "properties": { "Kelas": "Sedang", "SKOR_LONGSOR": 3 }, "geometry": { "type": "MultiPolygon", "coordinates": [ [ [ [ 110.4963256, -7.9141018 ], [ 110.4962794, -7.9142459 ], [ 110.4962989, -7.9144162 ], [ 110.4962396, -7.9145734 ], [ 110.496216299413419, -7.914690065589704 ], [ 110.495799762172865, -7.914690065589704 ], [ 110.495799762172865, -7.91379442367667 ], [ 110.496259548018827, -7.91379442367667 ], [ 110.4963256, -7.9141018 ] ] ] ] } },
{ "type": "Feature", "properties": { "Kelas": "Cukup Rendah", "SKOR_LONGSOR": 2 }, "geometry": { "type": "MultiPolygon", "coordinates": [ [ [ [ 110.392493504499129, -7.914690065589704 ], [ 110.393391819783233, -7.914690065589704 ], [ 110.393391819783233, -7.915585705530765 ], [ 110.392493504499129, -7.915585705530765 ], [ 110.392493504499129, -7.914690065589704 ] ] ] ] } },
{ "type": "Feature", "properties": { "Kelas": "Cukup Rendah", "SKOR_LONGSOR": 2 }, "geometry": { "type": "MultiPolygon", "coordinates": [ [ [ [ 110.407764864329152, -7.914690065589704 ], [ 110.408663179613271, -7.914690065589704 ], [ 110.408663179613271, -7.915585705530765 ], [ 110.407764864329152, -7.915585705530765 ], [ 110.407764864329152, -7.914690065589704 ] ] ] ] } },
{ "type": "Feature", "properties": { "Kelas": "Sedang", "SKOR_LONGSOR": 3 }, "geometry": { "type": "MultiPolygon", "coordinates": [ [ [ [ 110.408663179613271, -7.914690065589704 ], [ 110.409561494897403, -7.914690065589704 ], [ 110.409561494897403, -7.915585705530765 ], [ 110.408663179613271, -7.915585705530765 ], [ 110.408663179613271, -7.914690065589704 ] ] ] ] } },
{ "type": "Feature", "properties": { "Kelas": "Tinggi", "SKOR_LONGSOR": 0 }, "geometry": { "type": "MultiPolygon", "coordinates": [ [ [ [ 110.512754, -7.8289425 ], [ 110.5127763, -7.8289397 ], [ 110.5129823, -7.8287756 ], [ 110.513099576555135, -7.828699481813059 ], [ 110.514664383139376, -7.828699481813059 ], [ 110.514664383139376, -7.830491136379422 ], [ 110.515562698423494, -7.830491136379422 ], [ 110.515562698423494, -7.831386960735411 ], [ 110.516461013707612, -7.831386960735411 ], [ 110.516461013707612, -7.830379416398762 ], [ 110.5167741, -7.8303678 ], [ 110.5172014, -7.8304021 ], [ 110.5175012, -7.8304174 ], [ 110.5175447, -7.8304193 ], [ 110.5175667, -7.8304282 ], [ 110.5175913, -7.8304382 ], [ 110.5177812, -7.8305151 ], [ 110.517888, -7.8306052 ], [ 110.5179751, -7.830667 ], [ 110.5180864, -7.8307459 ], [ 110.5182161, -7.8308193 ], [ 110.5182229, -7.8308213 ], [ 110.518425, -7.8308802 ], [ 110.518506, -7.8309037 ], [ 110.5185836, -7.8309149 ], [ 110.5187806, -7.8309433 ], [ 110.5188874, -7.8309886 ], [ 110.5191011, -7.8310845 ], [ 110.5192918, -7.8311012 ], [ 110.5194884, -7.8309933 ], [ 110.5195053, -7.8309833 ], [ 110.5195165, -7.8309753 ], [ 110.5197719, -7.8309868 ], [ 110.5197906, -7.8309858 ], [ 110.5197685, -7.8310623 ], [ 110.5197288, -7.8312006 ], [ 110.5199283, -7.8314001 ], [ 110.5199901, -7.8314618 ], [ 110.5203438, -7.8316771 ], [ 110.5204672, -7.8317917 ], [ 110.5207742, -7.8320766 ], [ 110.5211338, -7.8320908 ], [ 110.5211844, -7.8321129 ], [ 110.5212983, -7.8322398 ], [ 110.5213141, -7.8322574 ], [ 110.5213217, -7.8323966 ], [ 110.5213196, -7.8324327 ], [ 110.5213278, -7.8325069 ], [ 110.5213264, -7.8337346 ], [ 110.5212333, -7.833928 ], [ 110.5211567, -7.8340874 ], [ 110.5209049, -7.8345008 ], [ 110.520671, -7.8348849 ], [ 110.520599, -7.8349667 ], [ 110.520595888268986, -7.834970238639658 ], [ 110.519155959559981, -7.834970238639658 ], [ 110.519155959559981, -7.835866053234705 ], [ 110.513766067855258, -7.835866053234705 ], [ 110.513766067855258, -7.836761865876912 ], [ 110.511969437287021, -7.836761865876912 ], [ 110.511969437287021, -7.837615928801053 ], [ 110.51175981691037, -7.837657676566065 ], [ 110.509909214914998, -7.837657676566065 ], [ 110.5097302, -7.8376128 ], [ 110.5096951, -7.837604 ], [ 110.509327239212567, -7.837657676566065 ], [ 110.509274491434653, -7.837657676566065 ], [ 110.509274491434653, -7.837665373280917 ], [ 110.5087562, -7.837741 ], [ 110.5083727, -7.8379226 ], [ 110.5081094, -7.8380472 ], [ 110.5075398, -7.8382767 ], [ 110.5070319, -7.8382761 ], [ 110.5070104, -7.838266 ], [ 110.507009, -7.838266 ], [ 110.506833, -7.8381825 ], [ 110.5063782, -7.8379684 ], [ 110.5057264, -7.8379157 ], [ 110.5056088, -7.8379061 ], [ 110.504916, -7.8380895 ], [ 110.5046476, -7.8379518 ], [ 110.5043162, -7.8377819 ], [ 110.503884599729943, -7.837718346625786 ], [ 110.503884599729943, -7.837657676566065 ], [ 110.502986284445825, -7.837657676566065 ], [ 110.502986284445825, -7.837861079411868 ], [ 110.5027402, -7.8378513 ], [ 110.5021553, -7.8379427 ], [ 110.5015727, -7.8380575 ], [ 110.5009161, -7.8381868 ], [ 110.499685, -7.8381086 ], [ 110.4988541, -7.8380155 ], [ 110.4985881, -7.8379907 ], [ 110.4978539, -7.8379223 ], [ 110.4967483, -7.8380934 ], [ 110.4964763, -7.8381355 ], [ 110.4964522, -7.8381449 ], [ 110.4961052, -7.8382811 ], [ 110.4958912, -7.838365 ], [ 110.4958868, -7.8383702 ], [ 110.495732018204421, -7.838553485301939 ], [ 110.492099658567199, -7.838553485301939 ], [ 110.4911592, -7.8381291 ], [ 110.4900517, -7.837652 ], [ 110.4899543, -7.8376339 ], [ 110.4899435, -7.8376293 ], [ 110.4894323, -7.8375382 ], [ 110.4894229, -7.8375373 ], [ 110.4890208, -7.8374666 ], [ 110.4885282, -7.8375734 ], [ 110.4884608, -7.8376144 ], [ 110.4882681, -7.8377315 ], [ 110.488251, -7.8377419 ], [ 110.4882254, -7.8378157 ], [ 110.4880966, -7.8381868 ], [ 110.4880501, -7.8384323 ], [ 110.4880416, -7.8391075 ], [ 110.4879504, -7.8392617 ], [ 110.487839410257493, -7.839449292084322 ], [ 110.487714924615787, -7.839449292084322 ], [ 110.487714924615787, -7.839659694599593 ], [ 110.4875789, -7.8398896 ], [ 110.4874505, -7.8399261 ], [ 110.4871479, -7.8400119 ], [ 110.4871265, -7.8400192 ], [ 110.4867014, -7.8401648 ], [ 110.4863628, -7.8401644 ], [ 110.486254, -7.8402136 ], [ 110.486155609443969, -7.840345096912996 ], [ 110.485371944477563, -7.840345096912996 ], [ 110.4851354, -7.8402773 ], [ 110.4850683, -7.8402581 ], [ 110.4850575, -7.8402591 ], [ 110.4846792, -7.8402944 ], [ 110.4843282, -7.8403497 ], [ 110.4839315, -7.8403864 ], [ 110.483763, -7.8404671 ], [ 110.4837484, -7.8404741 ], [ 110.4837439, -7.8404776 ], [ 110.4834939, -7.8406209 ], [ 110.4832535, -7.8407817 ], [ 110.4831314, -7.8408379 ], [ 110.4829178, -7.8408804 ], [ 110.4828796, -7.840888 ], [ 110.4828796, -7.8415727 ], [ 110.482872, -7.8420968 ], [ 110.4827881, -7.8423156 ], [ 110.4825516, -7.8425969 ], [ 110.4823003, -7.8427368 ], [ 110.4821116, -7.8429691 ], [ 110.4820277, -7.8431151 ], [ 110.4819336, -7.8434434 ], [ 110.4819641, -7.8436208 ], [ 110.4820058, -7.8438367 ], [ 110.4819668, -7.8439947 ], [ 110.4818799, -7.8441079 ], [ 110.4816497, -7.8441047 ], [ 110.4813028, -7.8441042 ], [ 110.4810695, -7.8441546 ], [ 110.4808182, -7.8442796 ], [ 110.4806385, -7.8444404 ], [ 110.4804918, -7.8446102 ], [ 110.4804378, -7.8447532 ], [ 110.4804407, -7.8448129 ], [ 110.4804373, -7.8448708 ], [ 110.4804285, -7.8450186 ], [ 110.4803595, -7.8452243 ], [ 110.4801947, -7.8454805 ], [ 110.4797363, -7.8461628 ], [ 110.4794847, -7.8465919 ], [ 110.479393, -7.8468027 ], [ 110.479332, -7.8468966 ], [ 110.4779792, -7.8488796 ], [ 110.4774129, -7.8497098 ], [ 110.4773939, -7.8497299 ], [ 110.4769798, -7.8501656 ], [ 110.476948237516766, -7.850198821021356 ], [ 110.476935141206354, -7.850198821021356 ], [ 110.476935141206354, -7.85021260551369 ], [ 110.4767914, -7.8503639 ], [ 110.4766083, -7.8505842 ], [ 110.4763946, -7.8507859 ], [ 110.4762573, -7.8509661 ], [ 110.476073711933367, -7.851094602388552 ], [ 110.476036825922236, -7.851094602388552 ], [ 110.476036825922236, -7.851122426236138 ], [ 110.4760132, -7.8511411 ], [ 110.4756699, -7.8513891 ], [ 110.475647, -7.8514039 ], [ 110.4754639, -7.8515374 ], [ 110.4753343, -7.8517148 ], [ 110.4752883, -7.8518688 ], [ 110.475264198717227, -7.851990381799212 ], [ 110.475138510638118, -7.851990381799212 ], [ 110.475138510638118, -7.8522915403386 ], [ 110.47485043694337, -7.852886159253115 ], [ 110.474240195354, -7.852886159253115 ], [ 110.474240195354, -7.853916298783505 ], [ 110.4739304, -7.8542639 ], [ 110.4738693, -7.8543421 ], [ 110.4738159, -7.854408 ], [ 110.473703127235552, -7.854677708289795 ], [ 110.473341880069881, -7.854677708289795 ], [ 110.473341880069881, -7.855881406423564 ], [ 110.4733353, -7.855909 ], [ 110.473129515599211, -7.856469249496853 ], [ 110.472443564785749, -7.856469249496853 ], [ 110.472443564785749, -7.86094806824848 ], [ 110.471545249501645, -7.86094806824848 ], [ 110.471545249501645, -7.861275563330971 ], [ 110.4712486, -7.8613841 ], [ 110.4710182, -7.8614852 ], [ 110.4707699, -7.8615714 ], [ 110.4705664, -7.8616964 ], [ 110.4704765, -7.8617887 ], [ 110.4703927, -7.8618989 ], [ 110.4703358, -7.8619764 ], [ 110.470183, -7.862182 ], [ 110.4699734, -7.8623994 ], [ 110.469752231180038, -7.862739582038158 ], [ 110.468850303649276, -7.862739582038158 ], [ 110.468850303649276, -7.863635335994061 ], [ 110.467951988365172, -7.863635335994061 ], [ 110.467951988365172, -7.864531087990386 ], [ 110.466155357796922, -7.864531087990386 ], [ 110.466155357796922, -7.865426838026917 ], [ 110.461663781376316, -7.865426838026917 ], [ 110.461663781376316, -7.867218332219712 ], [ 110.460765466092212, -7.867218332219712 ], [ 110.460765466092212, -7.869009818570711 ], [ 110.45986715080808, -7.869009818570711 ], [ 110.45986715080808, -7.869905558804994 ], [ 110.458968835523976, -7.869905558804994 ], [ 110.458968835523976, -7.870801297078176 ], [ 110.457172204955739, -7.870801297078176 ], [ 110.457172204955739, -7.871697033390041 ], [ 110.456273889671607, -7.871697033390041 ], [ 110.456273889671607, -7.875279959019964 ], [ 110.455375574387489, -7.875279959019964 ], [ 110.455375574387489, -7.876175685521977 ], [ 110.454477259103371, -7.876175685521977 ], [ 110.454477259103371, -7.877071410061366 ], [ 110.453578943819252, -7.877071410061366 ], [ 110.453578943819252, -7.876175685521977 ], [ 110.452680628535134, -7.876175685521977 ], [ 110.452680628535134, -7.877071410061366 ], [ 110.451782313251016, -7.877071410061366 ], [ 110.451782313251016, -7.877967132637915 ], [ 110.450883997966883, -7.877967132637915 ], [ 110.450883997966883, -7.879758571901625 ], [ 110.449985682682765, -7.879758571901625 ], [ 110.449985682682765, -7.880654288588349 ], [ 110.449087367398647, -7.880654288588349 ], [ 110.449087367398647, -7.883341426865405 ], [ 110.448189052114529, -7.883341426865405 ], [ 110.448189052114529, -7.886924250399411 ], [ 110.447290736830411, -7.886924250399411 ], [ 110.447290736830411, -7.889611347415759 ], [ 110.446392421546292, -7.889611347415759 ], [ 110.446392421546292, -7.891402735597606 ], [ 110.445494106262174, -7.891402735597606 ], [ 110.445494106262174, -7.890507042489733 ], [ 110.444595790978042, -7.890507042489733 ], [ 110.444595790978042, -7.891402735597606 ], [ 110.441900845125701, -7.891402735597606 ], [ 110.441900845125701, -7.892298426739164 ], [ 110.442799160409805, -7.892298426739164 ], [ 110.442799160409805, -7.894985488363771 ], [ 110.441900845125701, -7.894985488363771 ], [ 110.441900845125701, -7.895881171637887 ], [ 110.440104214557451, -7.895881171637887 ], [ 110.440104214557451, -7.897672532283701 ], [ 110.437409268705096, -7.897672532283701 ], [ 110.437409268705096, -7.898568209654958 ], [ 110.436510953420978, -7.898568209654958 ], [ 110.436510953420978, -7.900359558493093 ], [ 110.434714322852741, -7.900359558493093 ], [ 110.434714322852741, -7.90304656698608 ], [ 110.43561263813686, -7.90304656698608 ], [ 110.43561263813686, -7.90394223254575 ], [ 110.437409268705096, -7.90394223254575 ], [ 110.437409268705096, -7.905733557756797 ], [ 110.438307583989214, -7.905733557756797 ], [ 110.438307583989214, -7.908420530799381 ], [ 110.437409268705096, -7.908420530799381 ], [ 110.437409268705096, -7.910211836309236 ], [ 110.436510953420978, -7.910211836309236 ], [ 110.436510953420978, -7.91379442367667 ], [ 110.434714322852741, -7.91379442367667 ], [ 110.434714322852741, -7.915585705530765 ], [ 110.433816007568609, -7.915585705530765 ], [ 110.433816007568609, -7.917376979496137 ], [ 110.430222746432136, -7.917376979496137 ], [ 110.430222746432136, -7.918272613520002 ], [ 110.429324431148018, -7.918272613520002 ], [ 110.429324431148018, -7.917376979496137 ], [ 110.427527800579782, -7.917376979496137 ], [ 110.427527800579782, -7.918272613520002 ], [ 110.423934539443309, -7.918272613520002 ], [ 110.423934539443309, -7.917376979496137 ], [ 110.423036224159176, -7.917376979496137 ], [ 110.423036224159176, -7.914690065589704 ], [ 110.423934539443309, -7.914690065589704 ], [ 110.423934539443309, -7.916481343499651 ], [ 110.424832854727427, -7.916481343499651 ], [ 110.424832854727427, -7.915585705530765 ], [ 110.425731170011545, -7.915585705530765 ], [ 110.425731170011545, -7.914690065589704 ], [ 110.426629485295663, -7.914690065589704 ], [ 110.426629485295663, -7.91379442367667 ], [ 110.424832854727427, -7.91379442367667 ], [ 110.424832854727427, -7.912898779791892 ], [ 110.426629485295663, -7.912898779791892 ], [ 110.426629485295663, -7.912003133935582 ], [ 110.427527800579782, -7.912003133935582 ], [ 110.427527800579782, -7.91379442367667 ], [ 110.429324431148018, -7.91379442367667 ], [ 110.429324431148018, -7.91110748610796 ], [ 110.431121061716269, -7.91110748610796 ], [ 110.431121061716269, -7.909316184539641 ], [ 110.432019377000373, -7.909316184539641 ], [ 110.432019377000373, -7.908420530799381 ], [ 110.431121061716269, -7.908420530799381 ], [ 110.431121061716269, -7.907524875088675 ], [ 110.430222746432136, -7.907524875088675 ], [ 110.430222746432136, -7.904837896136063 ], [ 110.431121061716269, -7.904837896136063 ], [ 110.431121061716269, -7.90394223254575 ], [ 110.432019377000373, -7.90394223254575 ], [ 110.432019377000373, -7.901255229959533 ], [ 110.431121061716269, -7.901255229959533 ], [ 110.431121061716269, -7.902150899457269 ], [ 110.429324431148018, -7.902150899457269 ], [ 110.429324431148018, -7.90304656698608 ], [ 110.427527800579782, -7.90304656698608 ], [ 110.427527800579782, -7.901255229959533 ], [ 110.4284261158639, -7.901255229959533 ], [ 110.4284261158639, -7.899463885058161 ], [ 110.427527800579782, -7.899463885058161 ], [ 110.427527800579782, -7.898568209654958 ], [ 110.4284261158639, -7.898568209654958 ], [ 110.4284261158639, -7.897672532283701 ], [ 110.429324431148018, -7.897672532283701 ], [ 110.429324431148018, -7.898568209654958 ], [ 110.430222746432136, -7.898568209654958 ], [ 110.430222746432136, -7.894985488363771 ], [ 110.432917692284505, -7.894985488363771 ], [ 110.432917692284505, -7.894089803122462 ], [ 110.433816007568609, -7.894089803122462 ], [ 110.433816007568609, -7.892298426739164 ], [ 110.434714322852741, -7.892298426739164 ], [ 110.434714322852741, -7.891402735597606 ], [ 110.436510953420978, -7.891402735597606 ], [ 110.436510953420978, -7.890507042489733 ], [ 110.437409268705096, -7.890507042489733 ], [ 110.437409268705096, -7.888715650375899 ], [ 110.438307583989214, -7.888715650375899 ], [ 110.438307583989214, -7.886924250399411 ], [ 110.441002529841569, -7.886924250399411 ], [ 110.441002529841569, -7.886028547463212 ], [ 110.441900845125701, -7.886028547463212 ], [ 110.441900845125701, -7.884237135695992 ], [ 110.442799160409805, -7.884237135695992 ], [ 110.442799160409805, -7.882445716070458 ], [ 110.443697475693938, -7.882445716070458 ], [ 110.443697475693938, -7.881550003311369 ], [ 110.442799160409805, -7.881550003311369 ], [ 110.442799160409805, -7.879758571901625 ], [ 110.443697475693938, -7.879758571901625 ], [ 110.443697475693938, -7.878862853251408 ], [ 110.444595790978042, -7.878862853251408 ], [ 110.444595790978042, -7.877967132637915 ], [ 110.447290736830411, -7.877967132637915 ], [ 110.447290736830411, -7.877071410061366 ], [ 110.446392421546292, -7.877071410061366 ], [ 110.446392421546292, -7.876175685521977 ], [ 110.445494106262174, -7.876175685521977 ], [ 110.445494106262174, -7.875279959019964 ], [ 110.446392421546292, -7.875279959019964 ], [ 110.446392421546292, -7.874384230555549 ], [ 110.448189052114529, -7.874384230555549 ], [ 110.448189052114529, -7.873488500128945 ], [ 110.451782313251016, -7.873488500128945 ], [ 110.451782313251016, -7.872592767740368 ], [ 110.452680628535134, -7.872592767740368 ], [ 110.452680628535134, -7.870801297078176 ], [ 110.451782313251016, -7.870801297078176 ], [ 110.451782313251016, -7.871697033390041 ], [ 110.450883997966883, -7.871697033390041 ], [ 110.450883997966883, -7.869905558804994 ], [ 110.452680628535134, -7.869905558804994 ], [ 110.452680628535134, -7.868114076375545 ], [ 110.453578943819252, -7.868114076375545 ], [ 110.453578943819252, -7.867218332219712 ], [ 110.457172204955739, -7.867218332219712 ], [ 110.457172204955739, -7.863635335994061 ], [ 110.458968835523976, -7.863635335994061 ], [ 110.458968835523976, -7.862739582038158 ], [ 110.458070520239843, -7.862739582038158 ], [ 110.458070520239843, -7.86184382612289 ], [ 110.458968835523976, -7.86184382612289 ], [ 110.458968835523976, -7.86094806824848 ], [ 110.457172204955739, -7.86094806824848 ], [ 110.457172204955739, -7.860052308415138 ], [ 110.458968835523976, -7.860052308415138 ], [ 110.458968835523976, -7.858260782872549 ], [ 110.460765466092212, -7.858260782872549 ], [ 110.460765466092212, -7.860052308415138 ], [ 110.461663781376316, -7.860052308415138 ], [ 110.461663781376316, -7.859156546623087 ], [ 110.462562096660449, -7.859156546623087 ], [ 110.462562096660449, -7.860052308415138 ], [ 110.463460411944567, -7.860052308415138 ], [ 110.463460411944567, -7.858260782872549 ], [ 110.46705367308104, -7.858260782872549 ], [ 110.46705367308104, -7.855573479872135 ], [ 110.467951988365172, -7.855573479872135 ], [ 110.467951988365172, -7.853781934750049 ], [ 110.468850303649276, -7.853781934750049 ], [ 110.468850303649276, -7.851990381799212 ], [ 110.469748618933409, -7.851990381799212 ], [ 110.469748618933409, -7.850198821021356 ], [ 110.470646934217513, -7.850198821021356 ], [ 110.470646934217513, -7.847511465182728 ], [ 110.471545249501645, -7.847511465182728 ], [ 110.471545249501645, -7.848407252418229 ], [ 110.472443564785749, -7.848407252418229 ], [ 110.472443564785749, -7.846615675991562 ], [ 110.473341880069881, -7.846615675991562 ], [ 110.473341880069881, -7.845719884844947 ], [ 110.474240195354, -7.845719884844947 ], [ 110.474240195354, -7.846615675991562 ], [ 110.475138510638118, -7.846615675991562 ], [ 110.475138510638118, -7.845719884844947 ], [ 110.476935141206354, -7.845719884844947 ], [ 110.476935141206354, -7.843928296686236 ], [ 110.477833456490472, -7.843928296686236 ], [ 110.477833456490472, -7.843032499674579 ], [ 110.480528402342841, -7.843032499674579 ], [ 110.480528402342841, -7.841240899787739 ], [ 110.481426717626945, -7.841240899787739 ], [ 110.481426717626945, -7.840345096912996 ], [ 110.482325032911078, -7.840345096912996 ], [ 110.482325032911078, -7.839449292084322 ], [ 110.483223348195182, -7.839449292084322 ], [ 110.483223348195182, -7.837657676566065 ], [ 110.484121663479314, -7.837657676566065 ], [ 110.484121663479314, -7.834970238639658 ], [ 110.485918294047551, -7.834970238639658 ], [ 110.485918294047551, -7.835866053234705 ], [ 110.486816609331669, -7.835866053234705 ], [ 110.486816609331669, -7.834970238639658 ], [ 110.488613239899905, -7.834970238639658 ], [ 110.488613239899905, -7.836761865876912 ], [ 110.489511555184038, -7.836761865876912 ], [ 110.489511555184038, -7.835866053234705 ], [ 110.493104816320511, -7.835866053234705 ], [ 110.493104816320511, -7.834970238639658 ], [ 110.494901446888747, -7.834970238639658 ], [ 110.494901446888747, -7.834074422091986 ], [ 110.495799762172865, -7.834074422091986 ], [ 110.495799762172865, -7.834970238639658 ], [ 110.50029133859347, -7.834970238639658 ], [ 110.50029133859347, -7.835866053234705 ], [ 110.502986284445825, -7.835866053234705 ], [ 110.502986284445825, -7.834970238639658 ], [ 110.502087969161707, -7.834970238639658 ], [ 110.502087969161707, -7.833178603591911 ], [ 110.503884599729943, -7.833178603591911 ], [ 110.503884599729943, -7.832282783139646 ], [ 110.507477860866416, -7.832282783139646 ], [ 110.507477860866416, -7.831386960735411 ], [ 110.510172806718785, -7.831386960735411 ], [ 110.510172806718785, -7.830491136379422 ], [ 110.511071122002903, -7.830491136379422 ], [ 110.511071122002903, -7.8295953100719 ], [ 110.511969437287021, -7.8295953100719 ], [ 110.511969437287021, -7.829004016799884 ], [ 110.5126363, -7.8289573 ], [ 110.512744, -7.8289498 ], [ 110.512754, -7.8289425 ] ], [ [ 110.446392421546292, -7.888715650375899 ], [ 110.445494106262174, -7.888715650375899 ], [ 110.445494106262174, -7.889611347415759 ], [ 110.446392421546292, -7.889611347415759 ], [ 110.446392421546292, -7.888715650375899 ] ], [ [ 110.432019377000373, -7.910211836309236 ], [ 110.433816007568609, -7.910211836309236 ], [ 110.433816007568609, -7.909316184539641 ], [ 110.432019377000373, -7.909316184539641 ], [ 110.432019377000373, -7.910211836309236 ] ], [ [ 110.444595790978042, -7.879758571901625 ], [ 110.445494106262174, -7.879758571901625 ], [ 110.445494106262174, -7.878862853251408 ], [ 110.444595790978042, -7.878862853251408 ], [ 110.444595790978042, -7.879758571901625 ] ], [ [ 110.432019377000373, -7.905733557756797 ], [ 110.432019377000373, -7.906629217407741 ], [ 110.432917692284505, -7.906629217407741 ], [ 110.432917692284505, -7.905733557756797 ], [ 110.432019377000373, -7.905733557756797 ] ], [ [ 110.433816007568609, -7.905733557756797 ], [ 110.433816007568609, -7.904837896136063 ], [ 110.432917692284505, -7.904837896136063 ], [ 110.432917692284505, -7.905733557756797 ], [ 110.433816007568609, -7.905733557756797 ] ], [ [ 110.434714322852741, -7.894985488363771 ], [ 110.433816007568609, -7.894985488363771 ], [ 110.433816007568609, -7.895881171637887 ], [ 110.434714322852741, -7.895881171637887 ], [ 110.434714322852741, -7.894985488363771 ] ], [ [ 110.465257042512803, -7.860052308415138 ], [ 110.466155357796922, -7.860052308415138 ], [ 110.466155357796922, -7.859156546623087 ], [ 110.465257042512803, -7.859156546623087 ], [ 110.465257042512803, -7.860052308415138 ] ], [ [ 110.476036825922236, -7.849303037697842 ], [ 110.476935141206354, -7.849303037697842 ], [ 110.476935141206354, -7.847511465182728 ], [ 110.476036825922236, -7.847511465182728 ], [ 110.476036825922236, -7.848407252418229 ], [ 110.474240195354, -7.848407252418229 ], [ 110.474240195354, -7.851094602388552 ], [ 110.475138510638118, -7.851094602388552 ], [ 110.475138510638118, -7.850198821021356 ], [ 110.476036825922236, -7.850198821021356 ], [ 110.476036825922236, -7.849303037697842 ] ], [ [ 110.485019978763432, -7.838553485301939 ], [ 110.484121663479314, -7.838553485301939 ], [ 110.484121663479314, -7.839449292084322 ], [ 110.485019978763432, -7.839449292084322 ], [ 110.485019978763432, -7.838553485301939 ] ], [ [ 110.496698077456983, -7.835866053234705 ], [ 110.495799762172865, -7.835866053234705 ], [ 110.495799762172865, -7.836761865876912 ], [ 110.496698077456983, -7.836761865876912 ], [ 110.496698077456983, -7.835866053234705 ] ] ] ] } },
{ "type": "Feature", "properties": { "Kelas": "Cukup Tinggi", "SKOR_LONGSOR": 4 }, "geometry": { "type": "MultiPolygon", "coordinates": [ [ [ [ 110.424832854727427, -7.91379442367667 ], [ 110.426629485295663, -7.91379442367667 ], [ 110.426629485295663, -7.914690065589704 ], [ 110.425731170011545, -7.914690065589704 ], [ 110.425731170011545, -7.915585705530765 ], [ 110.424832854727427, -7.915585705530765 ], [ 110.424832854727427, -7.916481343499651 ], [ 110.423934539443309, -7.916481343499651 ], [ 110.423934539443309, -7.914690065589704 ], [ 110.424832854727427, -7.914690065589704 ], [ 110.424832854727427, -7.91379442367667 ] ] ] ] } },
{ "type": "Feature", "properties": { "Kelas": "Sangat Rendah", "SKOR_LONGSOR": 1 }, "geometry": { "type": "MultiPolygon", "coordinates": [ [ [ [ 110.444595790978042, -7.914690065589704 ], [ 110.445494106262174, -7.914690065589704 ], [ 110.445494106262174, -7.915585705530765 ], [ 110.444595790978042, -7.915585705530765 ], [ 110.444595790978042, -7.914690065589704 ] ] ] ] } },
{ "type": "Feature", "properties": { "Kelas": "Cukup Tinggi", "SKOR_LONGSOR": 4 }, "geometry": { "type": "MultiPolygon", "coordinates": [ [ [ [ 110.458070520239843, -7.914690065589704 ], [ 110.458968835523976, -7.914690065589704 ], [ 110.458968835523976, -7.915585705530765 ], [ 110.458070520239843, -7.915585705530765 ], [ 110.458070520239843, -7.914690065589704 ] ] ] ] } },
{ "type": "Feature", "properties": { "Kelas": "Cukup Tinggi", "SKOR_LONGSOR": 4 }, "geometry": { "type": "MultiPolygon", "coordinates": [ [ [ [ 110.493104816320511, -7.914690065589704 ], [ 110.494003131604615, -7.914690065589704 ], [ 110.494003131604615, -7.916481343499651 ], [ 110.493104816320511, -7.916481343499651 ], [ 110.493104816320511, -7.914690065589704 ] ] ] ] } },
{ "type": "Feature", "properties": { "Kelas": "Cukup Tinggi", "SKOR_LONGSOR": 4 }, "geometry": { "type": "MultiPolygon", "coordinates": [ [ [ [ 110.4961823, -7.9148603 ], [ 110.4961619, -7.9149661 ], [ 110.4961064, -7.9149939 ], [ 110.4959318, -7.9150807 ], [ 110.4958167, -7.9152033 ], [ 110.495799762172865, -7.915233244066872 ], [ 110.495799762172865, -7.914690065589704 ], [ 110.496216299413419, -7.914690065589704 ], [ 110.4961823, -7.9148603 ] ] ] ] } },
{ "type": "Feature", "properties": { "Kelas": "Tinggi", "SKOR_LONGSOR": 0 }, "geometry": { "type": "MultiPolygon", "coordinates": [ [ [ [ 110.407764864329152, -7.915585705530765 ], [ 110.408663179613271, -7.915585705530765 ], [ 110.408663179613271, -7.916481343499651 ], [ 110.407764864329152, -7.916481343499651 ], [ 110.407764864329152, -7.915585705530765 ] ] ] ] } },
{ "type": "Feature", "properties": { "Kelas": "Cukup Tinggi", "SKOR_LONGSOR": 4 }, "geometry": { "type": "MultiPolygon", "coordinates": [ [ [ [ 110.408663179613271, -7.915585705530765 ], [ 110.409561494897403, -7.915585705530765 ], [ 110.409561494897403, -7.916481343499651 ], [ 110.408663179613271, -7.916481343499651 ], [ 110.408663179613271, -7.915585705530765 ] ] ] ] } },
{ "type": "Feature", "properties": { "Kelas": "Cukup Tinggi", "SKOR_LONGSOR": 4 }, "geometry": { "type": "MultiPolygon", "coordinates": [ [ [ [ 110.436510953420978, -7.912003133935582 ], [ 110.438307583989214, -7.912003133935582 ], [ 110.438307583989214, -7.912898779791892 ], [ 110.437409268705096, -7.912898779791892 ], [ 110.437409268705096, -7.914690065589704 ], [ 110.43561263813686, -7.914690065589704 ], [ 110.43561263813686, -7.918272613520002 ], [ 110.434714322852741, -7.918272613520002 ], [ 110.434714322852741, -7.917376979496137 ], [ 110.433816007568609, -7.917376979496137 ], [ 110.433816007568609, -7.915585705530765 ], [ 110.434714322852741, -7.915585705530765 ], [ 110.434714322852741, -7.91379442367667 ], [ 110.436510953420978, -7.91379442367667 ], [ 110.436510953420978, -7.912003133935582 ] ] ] ] } },
{ "type": "Feature", "properties": { "Kelas": "Sangat Rendah", "SKOR_LONGSOR": 1 }, "geometry": { "type": "MultiPolygon", "coordinates": [ [ [ [ 110.445494106262174, -7.915585705530765 ], [ 110.446392421546292, -7.915585705530765 ], [ 110.446392421546292, -7.916481343499651 ], [ 110.445494106262174, -7.916481343499651 ], [ 110.445494106262174, -7.915585705530765 ] ] ] ] } },
{ "type": "Feature", "properties": { "Kelas": "Cukup Rendah", "SKOR_LONGSOR": 2 }, "geometry": { "type": "MultiPolygon", "coordinates": [ [ [ [ 110.446392421546292, -7.915585705530765 ], [ 110.447290736830411, -7.915585705530765 ], [ 110.447290736830411, -7.916481343499651 ], [ 110.446392421546292, -7.916481343499651 ], [ 110.446392421546292, -7.915585705530765 ] ] ] ] } },
{ "type": "Feature", "properties": { "Kelas": "Sangat Rendah", "SKOR_LONGSOR": 1 }, "geometry": { "type": "MultiPolygon", "coordinates": [ [ [ [ 110.447290736830411, -7.915585705530765 ], [ 110.448189052114529, -7.915585705530765 ], [ 110.448189052114529, -7.916481343499651 ], [ 110.447290736830411, -7.916481343499651 ], [ 110.447290736830411, -7.915585705530765 ] ] ] ] } },
{ "type": "Feature", "properties": { "Kelas": "Sangat Rendah", "SKOR_LONGSOR": 1 }, "geometry": { "type": "MultiPolygon", "coordinates": [ [ [ [ 110.449087367398647, -7.915585705530765 ], [ 110.449985682682765, -7.915585705530765 ], [ 110.449985682682765, -7.916481343499651 ], [ 110.449087367398647, -7.916481343499651 ], [ 110.449087367398647, -7.915585705530765 ] ] ] ] } },
{ "type": "Feature", "properties": { "Kelas": "Sedang", "SKOR_LONGSOR": 3 }, "geometry": { "type": "MultiPolygon", "coordinates": [ [ [ [ 110.452680628535134, -7.915585705530765 ], [ 110.453578943819252, -7.915585705530765 ], [ 110.453578943819252, -7.916481343499651 ], [ 110.452680628535134, -7.916481343499651 ], [ 110.452680628535134, -7.915585705530765 ] ] ] ] } },
{ "type": "Feature", "properties": { "Kelas": "Cukup Rendah", "SKOR_LONGSOR": 2 }, "geometry": { "type": "MultiPolygon", "coordinates": [ [ [ [ 110.458070520239843, -7.915585705530765 ], [ 110.458968835523976, -7.915585705530765 ], [ 110.458968835523976, -7.917376979496137 ], [ 110.458070520239843, -7.917376979496137 ], [ 110.458070520239843, -7.915585705530765 ] ] ] ] } },
{ "type": "Feature", "properties": { "Kelas": "Cukup Rendah", "SKOR_LONGSOR": 2 }, "geometry": { "type": "MultiPolygon", "coordinates": [ [ [ [ 110.45986715080808, -7.915585705530765 ], [ 110.460765466092212, -7.915585705530765 ], [ 110.460765466092212, -7.916481343499651 ], [ 110.45986715080808, -7.916481343499651 ], [ 110.45986715080808, -7.915585705530765 ] ] ] ] } },
{ "type": "Feature", "properties": { "Kelas": "Sedang", "SKOR_LONGSOR": 3 }, "geometry": { "type": "MultiPolygon", "coordinates": [ [ [ [ 110.485918294047551, -7.915585705530765 ], [ 110.486816609331669, -7.915585705530765 ], [ 110.486816609331669, -7.917376979496137 ], [ 110.485918294047551, -7.917376979496137 ], [ 110.485918294047551, -7.915585705530765 ] ] ] ] } },
{ "type": "Feature", "properties": { "Kelas": "Sedang", "SKOR_LONGSOR": 3 }, "geometry": { "type": "MultiPolygon", "coordinates": [ [ [ [ 110.494003131604615, -7.915585705530765 ], [ 110.494901446888747, -7.915585705530765 ], [ 110.494901446888747, -7.916481343499651 ], [ 110.494003131604615, -7.916481343499651 ], [ 110.494003131604615, -7.915585705530765 ] ] ] ] } },
{ "type": "Feature", "properties": { "Kelas": "Sangat Rendah", "SKOR_LONGSOR": 1 }, "geometry": { "type": "MultiPolygon", "coordinates": [ [ [ [ 110.393391819783233, -7.916481343499651 ], [ 110.394290135067365, -7.916481343499651 ], [ 110.394290135067365, -7.917376979496137 ], [ 110.393391819783233, -7.917376979496137 ], [ 110.393391819783233, -7.916481343499651 ] ] ] ] } },
{ "type": "Feature", "properties": { "Kelas": "Sedang", "SKOR_LONGSOR": 3 }, "geometry": { "type": "MultiPolygon", "coordinates": [ [ [ [ 110.439205899273333, -7.916481343499651 ], [ 110.440104214557451, -7.916481343499651 ], [ 110.440104214557451, -7.917376979496137 ], [ 110.439205899273333, -7.917376979496137 ], [ 110.439205899273333, -7.916481343499651 ] ] ] ] } },
{ "type": "Feature", "properties": { "Kelas": "Sangat Rendah", "SKOR_LONGSOR": 1 }, "geometry": { "type": "MultiPolygon", "coordinates": [ [ [ [ 110.443697475693938, -7.916481343499651 ], [ 110.444595790978042, -7.916481343499651 ], [ 110.444595790978042, -7.917376979496137 ], [ 110.443697475693938, -7.917376979496137 ], [ 110.443697475693938, -7.916481343499651 ] ] ] ] } },
{ "type": "Feature", "properties": { "Kelas": "Sangat Rendah", "SKOR_LONGSOR": 1 }, "geometry": { "type": "MultiPolygon", "coordinates": [ [ [ [ 110.446392421546292, -7.916481343499651 ], [ 110.447290736830411, -7.916481343499651 ], [ 110.447290736830411, -7.917376979496137 ], [ 110.446392421546292, -7.917376979496137 ], [ 110.446392421546292, -7.916481343499651 ] ] ] ] } },
{ "type": "Feature", "properties": { "Kelas": "Sedang", "SKOR_LONGSOR": 3 }, "geometry": { "type": "MultiPolygon", "coordinates": [ [ [ [ 110.449087367398647, -7.916481343499651 ], [ 110.449985682682765, -7.916481343499651 ], [ 110.449985682682765, -7.917376979496137 ], [ 110.449087367398647, -7.917376979496137 ], [ 110.449087367398647, -7.916481343499651 ] ] ] ] } },
{ "type": "Feature", "properties": { "Kelas": "Sedang", "SKOR_LONGSOR": 3 }, "geometry": { "type": "MultiPolygon", "coordinates": [ [ [ [ 110.450883997966883, -7.916481343499651 ], [ 110.451782313251016, -7.916481343499651 ], [ 110.451782313251016, -7.917376979496137 ], [ 110.450883997966883, -7.917376979496137 ], [ 110.450883997966883, -7.916481343499651 ] ] ] ] } },
{ "type": "Feature", "properties": { "Kelas": "Cukup Tinggi", "SKOR_LONGSOR": 4 }, "geometry": { "type": "MultiPolygon", "coordinates": [ [ [ [ 110.451782313251016, -7.916481343499651 ], [ 110.453578943819252, -7.916481343499651 ], [ 110.453578943819252, -7.917376979496137 ], [ 110.451782313251016, -7.917376979496137 ], [ 110.451782313251016, -7.916481343499651 ] ] ] ] } },
{ "type": "Feature", "properties": { "Kelas": "Sedang", "SKOR_LONGSOR": 3 }, "geometry": { "type": "MultiPolygon", "coordinates": [ [ [ [ 110.457172204955739, -7.916481343499651 ], [ 110.458070520239843, -7.916481343499651 ], [ 110.458070520239843, -7.917376979496137 ], [ 110.457172204955739, -7.917376979496137 ], [ 110.457172204955739, -7.916481343499651 ] ] ] ] } },
{ "type": "Feature", "properties": { "Kelas": "Cukup Tinggi", "SKOR_LONGSOR": 4 }, "geometry": { "type": "MultiPolygon", "coordinates": [ [ [ [ 110.488613239899905, -7.916481343499651 ], [ 110.489511555184038, -7.916481343499651 ], [ 110.489511555184038, -7.917376979496137 ], [ 110.488613239899905, -7.917376979496137 ], [ 110.488613239899905, -7.916481343499651 ] ] ] ] } },
{ "type": "Feature", "properties": { "Kelas": "Sedang", "SKOR_LONGSOR": 3 }, "geometry": { "type": "MultiPolygon", "coordinates": [ [ [ [ 110.489511555184038, -7.916481343499651 ], [ 110.490409870468142, -7.916481343499651 ], [ 110.490409870468142, -7.917376979496137 ], [ 110.489511555184038, -7.917376979496137 ], [ 110.489511555184038, -7.916481343499651 ] ] ] ] } },
{ "type": "Feature", "properties": { "Kelas": "Cukup Tinggi", "SKOR_LONGSOR": 4 }, "geometry": { "type": "MultiPolygon", "coordinates": [ [ [ [ 110.4947057, -7.9178895 ], [ 110.4943761, -7.9182399 ], [ 110.494348964127923, -7.918272613520002 ], [ 110.494003131604615, -7.918272613520002 ], [ 110.494003131604615, -7.916481343499651 ], [ 110.494901446888747, -7.916481343499651 ], [ 110.494901446888747, -7.917662396296597 ], [ 110.4947057, -7.9178895 ] ] ] ] } },
{ "type": "Feature", "properties": { "Kelas": "Sangat Rendah", "SKOR_LONGSOR": 1 }, "geometry": { "type": "MultiPolygon", "coordinates": [ [ [ [ 110.396086765635602, -7.917376979496137 ], [ 110.39698508091972, -7.917376979496137 ], [ 110.39698508091972, -7.918272613520002 ], [ 110.396086765635602, -7.918272613520002 ], [ 110.396086765635602, -7.917376979496137 ] ] ] ] } },
{ "type": "Feature", "properties": { "Kelas": "Sangat Rendah", "SKOR_LONGSOR": 1 }, "geometry": { "type": "MultiPolygon", "coordinates": [ [ [ [ 110.400578342056193, -7.917376979496137 ], [ 110.401476657340311, -7.917376979496137 ], [ 110.401476657340311, -7.918272613520002 ], [ 110.400578342056193, -7.918272613520002 ], [ 110.400578342056193, -7.917376979496137 ] ] ] ] } },
{ "type": "Feature", "properties": { "Kelas": "Sedang", "SKOR_LONGSOR": 3 }, "geometry": { "type": "MultiPolygon", "coordinates": [ [ [ [ 110.414951386602112, -7.917376979496137 ], [ 110.415849701886231, -7.917376979496137 ], [ 110.415849701886231, -7.918272613520002 ], [ 110.414951386602112, -7.918272613520002 ], [ 110.414951386602112, -7.917376979496137 ] ] ] ] } },
{ "type": "Feature", "properties": { "Kelas": "Tinggi", "SKOR_LONGSOR": 0 }, "geometry": { "type": "MultiPolygon", "coordinates": [ [ [ [ 110.433816007568609, -7.917376979496137 ], [ 110.434714322852741, -7.917376979496137 ], [ 110.434714322852741, -7.918272613520002 ], [ 110.433816007568609, -7.918272613520002 ], [ 110.433816007568609, -7.917376979496137 ] ] ] ] } },
{ "type": "Feature", "properties": { "Kelas": "Cukup Rendah", "SKOR_LONGSOR": 2 }, "geometry": { "type": "MultiPolygon", "coordinates": [ [ [ [ 110.441002529841569, -7.917376979496137 ], [ 110.441900845125701, -7.917376979496137 ], [ 110.441900845125701, -7.918272613520002 ], [ 110.441002529841569, -7.918272613520002 ], [ 110.441002529841569, -7.917376979496137 ] ] ] ] } },
{ "type": "Feature", "properties": { "Kelas": "Sangat Rendah", "SKOR_LONGSOR": 1 }, "geometry": { "type": "MultiPolygon", "coordinates": [ [ [ [ 110.445494106262174, -7.917376979496137 ], [ 110.446392421546292, -7.917376979496137 ], [ 110.446392421546292, -7.918272613520002 ], [ 110.445494106262174, -7.918272613520002 ], [ 110.445494106262174, -7.917376979496137 ] ] ] ] } },
{ "type": "Feature", "properties": { "Kelas": "Cukup Rendah", "SKOR_LONGSOR": 2 }, "geometry": { "type": "MultiPolygon", "coordinates": [ [ [ [ 110.446392421546292, -7.917376979496137 ], [ 110.447290736830411, -7.917376979496137 ], [ 110.447290736830411, -7.918272613520002 ], [ 110.446392421546292, -7.918272613520002 ], [ 110.446392421546292, -7.917376979496137 ] ] ] ] } },
{ "type": "Feature", "properties": { "Kelas": "Sedang", "SKOR_LONGSOR": 3 }, "geometry": { "type": "MultiPolygon", "coordinates": [ [ [ [ 110.456273889671607, -7.917376979496137 ], [ 110.457172204955739, -7.917376979496137 ], [ 110.457172204955739, -7.918272613520002 ], [ 110.456273889671607, -7.918272613520002 ], [ 110.456273889671607, -7.917376979496137 ] ] ] ] } },
{ "type": "Feature", "properties": { "Kelas": "Sedang", "SKOR_LONGSOR": 3 }, "geometry": { "type": "MultiPolygon", "coordinates": [ [ [ [ 110.490409870468142, -7.917376979496137 ], [ 110.491308185752274, -7.917376979496137 ], [ 110.491308185752274, -7.918272613520002 ], [ 110.490409870468142, -7.918272613520002 ], [ 110.490409870468142, -7.917376979496137 ] ] ] ] } },
{ "type": "Feature", "properties": { "Kelas": "Sangat Rendah", "SKOR_LONGSOR": 1 }, "geometry": { "type": "MultiPolygon", "coordinates": [ [ [ [ 110.441002529841569, -7.915585705530765 ], [ 110.441900845125701, -7.915585705530765 ], [ 110.441900845125701, -7.916481343499651 ], [ 110.442799160409805, -7.916481343499651 ], [ 110.442799160409805, -7.917376979496137 ], [ 110.443697475693938, -7.917376979496137 ], [ 110.443697475693938, -7.919168245571034 ], [ 110.441900845125701, -7.919168245571034 ], [ 110.441900845125701, -7.917376979496137 ], [ 110.441002529841569, -7.917376979496137 ], [ 110.441002529841569, -7.915585705530765 ] ] ] ] } },
{ "type": "Feature", "properties": { "Kelas": "Cukup Tinggi", "SKOR_LONGSOR": 4 }, "geometry": { "type": "MultiPolygon", "coordinates": [ [ [ [ 110.407764864329152, -7.916481343499651 ], [ 110.408663179613271, -7.916481343499651 ], [ 110.408663179613271, -7.918272613520002 ], [ 110.407764864329152, -7.918272613520002 ], [ 110.407764864329152, -7.919168245571034 ], [ 110.406866549045034, -7.919168245571034 ], [ 110.406866549045034, -7.917376979496137 ], [ 110.407764864329152, -7.917376979496137 ], [ 110.407764864329152, -7.916481343499651 ] ] ] ] } },
{ "type": "Feature", "properties": { "Kelas": "Cukup Tinggi", "SKOR_LONGSOR": 4 }, "geometry": { "type": "MultiPolygon", "coordinates": [ [ [ [ 110.413154756033876, -7.917376979496137 ], [ 110.414053071317994, -7.917376979496137 ], [ 110.414053071317994, -7.919168245571034 ], [ 110.413154756033876, -7.919168245571034 ], [ 110.413154756033876, -7.917376979496137 ] ] ] ] } },
{ "type": "Feature", "properties": { "Kelas": "Cukup Rendah", "SKOR_LONGSOR": 2 }, "geometry": { "type": "MultiPolygon", "coordinates": [ [ [ [ 110.414053071317994, -7.917376979496137 ], [ 110.414951386602112, -7.917376979496137 ], [ 110.414951386602112, -7.918272613520002 ], [ 110.419442963022703, -7.918272613520002 ], [ 110.419442963022703, -7.920063875649016 ], [ 110.417646332454467, -7.920063875649016 ], [ 110.417646332454467, -7.920959503753727 ], [ 110.414951386602112, -7.920959503753727 ], [ 110.414951386602112, -7.920063875649016 ], [ 110.414053071317994, -7.920063875649016 ], [ 110.414053071317994, -7.917376979496137 ] ] ] ] } },
{ "type": "Feature", "properties": { "Kelas": "Cukup Tinggi", "SKOR_LONGSOR": 4 }, "geometry": { "type": "MultiPolygon", "coordinates": [ [ [ [ 110.430222746432136, -7.917376979496137 ], [ 110.433816007568609, -7.917376979496137 ], [ 110.433816007568609, -7.919168245571034 ], [ 110.432917692284505, -7.919168245571034 ], [ 110.432917692284505, -7.918272613520002 ], [ 110.430222746432136, -7.918272613520002 ], [ 110.430222746432136, -7.917376979496137 ] ] ] ] } },
{ "type": "Feature", "properties": { "Kelas": "Cukup Rendah", "SKOR_LONGSOR": 2 }, "geometry": { "type": "MultiPolygon", "coordinates": [ [ [ [ 110.488613239899905, -7.917376979496137 ], [ 110.490409870468142, -7.917376979496137 ], [ 110.490409870468142, -7.918272613520002 ], [ 110.491308185752274, -7.918272613520002 ], [ 110.491308185752274, -7.920063875649016 ], [ 110.489511555184038, -7.920063875649016 ], [ 110.489511555184038, -7.919168245571034 ], [ 110.488613239899905, -7.919168245571034 ], [ 110.488613239899905, -7.917376979496137 ] ] ] ] } },
{ "type": "Feature", "properties": { "Kelas": "Tinggi", "SKOR_LONGSOR": 0 }, "geometry": { "type": "MultiPolygon", "coordinates": [ [ [ [ 110.493104816320511, -7.916481343499651 ], [ 110.494003131604615, -7.916481343499651 ], [ 110.494003131604615, -7.918272613520002 ], [ 110.493104816320511, -7.918272613520002 ], [ 110.493104816320511, -7.919168245571034 ], [ 110.492206501036378, -7.919168245571034 ], [ 110.492206501036378, -7.917376979496137 ], [ 110.493104816320511, -7.917376979496137 ], [ 110.493104816320511, -7.916481343499651 ] ] ] ] } },
{ "type": "Feature", "properties": { "Kelas": "Sangat Rendah", "SKOR_LONGSOR": 1 }, "geometry": { "type": "MultiPolygon", "coordinates": [ [ [ [ 110.399680026772074, -7.918272613520002 ], [ 110.400578342056193, -7.918272613520002 ], [ 110.400578342056193, -7.919168245571034 ], [ 110.399680026772074, -7.919168245571034 ], [ 110.399680026772074, -7.918272613520002 ] ] ] ] } },
{ "type": "Feature", "properties": { "Kelas": "Sangat Rendah", "SKOR_LONGSOR": 1 }, "geometry": { "type": "MultiPolygon", "coordinates": [ [ [ [ 110.403273287908561, -7.918272613520002 ], [ 110.40417160319268, -7.918272613520002 ], [ 110.40417160319268, -7.919168245571034 ], [ 110.403273287908561, -7.919168245571034 ], [ 110.403273287908561, -7.918272613520002 ] ] ] ] } },
{ "type": "Feature", "properties": { "Kelas": "Sedang", "SKOR_LONGSOR": 3 }, "geometry": { "type": "MultiPolygon", "coordinates": [ [ [ [ 110.458070520239843, -7.918272613520002 ], [ 110.458968835523976, -7.918272613520002 ], [ 110.458968835523976, -7.919168245571034 ], [ 110.458070520239843, -7.919168245571034 ], [ 110.458070520239843, -7.918272613520002 ] ] ] ] } },
{ "type": "Feature", "properties": { "Kelas": "Tinggi", "SKOR_LONGSOR": 0 }, "geometry": { "type": "MultiPolygon", "coordinates": [ [ [ [ 110.494348964127923, -7.918272613520002 ], [ 110.494003131604615, -7.918689530254311 ], [ 110.494003131604615, -7.918272613520002 ], [ 110.494348964127923, -7.918272613520002 ] ] ], [ [ [ 110.4952229, -7.917313 ], [ 110.4949785, -7.917573 ], [ 110.494901446888747, -7.917662396296597 ], [ 110.494901446888747, -7.916481343499651 ], [ 110.495517599651976, -7.916481343499651 ], [ 110.4954936, -7.9168057 ], [ 110.4953766, -7.9171142 ], [ 110.4952229, -7.917313 ] ] ] ] } },
{ "type": "Feature", "properties": { "Kelas": "Sangat Rendah", "SKOR_LONGSOR": 1 }, "geometry": { "type": "MultiPolygon", "coordinates": [ [ [ [ 110.397883396203838, -7.919168245571034 ], [ 110.398781711487956, -7.919168245571034 ], [ 110.398781711487956, -7.920063875649016 ], [ 110.397883396203838, -7.920063875649016 ], [ 110.397883396203838, -7.919168245571034 ] ] ] ] } },
{ "type": "Feature", "properties": { "Kelas": "Cukup Tinggi", "SKOR_LONGSOR": 4 }, "geometry": { "type": "MultiPolygon", "coordinates": [ [ [ [ 110.412256440749744, -7.919168245571034 ], [ 110.413154756033876, -7.919168245571034 ], [ 110.413154756033876, -7.920063875649016 ], [ 110.412256440749744, -7.920063875649016 ], [ 110.412256440749744, -7.919168245571034 ] ] ] ] } },
{ "type": "Feature", "properties": { "Kelas": "Sedang", "SKOR_LONGSOR": 3 }, "geometry": { "type": "MultiPolygon", "coordinates": [ [ [ [ 110.413154756033876, -7.919168245571034 ], [ 110.414053071317994, -7.919168245571034 ], [ 110.414053071317994, -7.920063875649016 ], [ 110.413154756033876, -7.920063875649016 ], [ 110.413154756033876, -7.919168245571034 ] ] ] ] } },
{ "type": "Feature", "properties": { "Kelas": "Sedang", "SKOR_LONGSOR": 3 }, "geometry": { "type": "MultiPolygon", "coordinates": [ [ [ [ 110.432917692284505, -7.919168245571034 ], [ 110.433816007568609, -7.919168245571034 ], [ 110.433816007568609, -7.920063875649016 ], [ 110.432917692284505, -7.920063875649016 ], [ 110.432917692284505, -7.919168245571034 ] ] ] ] } },
{ "type": "Feature", "properties": { "Kelas": "Sedang", "SKOR_LONGSOR": 3 }, "geometry": { "type": "MultiPolygon", "coordinates": [ [ [ [ 110.445494106262174, -7.919168245571034 ], [ 110.446392421546292, -7.919168245571034 ], [ 110.446392421546292, -7.920959503753727 ], [ 110.445494106262174, -7.920959503753727 ], [ 110.445494106262174, -7.919168245571034 ] ] ] ] } },
{ "type": "Feature", "properties": { "Kelas": "Sangat Rendah", "SKOR_LONGSOR": 1 }, "geometry": { "type": "MultiPolygon", "coordinates": [ [ [ [ 110.405069918476798, -7.920063875649016 ], [ 110.405968233760916, -7.920063875649016 ], [ 110.405968233760916, -7.920959503753727 ], [ 110.405069918476798, -7.920959503753727 ], [ 110.405069918476798, -7.920063875649016 ] ] ] ] } },
{ "type": "Feature", "properties": { "Kelas": "Cukup Tinggi", "SKOR_LONGSOR": 4 }, "geometry": { "type": "MultiPolygon", "coordinates": [ [ [ [ 110.413154756033876, -7.920063875649016 ], [ 110.414951386602112, -7.920063875649016 ], [ 110.414951386602112, -7.920959503753727 ], [ 110.416748017170349, -7.920959503753727 ], [ 110.416748017170349, -7.921855129884956 ], [ 110.413154756033876, -7.921855129884956 ], [ 110.413154756033876, -7.920063875649016 ] ] ] ] } },
{ "type": "Feature", "properties": { "Kelas": "Tinggi", "SKOR_LONGSOR": 0 }, "geometry": { "type": "MultiPolygon", "coordinates": [ [ [ [ 110.42123959359094, -7.920063875649016 ], [ 110.422137908875072, -7.920063875649016 ], [ 110.422137908875072, -7.920959503753727 ], [ 110.42123959359094, -7.920959503753727 ], [ 110.42123959359094, -7.920063875649016 ] ] ] ] } },
{ "type": "Feature", "properties": { "Kelas": "Sedang", "SKOR_LONGSOR": 3 }, "geometry": { "type": "MultiPolygon", "coordinates": [ [ [ [ 110.429324431148018, -7.920063875649016 ], [ 110.430222746432136, -7.920063875649016 ], [ 110.430222746432136, -7.920959503753727 ], [ 110.429324431148018, -7.920959503753727 ], [ 110.429324431148018, -7.920063875649016 ] ] ] ] } },
{ "type": "Feature", "properties": { "Kelas": "Sangat Rendah", "SKOR_LONGSOR": 1 }, "geometry": { "type": "MultiPolygon", "coordinates": [ [ [ [ 110.444595790978042, -7.919168245571034 ], [ 110.445494106262174, -7.919168245571034 ], [ 110.445494106262174, -7.920959503753727 ], [ 110.444595790978042, -7.920959503753727 ], [ 110.444595790978042, -7.921855129884956 ], [ 110.443697475693938, -7.921855129884956 ], [ 110.443697475693938, -7.920063875649016 ], [ 110.444595790978042, -7.920063875649016 ], [ 110.444595790978042, -7.919168245571034 ] ] ] ] } },
{ "type": "Feature", "properties": { "Kelas": "Tinggi", "SKOR_LONGSOR": 0 }, "geometry": { "type": "MultiPolygon", "coordinates": [ [ [ [ 110.456273889671607, -7.904837896136063 ], [ 110.457172204955739, -7.904837896136063 ], [ 110.457172204955739, -7.905733557756797 ], [ 110.458070520239843, -7.905733557756797 ], [ 110.458070520239843, -7.906629217407741 ], [ 110.458968835523976, -7.906629217407741 ], [ 110.458968835523976, -7.909316184539641 ], [ 110.458070520239843, -7.909316184539641 ], [ 110.458070520239843, -7.91110748610796 ], [ 110.458968835523976, -7.91110748610796 ], [ 110.458968835523976, -7.914690065589704 ], [ 110.458070520239843, -7.914690065589704 ], [ 110.458070520239843, -7.916481343499651 ], [ 110.457172204955739, -7.916481343499651 ], [ 110.457172204955739, -7.917376979496137 ], [ 110.456273889671607, -7.917376979496137 ], [ 110.456273889671607, -7.919168245571034 ], [ 110.455375574387489, -7.919168245571034 ], [ 110.455375574387489, -7.920063875649016 ], [ 110.454477259103371, -7.920063875649016 ], [ 110.454477259103371, -7.920959503753727 ], [ 110.453578943819252, -7.920959503753727 ], [ 110.453578943819252, -7.921855129884956 ], [ 110.451782313251016, -7.921855129884956 ], [ 110.451782313251016, -7.920959503753727 ], [ 110.450883997966883, -7.920959503753727 ], [ 110.450883997966883, -7.920063875649016 ], [ 110.451782313251016, -7.920063875649016 ], [ 110.451782313251016, -7.917376979496137 ], [ 110.453578943819252, -7.917376979496137 ], [ 110.453578943819252, -7.916481343499651 ], [ 110.454477259103371, -7.916481343499651 ], [ 110.454477259103371, -7.91379442367667 ], [ 110.455375574387489, -7.91379442367667 ], [ 110.455375574387489, -7.912003133935582 ], [ 110.454477259103371, -7.912003133935582 ], [ 110.454477259103371, -7.91110748610796 ], [ 110.455375574387489, -7.91110748610796 ], [ 110.455375574387489, -7.909316184539641 ], [ 110.456273889671607, -7.909316184539641 ], [ 110.456273889671607, -7.904837896136063 ] ] ] ] } },
{ "type": "Feature", "properties": { "Kelas": "Cukup Rendah", "SKOR_LONGSOR": 2 }, "geometry": { "type": "MultiPolygon", "coordinates": [ [ [ [ 110.491308185752274, -7.920063875649016 ], [ 110.492206501036378, -7.920063875649016 ], [ 110.492206501036378, -7.920959503753727 ], [ 110.493104816320511, -7.920959503753727 ], [ 110.493104816320511, -7.921855129884956 ], [ 110.491308185752274, -7.921855129884956 ], [ 110.491308185752274, -7.920063875649016 ] ] ] ] } },
{ "type": "Feature", "properties": { "Kelas": "Sedang", "SKOR_LONGSOR": 3 }, "geometry": { "type": "MultiPolygon", "coordinates": [ [ [ [ 110.401476657340311, -7.920959503753727 ], [ 110.402374972624443, -7.920959503753727 ], [ 110.402374972624443, -7.921855129884956 ], [ 110.401476657340311, -7.921855129884956 ], [ 110.401476657340311, -7.920959503753727 ] ] ] ] } },
{ "type": "Feature", "properties": { "Kelas": "Tinggi", "SKOR_LONGSOR": 0 }, "geometry": { "type": "MultiPolygon", "coordinates": [ [ [ [ 110.405069918476798, -7.920959503753727 ], [ 110.405968233760916, -7.920959503753727 ], [ 110.405968233760916, -7.921855129884956 ], [ 110.405069918476798, -7.921855129884956 ], [ 110.405069918476798, -7.920959503753727 ] ] ] ] } },
{ "type": "Feature", "properties": { "Kelas": "Cukup Tinggi", "SKOR_LONGSOR": 4 }, "geometry": { "type": "MultiPolygon", "coordinates": [ [ [ [ 110.405968233760916, -7.920959503753727 ], [ 110.406866549045034, -7.920959503753727 ], [ 110.406866549045034, -7.921855129884956 ], [ 110.405968233760916, -7.921855129884956 ], [ 110.405968233760916, -7.920959503753727 ] ] ] ] } },
{ "type": "Feature", "properties": { "Kelas": "Sedang", "SKOR_LONGSOR": 3 }, "geometry": { "type": "MultiPolygon", "coordinates": [ [ [ [ 110.416748017170349, -7.920959503753727 ], [ 110.417646332454467, -7.920959503753727 ], [ 110.417646332454467, -7.921855129884956 ], [ 110.416748017170349, -7.921855129884956 ], [ 110.416748017170349, -7.920959503753727 ] ] ] ] } },
{ "type": "Feature", "properties": { "Kelas": "Cukup Rendah", "SKOR_LONGSOR": 2 }, "geometry": { "type": "MultiPolygon", "coordinates": [ [ [ [ 110.417646332454467, -7.920959503753727 ], [ 110.419442963022703, -7.920959503753727 ], [ 110.419442963022703, -7.921855129884956 ], [ 110.417646332454467, -7.921855129884956 ], [ 110.417646332454467, -7.920959503753727 ] ] ] ] } },
{ "type": "Feature", "properties": { "Kelas": "Sedang", "SKOR_LONGSOR": 3 }, "geometry": { "type": "MultiPolygon", "coordinates": [ [ [ [ 110.419442963022703, -7.920959503753727 ], [ 110.420341278306836, -7.920959503753727 ], [ 110.420341278306836, -7.921855129884956 ], [ 110.419442963022703, -7.921855129884956 ], [ 110.419442963022703, -7.920959503753727 ] ] ] ] } },
{ "type": "Feature", "properties": { "Kelas": "Cukup Tinggi", "SKOR_LONGSOR": 4 }, "geometry": { "type": "MultiPolygon", "coordinates": [ [ [ [ 110.444595790978042, -7.920959503753727 ], [ 110.446392421546292, -7.920959503753727 ], [ 110.446392421546292, -7.921855129884956 ], [ 110.444595790978042, -7.921855129884956 ], [ 110.444595790978042, -7.920959503753727 ] ] ] ] } },
{ "type": "Feature", "properties": { "Kelas": "Sedang", "SKOR_LONGSOR": 3 }, "geometry": { "type": "MultiPolygon", "coordinates": [ [ [ [ 110.458070520239843, -7.920959503753727 ], [ 110.458968835523976, -7.920959503753727 ], [ 110.458968835523976, -7.921855129884956 ], [ 110.458070520239843, -7.921855129884956 ], [ 110.458070520239843, -7.920959503753727 ] ] ] ] } },
{ "type": "Feature", "properties": { "Kelas": "Cukup Rendah", "SKOR_LONGSOR": 2 }, "geometry": { "type": "MultiPolygon", "coordinates": [ [ [ [ 110.413154756033876, -7.921855129884956 ], [ 110.417646332454467, -7.921855129884956 ], [ 110.417646332454467, -7.922750754042478 ], [ 110.416748017170349, -7.922750754042478 ], [ 110.416748017170349, -7.923646376226084 ], [ 110.414951386602112, -7.923646376226084 ], [ 110.414951386602112, -7.922750754042478 ], [ 110.413154756033876, -7.922750754042478 ], [ 110.413154756033876, -7.921855129884956 ] ] ] ] } },
{ "type": "Feature", "properties": { "Kelas": "Sedang", "SKOR_LONGSOR": 3 }, "geometry": { "type": "MultiPolygon", "coordinates": [ [ [ [ 110.417646332454467, -7.921855129884956 ], [ 110.418544647738585, -7.921855129884956 ], [ 110.418544647738585, -7.922750754042478 ], [ 110.417646332454467, -7.922750754042478 ], [ 110.417646332454467, -7.921855129884956 ] ] ] ] } },
{ "type": "Feature", "properties": { "Kelas": "Sedang", "SKOR_LONGSOR": 3 }, "geometry": { "type": "MultiPolygon", "coordinates": [ [ [ [ 110.451782313251016, -7.921855129884956 ], [ 110.453578943819252, -7.921855129884956 ], [ 110.453578943819252, -7.922750754042478 ], [ 110.451782313251016, -7.922750754042478 ], [ 110.451782313251016, -7.921855129884956 ] ] ] ] } },
{ "type": "Feature", "properties": { "Kelas": "Tinggi", "SKOR_LONGSOR": 0 }, "geometry": { "type": "MultiPolygon", "coordinates": [ [ [ [ 110.456273889671607, -7.921855129884956 ], [ 110.457172204955739, -7.921855129884956 ], [ 110.457172204955739, -7.922750754042478 ], [ 110.456273889671607, -7.922750754042478 ], [ 110.456273889671607, -7.921855129884956 ] ] ] ] } },
{ "type": "Feature", "properties": { "Kelas": "Sangat Rendah", "SKOR_LONGSOR": 1 }, "geometry": { "type": "MultiPolygon", "coordinates": [ [ [ [ 110.458070520239843, -7.921855129884956 ], [ 110.458968835523976, -7.921855129884956 ], [ 110.458968835523976, -7.922750754042478 ], [ 110.458070520239843, -7.922750754042478 ], [ 110.458070520239843, -7.921855129884956 ] ] ] ] } },
{ "type": "Feature", "properties": { "Kelas": "Cukup Rendah", "SKOR_LONGSOR": 2 }, "geometry": { "type": "MultiPolygon", "coordinates": [ [ [ [ 110.487714924615787, -7.921855129884956 ], [ 110.488613239899905, -7.921855129884956 ], [ 110.488613239899905, -7.923646376226084 ], [ 110.487714924615787, -7.923646376226084 ], [ 110.487714924615787, -7.921855129884956 ] ] ] ] } },
{ "type": "Feature", "properties": { "Kelas": "Sedang", "SKOR_LONGSOR": 3 }, "geometry": { "type": "MultiPolygon", "coordinates": [ [ [ [ 110.488613239899905, -7.921855129884956 ], [ 110.489511555184038, -7.921855129884956 ], [ 110.489511555184038, -7.922750754042478 ], [ 110.488613239899905, -7.922750754042478 ], [ 110.488613239899905, -7.921855129884956 ] ] ] ] } },
{ "type": "Feature", "properties": { "Kelas": "Tinggi", "SKOR_LONGSOR": 0 }, "geometry": { "type": "MultiPolygon", "coordinates": [ [ [ [ 110.491308185752274, -7.921855129884956 ], [ 110.492206501036378, -7.921855129884956 ], [ 110.492206501036378, -7.922750754042478 ], [ 110.491308185752274, -7.922750754042478 ], [ 110.491308185752274, -7.921855129884956 ] ] ] ] } },
{ "type": "Feature", "properties": { "Kelas": "Sangat Rendah", "SKOR_LONGSOR": 1 }, "geometry": { "type": "MultiPolygon", "coordinates": [ [ [ [ 110.395188450351469, -7.922750754042478 ], [ 110.396086765635602, -7.922750754042478 ], [ 110.396086765635602, -7.923646376226084 ], [ 110.395188450351469, -7.923646376226084 ], [ 110.395188450351469, -7.922750754042478 ] ] ] ] } },
{ "type": "Feature", "properties": { "Kelas": "Tinggi", "SKOR_LONGSOR": 0 }, "geometry": { "type": "MultiPolygon", "coordinates": [ [ [ [ 110.423934539443309, -7.908420530799381 ], [ 110.424832854727427, -7.908420530799381 ], [ 110.424832854727427, -7.909316184539641 ], [ 110.425731170011545, -7.909316184539641 ], [ 110.425731170011545, -7.910211836309236 ], [ 110.426629485295663, -7.910211836309236 ], [ 110.426629485295663, -7.91110748610796 ], [ 110.423934539443309, -7.91110748610796 ], [ 110.423934539443309, -7.912003133935582 ], [ 110.423036224159176, -7.912003133935582 ], [ 110.423036224159176, -7.912898779791892 ], [ 110.422137908875072, -7.912898779791892 ], [ 110.422137908875072, -7.91379442367667 ], [ 110.420341278306836, -7.91379442367667 ], [ 110.420341278306836, -7.914690065589704 ], [ 110.419442963022703, -7.914690065589704 ], [ 110.419442963022703, -7.91379442367667 ], [ 110.416748017170349, -7.91379442367667 ], [ 110.416748017170349, -7.912898779791892 ], [ 110.415849701886231, -7.912898779791892 ], [ 110.415849701886231, -7.912003133935582 ], [ 110.412256440749744, -7.912003133935582 ], [ 110.412256440749744, -7.912898779791892 ], [ 110.413154756033876, -7.912898779791892 ], [ 110.413154756033876, -7.91379442367667 ], [ 110.415849701886231, -7.91379442367667 ], [ 110.415849701886231, -7.914690065589704 ], [ 110.414951386602112, -7.914690065589704 ], [ 110.414951386602112, -7.916481343499651 ], [ 110.414053071317994, -7.916481343499651 ], [ 110.414053071317994, -7.917376979496137 ], [ 110.413154756033876, -7.917376979496137 ], [ 110.413154756033876, -7.919168245571034 ], [ 110.412256440749744, -7.919168245571034 ], [ 110.412256440749744, -7.920063875649016 ], [ 110.413154756033876, -7.920063875649016 ], [ 110.413154756033876, -7.921855129884956 ], [ 110.412256440749744, -7.921855129884956 ], [ 110.412256440749744, -7.923646376226084 ], [ 110.405968233760916, -7.923646376226084 ], [ 110.405968233760916, -7.92454199643555 ], [ 110.405069918476798, -7.92454199643555 ], [ 110.405069918476798, -7.922750754042478 ], [ 110.405968233760916, -7.922750754042478 ], [ 110.405968233760916, -7.921855129884956 ], [ 110.406866549045034, -7.921855129884956 ], [ 110.406866549045034, -7.920063875649016 ], [ 110.409561494897403, -7.920063875649016 ], [ 110.409561494897403, -7.919168245571034 ], [ 110.407764864329152, -7.919168245571034 ], [ 110.407764864329152, -7.918272613520002 ], [ 110.408663179613271, -7.918272613520002 ], [ 110.408663179613271, -7.916481343499651 ], [ 110.409561494897403, -7.916481343499651 ], [ 110.409561494897403, -7.91379442367667 ], [ 110.41135812546564, -7.91379442367667 ], [ 110.41135812546564, -7.91110748610796 ], [ 110.413154756033876, -7.91110748610796 ], [ 110.413154756033876, -7.910211836309236 ], [ 110.414053071317994, -7.910211836309236 ], [ 110.414053071317994, -7.91110748610796 ], [ 110.416748017170349, -7.91110748610796 ], [ 110.416748017170349, -7.912003133935582 ], [ 110.418544647738585, -7.912003133935582 ], [ 110.418544647738585, -7.912898779791892 ], [ 110.419442963022703, -7.912898779791892 ], [ 110.419442963022703, -7.910211836309236 ], [ 110.42123959359094, -7.910211836309236 ], [ 110.42123959359094, -7.909316184539641 ], [ 110.423934539443309, -7.909316184539641 ], [ 110.423934539443309, -7.908420530799381 ] ] ] ] } },
{ "type": "Feature", "properties": { "Kelas": "Cukup Tinggi", "SKOR_LONGSOR": 4 }, "geometry": { "type": "MultiPolygon", "coordinates": [ [ [ [ 110.426629485295663, -7.901255229959533 ], [ 110.427527800579782, -7.901255229959533 ], [ 110.427527800579782, -7.90304656698608 ], [ 110.429324431148018, -7.90304656698608 ], [ 110.429324431148018, -7.90394223254575 ], [ 110.4284261158639, -7.90394223254575 ], [ 110.4284261158639, -7.904837896136063 ], [ 110.430222746432136, -7.904837896136063 ], [ 110.430222746432136, -7.907524875088675 ], [ 110.431121061716269, -7.907524875088675 ], [ 110.431121061716269, -7.908420530799381 ], [ 110.432019377000373, -7.908420530799381 ], [ 110.432019377000373, -7.909316184539641 ], [ 110.431121061716269, -7.909316184539641 ], [ 110.431121061716269, -7.91110748610796 ], [ 110.429324431148018, -7.91110748610796 ], [ 110.429324431148018, -7.91379442367667 ], [ 110.427527800579782, -7.91379442367667 ], [ 110.427527800579782, -7.912003133935582 ], [ 110.426629485295663, -7.912003133935582 ], [ 110.426629485295663, -7.912898779791892 ], [ 110.424832854727427, -7.912898779791892 ], [ 110.424832854727427, -7.91379442367667 ], [ 110.423934539443309, -7.91379442367667 ], [ 110.423934539443309, -7.914690065589704 ], [ 110.423036224159176, -7.914690065589704 ], [ 110.423036224159176, -7.917376979496137 ], [ 110.423934539443309, -7.917376979496137 ], [ 110.423934539443309, -7.918272613520002 ], [ 110.423036224159176, -7.918272613520002 ], [ 110.423036224159176, -7.919168245571034 ], [ 110.422137908875072, -7.919168245571034 ], [ 110.422137908875072, -7.920063875649016 ], [ 110.423036224159176, -7.920063875649016 ], [ 110.423036224159176, -7.920959503753727 ], [ 110.425731170011545, -7.920959503753727 ], [ 110.425731170011545, -7.922750754042478 ], [ 110.424832854727427, -7.922750754042478 ], [ 110.424832854727427, -7.923646376226084 ], [ 110.42123959359094, -7.923646376226084 ], [ 110.42123959359094, -7.92454199643555 ], [ 110.419442963022703, -7.92454199643555 ], [ 110.419442963022703, -7.923646376226084 ], [ 110.416748017170349, -7.923646376226084 ], [ 110.416748017170349, -7.922750754042478 ], [ 110.418544647738585, -7.922750754042478 ], [ 110.418544647738585, -7.921855129884956 ], [ 110.420341278306836, -7.921855129884956 ], [ 110.420341278306836, -7.920959503753727 ], [ 110.417646332454467, -7.920959503753727 ], [ 110.417646332454467, -7.920063875649016 ], [ 110.419442963022703, -7.920063875649016 ], [ 110.419442963022703, -7.918272613520002 ], [ 110.415849701886231, -7.918272613520002 ], [ 110.415849701886231, -7.917376979496137 ], [ 110.414053071317994, -7.917376979496137 ], [ 110.414053071317994, -7.916481343499651 ], [ 110.414951386602112, -7.916481343499651 ], [ 110.414951386602112, -7.914690065589704 ], [ 110.415849701886231, -7.914690065589704 ], [ 110.415849701886231, -7.916481343499651 ], [ 110.417646332454467, -7.916481343499651 ], [ 110.417646332454467, -7.917376979496137 ], [ 110.418544647738585, -7.917376979496137 ], [ 110.418544647738585, -7.915585705530765 ], [ 110.417646332454467, -7.915585705530765 ], [ 110.417646332454467, -7.914690065589704 ], [ 110.416748017170349, -7.914690065589704 ], [ 110.416748017170349, -7.91379442367667 ], [ 110.419442963022703, -7.91379442367667 ], [ 110.419442963022703, -7.914690065589704 ], [ 110.420341278306836, -7.914690065589704 ], [ 110.420341278306836, -7.91379442367667 ], [ 110.422137908875072, -7.91379442367667 ], [ 110.422137908875072, -7.912898779791892 ], [ 110.423036224159176, -7.912898779791892 ], [ 110.423036224159176, -7.912003133935582 ], [ 110.423934539443309, -7.912003133935582 ], [ 110.423934539443309, -7.91110748610796 ], [ 110.4284261158639, -7.91110748610796 ], [ 110.4284261158639, -7.909316184539641 ], [ 110.427527800579782, -7.909316184539641 ], [ 110.427527800579782, -7.907524875088675 ], [ 110.424832854727427, -7.907524875088675 ], [ 110.424832854727427, -7.906629217407741 ], [ 110.423036224159176, -7.906629217407741 ], [ 110.423036224159176, -7.905733557756797 ], [ 110.423934539443309, -7.905733557756797 ], [ 110.423934539443309, -7.901255229959533 ], [ 110.424832854727427, -7.901255229959533 ], [ 110.424832854727427, -7.900359558493093 ], [ 110.426629485295663, -7.900359558493093 ], [ 110.426629485295663, -7.901255229959533 ] ], [ [ 110.426629485295663, -7.90304656698608 ], [ 110.426629485295663, -7.906629217407741 ], [ 110.427527800579782, -7.906629217407741 ], [ 110.427527800579782, -7.90304656698608 ], [ 110.426629485295663, -7.90304656698608 ] ], [ [ 110.42123959359094, -7.920063875649016 ], [ 110.42123959359094, -7.920959503753727 ], [ 110.422137908875072, -7.920959503753727 ], [ 110.422137908875072, -7.920063875649016 ], [ 110.42123959359094, -7.920063875649016 ] ] ] ] } },
{ "type": "Feature", "properties": { "Kelas": "Sedang", "SKOR_LONGSOR": 3 }, "geometry": { "type": "MultiPolygon", "coordinates": [ [ [ [ 110.424832854727427, -7.922750754042478 ], [ 110.425731170011545, -7.922750754042478 ], [ 110.425731170011545, -7.923646376226084 ], [ 110.424832854727427, -7.923646376226084 ], [ 110.424832854727427, -7.922750754042478 ] ] ] ] } },
{ "type": "Feature", "properties": { "Kelas": "Cukup Tinggi", "SKOR_LONGSOR": 4 }, "geometry": { "type": "MultiPolygon", "coordinates": [ [ [ [ 110.453578943819252, -7.922750754042478 ], [ 110.454477259103371, -7.922750754042478 ], [ 110.454477259103371, -7.923646376226084 ], [ 110.453578943819252, -7.923646376226084 ], [ 110.453578943819252, -7.922750754042478 ] ] ] ] } },
{ "type": "Feature", "properties": { "Kelas": "Tinggi", "SKOR_LONGSOR": 0 }, "geometry": { "type": "MultiPolygon", "coordinates": [ [ [ [ 110.490409870468142, -7.922750754042478 ], [ 110.491308185752274, -7.922750754042478 ], [ 110.491308185752274, -7.92454199643555 ], [ 110.490409870468142, -7.92454199643555 ], [ 110.490409870468142, -7.922750754042478 ] ] ] ] } },
{ "type": "Feature", "properties": { "Kelas": "Sangat Rendah", "SKOR_LONGSOR": 1 }, "geometry": { "type": "MultiPolygon", "coordinates": [ [ [ [ 110.392493504499129, -7.923646376226084 ], [ 110.393391819783233, -7.923646376226084 ], [ 110.393391819783233, -7.92454199643555 ], [ 110.392493504499129, -7.92454199643555 ], [ 110.392493504499129, -7.923646376226084 ] ] ] ] } },
{ "type": "Feature", "properties": { "Kelas": "Sedang", "SKOR_LONGSOR": 3 }, "geometry": { "type": "MultiPolygon", "coordinates": [ [ [ [ 110.406866549045034, -7.923646376226084 ], [ 110.408663179613271, -7.923646376226084 ], [ 110.408663179613271, -7.92454199643555 ], [ 110.406866549045034, -7.92454199643555 ], [ 110.406866549045034, -7.923646376226084 ] ] ] ] } },
{ "type": "Feature", "properties": { "Kelas": "Tinggi", "SKOR_LONGSOR": 0 }, "geometry": { "type": "MultiPolygon", "coordinates": [ [ [ [ 110.413154756033876, -7.923646376226084 ], [ 110.419442963022703, -7.923646376226084 ], [ 110.419442963022703, -7.92454199643555 ], [ 110.413154756033876, -7.92454199643555 ], [ 110.413154756033876, -7.923646376226084 ] ] ] ] } },
{ "type": "Feature", "properties": { "Kelas": "Sedang", "SKOR_LONGSOR": 3 }, "geometry": { "type": "MultiPolygon", "coordinates": [ [ [ [ 110.42123959359094, -7.923646376226084 ], [ 110.422137908875072, -7.923646376226084 ], [ 110.422137908875072, -7.92454199643555 ], [ 110.42123959359094, -7.92454199643555 ], [ 110.42123959359094, -7.923646376226084 ] ] ] ] } },
{ "type": "Feature", "properties": { "Kelas": "Sedang", "SKOR_LONGSOR": 3 }, "geometry": { "type": "MultiPolygon", "coordinates": [ [ [ [ 110.426629485295663, -7.923646376226084 ], [ 110.427527800579782, -7.923646376226084 ], [ 110.427527800579782, -7.92454199643555 ], [ 110.426629485295663, -7.92454199643555 ], [ 110.426629485295663, -7.923646376226084 ] ] ] ] } },
{ "type": "Feature", "properties": { "Kelas": "Tinggi", "SKOR_LONGSOR": 0 }, "geometry": { "type": "MultiPolygon", "coordinates": [ [ [ [ 110.446392421546292, -7.920959503753727 ], [ 110.447290736830411, -7.920959503753727 ], [ 110.447290736830411, -7.923646376226084 ], [ 110.446392421546292, -7.923646376226084 ], [ 110.446392421546292, -7.92454199643555 ], [ 110.443697475693938, -7.92454199643555 ], [ 110.443697475693938, -7.923646376226084 ], [ 110.444595790978042, -7.923646376226084 ], [ 110.444595790978042, -7.921855129884956 ], [ 110.446392421546292, -7.921855129884956 ], [ 110.446392421546292, -7.920959503753727 ] ] ] ] } },
{ "type": "Feature", "properties": { "Kelas": "Sedang", "SKOR_LONGSOR": 3 }, "geometry": { "type": "MultiPolygon", "coordinates": [ [ [ [ 110.449985682682765, -7.923646376226084 ], [ 110.450883997966883, -7.923646376226084 ], [ 110.450883997966883, -7.92454199643555 ], [ 110.449985682682765, -7.92454199643555 ], [ 110.449985682682765, -7.923646376226084 ] ] ] ] } },
{ "type": "Feature", "properties": { "Kelas": "Cukup Tinggi", "SKOR_LONGSOR": 4 }, "geometry": { "type": "MultiPolygon", "coordinates": [ [ [ [ 110.454477259103371, -7.923646376226084 ], [ 110.455375574387489, -7.923646376226084 ], [ 110.455375574387489, -7.92454199643555 ], [ 110.454477259103371, -7.92454199643555 ], [ 110.454477259103371, -7.923646376226084 ] ] ] ] } },
{ "type": "Feature", "properties": { "Kelas": "Sangat Rendah", "SKOR_LONGSOR": 1 }, "geometry": { "type": "MultiPolygon", "coordinates": [ [ [ [ 110.458968835523976, -7.923646376226084 ], [ 110.45986715080808, -7.923646376226084 ], [ 110.45986715080808, -7.92454199643555 ], [ 110.458968835523976, -7.92454199643555 ], [ 110.458968835523976, -7.923646376226084 ] ] ] ] } },
{ "type": "Feature", "properties": { "Kelas": "Tinggi", "SKOR_LONGSOR": 0 }, "geometry": { "type": "MultiPolygon", "coordinates": [ [ [ [ 110.4922923, -7.9236637 ], [ 110.492206501036378, -7.923778739506774 ], [ 110.492206501036378, -7.923646376226084 ], [ 110.492315371296826, -7.923646376226084 ], [ 110.4922923, -7.9236637 ] ] ] ] } },
{ "type": "Feature", "properties": { "Kelas": "Sangat Rendah", "SKOR_LONGSOR": 1 }, "geometry": { "type": "MultiPolygon", "coordinates": [ [ [ [ 110.390696873930878, -7.92454199643555 ], [ 110.391595189214996, -7.92454199643555 ], [ 110.391595189214996, -7.925437614670662 ], [ 110.390696873930878, -7.925437614670662 ], [ 110.390696873930878, -7.92454199643555 ] ] ] ] } },
{ "type": "Feature", "properties": { "Kelas": "Sedang", "SKOR_LONGSOR": 3 }, "geometry": { "type": "MultiPolygon", "coordinates": [ [ [ [ 110.401476657340311, -7.92454199643555 ], [ 110.402374972624443, -7.92454199643555 ], [ 110.402374972624443, -7.925437614670662 ], [ 110.401476657340311, -7.925437614670662 ], [ 110.401476657340311, -7.92454199643555 ] ] ] ] } },
{ "type": "Feature", "properties": { "Kelas": "Sedang", "SKOR_LONGSOR": 3 }, "geometry": { "type": "MultiPolygon", "coordinates": [ [ [ [ 110.454477259103371, -7.92454199643555 ], [ 110.455375574387489, -7.92454199643555 ], [ 110.455375574387489, -7.925437614670662 ], [ 110.454477259103371, -7.925437614670662 ], [ 110.454477259103371, -7.92454199643555 ] ] ] ] } },
{ "type": "Feature", "properties": { "Kelas": "Cukup Rendah", "SKOR_LONGSOR": 2 }, "geometry": { "type": "MultiPolygon", "coordinates": [ [ [ [ 110.458070520239843, -7.922750754042478 ], [ 110.458968835523976, -7.922750754042478 ], [ 110.458968835523976, -7.92454199643555 ], [ 110.460765466092212, -7.92454199643555 ], [ 110.460765466092212, -7.927228845216954 ], [ 110.45986715080808, -7.927228845216954 ], [ 110.45986715080808, -7.926333230931201 ], [ 110.458968835523976, -7.926333230931201 ], [ 110.458968835523976, -7.925437614670662 ], [ 110.458070520239843, -7.925437614670662 ], [ 110.458070520239843, -7.922750754042478 ] ] ] ] } },
{ "type": "Feature", "properties": { "Kelas": "Cukup Rendah", "SKOR_LONGSOR": 2 }, "geometry": { "type": "MultiPolygon", "coordinates": [ [ [ [ 110.406866549045034, -7.92454199643555 ], [ 110.409561494897403, -7.92454199643555 ], [ 110.409561494897403, -7.925437614670662 ], [ 110.408663179613271, -7.925437614670662 ], [ 110.408663179613271, -7.926333230931201 ], [ 110.407764864329152, -7.926333230931201 ], [ 110.407764864329152, -7.925437614670662 ], [ 110.406866549045034, -7.925437614670662 ], [ 110.406866549045034, -7.92454199643555 ] ] ] ] } },
{ "type": "Feature", "properties": { "Kelas": "Tinggi", "SKOR_LONGSOR": 0 }, "geometry": { "type": "MultiPolygon", "coordinates": [ [ [ [ 110.412256440749744, -7.92454199643555 ], [ 110.413154756033876, -7.92454199643555 ], [ 110.413154756033876, -7.926333230931201 ], [ 110.412256440749744, -7.926333230931201 ], [ 110.412256440749744, -7.92454199643555 ] ] ] ] } },
{ "type": "Feature", "properties": { "Kelas": "Cukup Tinggi", "SKOR_LONGSOR": 4 }, "geometry": { "type": "MultiPolygon", "coordinates": [ [ [ [ 110.413154756033876, -7.92454199643555 ], [ 110.417646332454467, -7.92454199643555 ], [ 110.417646332454467, -7.926333230931201 ], [ 110.414951386602112, -7.926333230931201 ], [ 110.414951386602112, -7.925437614670662 ], [ 110.414053071317994, -7.925437614670662 ], [ 110.414053071317994, -7.926333230931201 ], [ 110.413154756033876, -7.926333230931201 ], [ 110.413154756033876, -7.92454199643555 ] ] ] ] } },
{ "type": "Feature", "properties": { "Kelas": "Sangat Rendah", "SKOR_LONGSOR": 1 }, "geometry": { "type": "MultiPolygon", "coordinates": [ [ [ [ 110.42123959359094, -7.925437614670662 ], [ 110.422137908875072, -7.925437614670662 ], [ 110.422137908875072, -7.927228845216954 ], [ 110.42123959359094, -7.927228845216954 ], [ 110.42123959359094, -7.925437614670662 ] ] ] ] } },
{ "type": "Feature", "properties": { "Kelas": "Cukup Tinggi", "SKOR_LONGSOR": 4 }, "geometry": { "type": "MultiPolygon", "coordinates": [ [ [ [ 110.423036224159176, -7.925437614670662 ], [ 110.424832854727427, -7.925437614670662 ], [ 110.424832854727427, -7.926333230931201 ], [ 110.423036224159176, -7.926333230931201 ], [ 110.423036224159176, -7.925437614670662 ] ] ] ] } },
{ "type": "Feature", "properties": { "Kelas": "Sedang", "SKOR_LONGSOR": 3 }, "geometry": { "type": "MultiPolygon", "coordinates": [ [ [ [ 110.433816007568609, -7.925437614670662 ], [ 110.434714322852741, -7.925437614670662 ], [ 110.434714322852741, -7.926333230931201 ], [ 110.433816007568609, -7.926333230931201 ], [ 110.433816007568609, -7.925437614670662 ] ] ] ] } },
{ "type": "Feature", "properties": { "Kelas": "Sedang", "SKOR_LONGSOR": 3 }, "geometry": { "type": "MultiPolygon", "coordinates": [ [ [ [ 110.456273889671607, -7.925437614670662 ], [ 110.457172204955739, -7.925437614670662 ], [ 110.457172204955739, -7.926333230931201 ], [ 110.456273889671607, -7.926333230931201 ], [ 110.456273889671607, -7.925437614670662 ] ] ] ] } },
{ "type": "Feature", "properties": { "Kelas": "Sedang", "SKOR_LONGSOR": 3 }, "geometry": { "type": "MultiPolygon", "coordinates": [ [ [ [ 110.458070520239843, -7.925437614670662 ], [ 110.458968835523976, -7.925437614670662 ], [ 110.458968835523976, -7.926333230931201 ], [ 110.458070520239843, -7.926333230931201 ], [ 110.458070520239843, -7.925437614670662 ] ] ] ] } },
{ "type": "Feature", "properties": { "Kelas": "Sedang", "SKOR_LONGSOR": 3 }, "geometry": { "type": "MultiPolygon", "coordinates": [ [ [ [ 110.490409870468142, -7.925437614670662 ], [ 110.491308185752274, -7.925437614670662 ], [ 110.491308185752274, -7.926333230931201 ], [ 110.490409870468142, -7.926333230931201 ], [ 110.490409870468142, -7.925437614670662 ] ] ] ] } },
{ "type": "Feature", "properties": { "Kelas": "Sedang", "SKOR_LONGSOR": 3 }, "geometry": { "type": "MultiPolygon", "coordinates": [ [ [ [ 110.395188450351469, -7.926333230931201 ], [ 110.396086765635602, -7.926333230931201 ], [ 110.396086765635602, -7.927228845216954 ], [ 110.395188450351469, -7.927228845216954 ], [ 110.395188450351469, -7.926333230931201 ] ] ] ] } },
{ "type": "Feature", "properties": { "Kelas": "Cukup Tinggi", "SKOR_LONGSOR": 4 }, "geometry": { "type": "MultiPolygon", "coordinates": [ [ [ [ 110.396086765635602, -7.926333230931201 ], [ 110.39698508091972, -7.926333230931201 ], [ 110.39698508091972, -7.927228845216954 ], [ 110.396086765635602, -7.927228845216954 ], [ 110.396086765635602, -7.926333230931201 ] ] ] ] } },
{ "type": "Feature", "properties": { "Kelas": "Sedang", "SKOR_LONGSOR": 3 }, "geometry": { "type": "MultiPolygon", "coordinates": [ [ [ [ 110.40417160319268, -7.926333230931201 ], [ 110.405069918476798, -7.926333230931201 ], [ 110.405069918476798, -7.927228845216954 ], [ 110.40417160319268, -7.927228845216954 ], [ 110.40417160319268, -7.926333230931201 ] ] ] ] } },
{ "type": "Feature", "properties": { "Kelas": "Cukup Rendah", "SKOR_LONGSOR": 2 }, "geometry": { "type": "MultiPolygon", "coordinates": [ [ [ [ 110.405069918476798, -7.926333230931201 ], [ 110.405968233760916, -7.926333230931201 ], [ 110.405968233760916, -7.927228845216954 ], [ 110.405069918476798, -7.927228845216954 ], [ 110.405069918476798, -7.926333230931201 ] ] ] ] } },
{ "type": "Feature", "properties": { "Kelas": "Sedang", "SKOR_LONGSOR": 3 }, "geometry": { "type": "MultiPolygon", "coordinates": [ [ [ [ 110.414951386602112, -7.926333230931201 ], [ 110.415849701886231, -7.926333230931201 ], [ 110.415849701886231, -7.928124457527699 ], [ 110.414951386602112, -7.928124457527699 ], [ 110.414951386602112, -7.926333230931201 ] ] ] ] } },
{ "type": "Feature", "properties": { "Kelas": "Sedang", "SKOR_LONGSOR": 3 }, "geometry": { "type": "MultiPolygon", "coordinates": [ [ [ [ 110.416748017170349, -7.926333230931201 ], [ 110.418544647738585, -7.926333230931201 ], [ 110.418544647738585, -7.927228845216954 ], [ 110.416748017170349, -7.927228845216954 ], [ 110.416748017170349, -7.926333230931201 ] ] ] ] } },
{ "type": "Feature", "properties": { "Kelas": "Sedang", "SKOR_LONGSOR": 3 }, "geometry": { "type": "MultiPolygon", "coordinates": [ [ [ [ 110.423036224159176, -7.926333230931201 ], [ 110.423934539443309, -7.926333230931201 ], [ 110.423934539443309, -7.927228845216954 ], [ 110.423036224159176, -7.927228845216954 ], [ 110.423036224159176, -7.926333230931201 ] ] ] ] } },
{ "type": "Feature", "properties": { "Kelas": "Tinggi", "SKOR_LONGSOR": 0 }, "geometry": { "type": "MultiPolygon", "coordinates": [ [ [ [ 110.454477259103371, -7.926333230931201 ], [ 110.456273889671607, -7.926333230931201 ], [ 110.456273889671607, -7.931706887016274 ], [ 110.455375574387489, -7.931706887016274 ], [ 110.455375574387489, -7.932602489448731 ], [ 110.454477259103371, -7.932602489448731 ], [ 110.454477259103371, -7.926333230931201 ] ] ] ] } },
{ "type": "Feature", "properties": { "Kelas": "Cukup Rendah", "SKOR_LONGSOR": 2 }, "geometry": { "type": "MultiPolygon", "coordinates": [ [ [ [ 110.456273889671607, -7.926333230931201 ], [ 110.457172204955739, -7.926333230931201 ], [ 110.457172204955739, -7.927228845216954 ], [ 110.456273889671607, -7.927228845216954 ], [ 110.456273889671607, -7.926333230931201 ] ] ] ] } },
{ "type": "Feature", "properties": { "Kelas": "Cukup Rendah", "SKOR_LONGSOR": 2 }, "geometry": { "type": "MultiPolygon", "coordinates": [ [ [ [ 110.4916553, -7.9260965 ], [ 110.4916099, -7.9267278 ], [ 110.4916006, -7.9270568 ], [ 110.4915735, -7.927288 ], [ 110.4916089, -7.9275548 ], [ 110.4917066, -7.9278751 ], [ 110.4919469, -7.9282933 ], [ 110.4921694, -7.9286848 ], [ 110.4924097, -7.9291386 ], [ 110.4926321, -7.9295746 ], [ 110.4927297, -7.9300283 ], [ 110.4929166, -7.9303398 ], [ 110.493104816320511, -7.930701673124431 ], [ 110.493104816320511, -7.930811282607725 ], [ 110.492206501036378, -7.930811282607725 ], [ 110.492206501036378, -7.929020067863219 ], [ 110.491308185752274, -7.929020067863219 ], [ 110.491308185752274, -7.928124457527699 ], [ 110.490409870468142, -7.928124457527699 ], [ 110.490409870468142, -7.926333230931201 ], [ 110.491308185752274, -7.926333230931201 ], [ 110.491308185752274, -7.925437614670662 ], [ 110.491761240406987, -7.925437614670662 ], [ 110.4916553, -7.9260965 ] ] ] ] } },
{ "type": "Feature", "properties": { "Kelas": "Cukup Tinggi", "SKOR_LONGSOR": 4 }, "geometry": { "type": "MultiPolygon", "coordinates": [ [ [ [ 110.395188450351469, -7.927228845216954 ], [ 110.396086765635602, -7.927228845216954 ], [ 110.396086765635602, -7.928124457527699 ], [ 110.395188450351469, -7.928124457527699 ], [ 110.395188450351469, -7.927228845216954 ] ] ] ] } },
{ "type": "Feature", "properties": { "Kelas": "Sangat Rendah", "SKOR_LONGSOR": 1 }, "geometry": { "type": "MultiPolygon", "coordinates": [ [ [ [ 110.400578342056193, -7.927228845216954 ], [ 110.401476657340311, -7.927228845216954 ], [ 110.401476657340311, -7.929020067863219 ], [ 110.400578342056193, -7.929020067863219 ], [ 110.400578342056193, -7.927228845216954 ] ] ] ] } },
{ "type": "Feature", "properties": { "Kelas": "Cukup Rendah", "SKOR_LONGSOR": 2 }, "geometry": { "type": "MultiPolygon", "coordinates": [ [ [ [ 110.401476657340311, -7.927228845216954 ], [ 110.402374972624443, -7.927228845216954 ], [ 110.402374972624443, -7.928124457527699 ], [ 110.401476657340311, -7.928124457527699 ], [ 110.401476657340311, -7.927228845216954 ] ] ] ] } },
{ "type": "Feature", "properties": { "Kelas": "Cukup Tinggi", "SKOR_LONGSOR": 4 }, "geometry": { "type": "MultiPolygon", "coordinates": [ [ [ [ 110.40417160319268, -7.927228845216954 ], [ 110.405069918476798, -7.927228845216954 ], [ 110.405069918476798, -7.928124457527699 ], [ 110.40417160319268, -7.928124457527699 ], [ 110.40417160319268, -7.927228845216954 ] ] ] ] } },
{ "type": "Feature", "properties": { "Kelas": "Sedang", "SKOR_LONGSOR": 3 }, "geometry": { "type": "MultiPolygon", "coordinates": [ [ [ [ 110.405069918476798, -7.927228845216954 ], [ 110.405968233760916, -7.927228845216954 ], [ 110.405968233760916, -7.928124457527699 ], [ 110.405069918476798, -7.928124457527699 ], [ 110.405069918476798, -7.927228845216954 ] ] ] ] } },
{ "type": "Feature", "properties": { "Kelas": "Cukup Rendah", "SKOR_LONGSOR": 2 }, "geometry": { "type": "MultiPolygon", "coordinates": [ [ [ [ 110.408663179613271, -7.927228845216954 ], [ 110.410459810181507, -7.927228845216954 ], [ 110.410459810181507, -7.928124457527699 ], [ 110.409561494897403, -7.928124457527699 ], [ 110.409561494897403, -7.929020067863219 ], [ 110.408663179613271, -7.929020067863219 ], [ 110.408663179613271, -7.927228845216954 ] ] ] ] } },
{ "type": "Feature", "properties": { "Kelas": "Cukup Tinggi", "SKOR_LONGSOR": 4 }, "geometry": { "type": "MultiPolygon", "coordinates": [ [ [ [ 110.417646332454467, -7.927228845216954 ], [ 110.418544647738585, -7.927228845216954 ], [ 110.418544647738585, -7.928124457527699 ], [ 110.417646332454467, -7.928124457527699 ], [ 110.417646332454467, -7.927228845216954 ] ] ] ] } },
{ "type": "Feature", "properties": { "Kelas": "Sangat Rendah", "SKOR_LONGSOR": 1 }, "geometry": { "type": "MultiPolygon", "coordinates": [ [ [ [ 110.420341278306836, -7.927228845216954 ], [ 110.42123959359094, -7.927228845216954 ], [ 110.42123959359094, -7.928124457527699 ], [ 110.420341278306836, -7.928124457527699 ], [ 110.420341278306836, -7.927228845216954 ] ] ] ] } },
{ "type": "Feature", "properties": { "Kelas": "Cukup Tinggi", "SKOR_LONGSOR": 4 }, "geometry": { "type": "MultiPolygon", "coordinates": [ [ [ [ 110.423036224159176, -7.927228845216954 ], [ 110.423934539443309, -7.927228845216954 ], [ 110.423934539443309, -7.928124457527699 ], [ 110.423036224159176, -7.928124457527699 ], [ 110.423036224159176, -7.927228845216954 ] ] ] ] } },
{ "type": "Feature", "properties": { "Kelas": "Tinggi", "SKOR_LONGSOR": 0 }, "geometry": { "type": "MultiPolygon", "coordinates": [ [ [ [ 110.4284261158639, -7.927228845216954 ], [ 110.429324431148018, -7.927228845216954 ], [ 110.429324431148018, -7.928124457527699 ], [ 110.4284261158639, -7.928124457527699 ], [ 110.4284261158639, -7.927228845216954 ] ] ] ] } },
{ "type": "Feature", "properties": { "Kelas": "Cukup Rendah", "SKOR_LONGSOR": 2 }, "geometry": { "type": "MultiPolygon", "coordinates": [ [ [ [ 110.441002529841569, -7.912898779791892 ], [ 110.441900845125701, -7.912898779791892 ], [ 110.441900845125701, -7.91379442367667 ], [ 110.442799160409805, -7.91379442367667 ], [ 110.442799160409805, -7.914690065589704 ], [ 110.443697475693938, -7.914690065589704 ], [ 110.443697475693938, -7.91379442367667 ], [ 110.444595790978042, -7.91379442367667 ], [ 110.444595790978042, -7.915585705530765 ], [ 110.445494106262174, -7.915585705530765 ], [ 110.445494106262174, -7.916481343499651 ], [ 110.446392421546292, -7.916481343499651 ], [ 110.446392421546292, -7.917376979496137 ], [ 110.445494106262174, -7.917376979496137 ], [ 110.445494106262174, -7.918272613520002 ], [ 110.446392421546292, -7.918272613520002 ], [ 110.446392421546292, -7.919168245571034 ], [ 110.444595790978042, -7.919168245571034 ], [ 110.444595790978042, -7.920063875649016 ], [ 110.442799160409805, -7.920063875649016 ], [ 110.442799160409805, -7.919168245571034 ], [ 110.443697475693938, -7.919168245571034 ], [ 110.443697475693938, -7.917376979496137 ], [ 110.442799160409805, -7.917376979496137 ], [ 110.442799160409805, -7.916481343499651 ], [ 110.441900845125701, -7.916481343499651 ], [ 110.441900845125701, -7.915585705530765 ], [ 110.441002529841569, -7.915585705530765 ], [ 110.441002529841569, -7.917376979496137 ], [ 110.440104214557451, -7.917376979496137 ], [ 110.440104214557451, -7.916481343499651 ], [ 110.438307583989214, -7.916481343499651 ], [ 110.438307583989214, -7.919168245571034 ], [ 110.440104214557451, -7.919168245571034 ], [ 110.440104214557451, -7.920959503753727 ], [ 110.439205899273333, -7.920959503753727 ], [ 110.439205899273333, -7.921855129884956 ], [ 110.438307583989214, -7.921855129884956 ], [ 110.438307583989214, -7.922750754042478 ], [ 110.436510953420978, -7.922750754042478 ], [ 110.436510953420978, -7.920063875649016 ], [ 110.43561263813686, -7.920063875649016 ], [ 110.43561263813686, -7.92454199643555 ], [ 110.437409268705096, -7.92454199643555 ], [ 110.437409268705096, -7.923646376226084 ], [ 110.438307583989214, -7.923646376226084 ], [ 110.438307583989214, -7.925437614670662 ], [ 110.437409268705096, -7.925437614670662 ], [ 110.437409268705096, -7.926333230931201 ], [ 110.436510953420978, -7.926333230931201 ], [ 110.436510953420978, -7.927228845216954 ], [ 110.434714322852741, -7.927228845216954 ], [ 110.434714322852741, -7.925437614670662 ], [ 110.433816007568609, -7.925437614670662 ], [ 110.433816007568609, -7.926333230931201 ], [ 110.432917692284505, -7.926333230931201 ], [ 110.432917692284505, -7.927228845216954 ], [ 110.431121061716269, -7.927228845216954 ], [ 110.431121061716269, -7.928124457527699 ], [ 110.429324431148018, -7.928124457527699 ], [ 110.429324431148018, -7.927228845216954 ], [ 110.430222746432136, -7.927228845216954 ], [ 110.430222746432136, -7.921855129884956 ], [ 110.432019377000373, -7.921855129884956 ], [ 110.432019377000373, -7.920959503753727 ], [ 110.430222746432136, -7.920959503753727 ], [ 110.430222746432136, -7.920063875649016 ], [ 110.429324431148018, -7.920063875649016 ], [ 110.429324431148018, -7.919168245571034 ], [ 110.430222746432136, -7.919168245571034 ], [ 110.430222746432136, -7.918272613520002 ], [ 110.432917692284505, -7.918272613520002 ], [ 110.432917692284505, -7.920063875649016 ], [ 110.433816007568609, -7.920063875649016 ], [ 110.433816007568609, -7.918272613520002 ], [ 110.43561263813686, -7.918272613520002 ], [ 110.43561263813686, -7.914690065589704 ], [ 110.437409268705096, -7.914690065589704 ], [ 110.437409268705096, -7.91379442367667 ], [ 110.438307583989214, -7.91379442367667 ], [ 110.438307583989214, -7.912898779791892 ], [ 110.439205899273333, -7.912898779791892 ], [ 110.439205899273333, -7.912003133935582 ], [ 110.441002529841569, -7.912003133935582 ], [ 110.441002529841569, -7.912898779791892 ] ], [ [ 110.444595790978042, -7.917376979496137 ], [ 110.444595790978042, -7.916481343499651 ], [ 110.443697475693938, -7.916481343499651 ], [ 110.443697475693938, -7.917376979496137 ], [ 110.444595790978042, -7.917376979496137 ] ] ] ] } },
{ "type": "Feature", "properties": { "Kelas": "Sedang", "SKOR_LONGSOR": 3 }, "geometry": { "type": "MultiPolygon", "coordinates": [ [ [ [ 110.434714322852741, -7.927228845216954 ], [ 110.43561263813686, -7.927228845216954 ], [ 110.43561263813686, -7.928124457527699 ], [ 110.434714322852741, -7.928124457527699 ], [ 110.434714322852741, -7.927228845216954 ] ] ] ] } },
{ "type": "Feature", "properties": { "Kelas": "Cukup Tinggi", "SKOR_LONGSOR": 4 }, "geometry": { "type": "MultiPolygon", "coordinates": [ [ [ [ 110.43561263813686, -7.927228845216954 ], [ 110.436510953420978, -7.927228845216954 ], [ 110.436510953420978, -7.928124457527699 ], [ 110.43561263813686, -7.928124457527699 ], [ 110.43561263813686, -7.927228845216954 ] ] ] ] } },
{ "type": "Feature", "properties": { "Kelas": "Sedang", "SKOR_LONGSOR": 3 }, "geometry": { "type": "MultiPolygon", "coordinates": [ [ [ [ 110.448189052114529, -7.927228845216954 ], [ 110.449087367398647, -7.927228845216954 ], [ 110.449087367398647, -7.928124457527699 ], [ 110.448189052114529, -7.928124457527699 ], [ 110.448189052114529, -7.927228845216954 ] ] ] ] } },
{ "type": "Feature", "properties": { "Kelas": "Cukup Tinggi", "SKOR_LONGSOR": 4 }, "geometry": { "type": "MultiPolygon", "coordinates": [ [ [ [ 110.450883997966883, -7.927228845216954 ], [ 110.452680628535134, -7.927228845216954 ], [ 110.452680628535134, -7.929020067863219 ], [ 110.451782313251016, -7.929020067863219 ], [ 110.451782313251016, -7.929915676223303 ], [ 110.450883997966883, -7.929915676223303 ], [ 110.450883997966883, -7.927228845216954 ] ] ] ] } },
{ "type": "Feature", "properties": { "Kelas": "Cukup Tinggi", "SKOR_LONGSOR": 4 }, "geometry": { "type": "MultiPolygon", "coordinates": [ [ [ [ 110.458968835523976, -7.915585705530765 ], [ 110.45986715080808, -7.915585705530765 ], [ 110.45986715080808, -7.918272613520002 ], [ 110.458070520239843, -7.918272613520002 ], [ 110.458070520239843, -7.919168245571034 ], [ 110.458968835523976, -7.919168245571034 ], [ 110.458968835523976, -7.920959503753727 ], [ 110.458070520239843, -7.920959503753727 ], [ 110.458070520239843, -7.929020067863219 ], [ 110.458968835523976, -7.929020067863219 ], [ 110.458968835523976, -7.929915676223303 ], [ 110.457172204955739, -7.929915676223303 ], [ 110.457172204955739, -7.929020067863219 ], [ 110.456273889671607, -7.929020067863219 ], [ 110.456273889671607, -7.927228845216954 ], [ 110.457172204955739, -7.927228845216954 ], [ 110.457172204955739, -7.925437614670662 ], [ 110.456273889671607, -7.925437614670662 ], [ 110.456273889671607, -7.922750754042478 ], [ 110.457172204955739, -7.922750754042478 ], [ 110.457172204955739, -7.921855129884956 ], [ 110.456273889671607, -7.921855129884956 ], [ 110.456273889671607, -7.920063875649016 ], [ 110.457172204955739, -7.920063875649016 ], [ 110.457172204955739, -7.917376979496137 ], [ 110.458968835523976, -7.917376979496137 ], [ 110.458968835523976, -7.915585705530765 ] ] ] ] } },
{ "type": "Feature", "properties": { "Kelas": "Sangat Rendah", "SKOR_LONGSOR": 1 }, "geometry": { "type": "MultiPolygon", "coordinates": [ [ [ [ 110.486816609331669, -7.927228845216954 ], [ 110.487714924615787, -7.927228845216954 ], [ 110.487714924615787, -7.928124457527699 ], [ 110.486816609331669, -7.928124457527699 ], [ 110.486816609331669, -7.927228845216954 ] ] ] ] } },
{ "type": "Feature", "properties": { "Kelas": "Cukup Rendah", "SKOR_LONGSOR": 2 }, "geometry": { "type": "MultiPolygon", "coordinates": [ [ [ [ 110.386205297510273, -7.912898779791892 ], [ 110.388900243362642, -7.912898779791892 ], [ 110.388900243362642, -7.91379442367667 ], [ 110.390696873930878, -7.91379442367667 ], [ 110.390696873930878, -7.914690065589704 ], [ 110.391595189214996, -7.914690065589704 ], [ 110.391595189214996, -7.915585705530765 ], [ 110.392493504499129, -7.915585705530765 ], [ 110.392493504499129, -7.917376979496137 ], [ 110.394290135067365, -7.917376979496137 ], [ 110.394290135067365, -7.916481343499651 ], [ 110.395188450351469, -7.916481343499651 ], [ 110.395188450351469, -7.917376979496137 ], [ 110.396086765635602, -7.917376979496137 ], [ 110.396086765635602, -7.918272613520002 ], [ 110.39698508091972, -7.918272613520002 ], [ 110.39698508091972, -7.919168245571034 ], [ 110.397883396203838, -7.919168245571034 ], [ 110.397883396203838, -7.920063875649016 ], [ 110.400578342056193, -7.920063875649016 ], [ 110.400578342056193, -7.918272613520002 ], [ 110.401476657340311, -7.918272613520002 ], [ 110.401476657340311, -7.917376979496137 ], [ 110.402374972624443, -7.917376979496137 ], [ 110.402374972624443, -7.918272613520002 ], [ 110.403273287908561, -7.918272613520002 ], [ 110.403273287908561, -7.919168245571034 ], [ 110.402374972624443, -7.919168245571034 ], [ 110.402374972624443, -7.920959503753727 ], [ 110.401476657340311, -7.920959503753727 ], [ 110.401476657340311, -7.921855129884956 ], [ 110.402374972624443, -7.921855129884956 ], [ 110.402374972624443, -7.922750754042478 ], [ 110.403273287908561, -7.922750754042478 ], [ 110.403273287908561, -7.923646376226084 ], [ 110.402374972624443, -7.923646376226084 ], [ 110.402374972624443, -7.92454199643555 ], [ 110.401476657340311, -7.92454199643555 ], [ 110.401476657340311, -7.926333230931201 ], [ 110.400578342056193, -7.926333230931201 ], [ 110.400578342056193, -7.927228845216954 ], [ 110.399680026772074, -7.927228845216954 ], [ 110.399680026772074, -7.926333230931201 ], [ 110.395188450351469, -7.926333230931201 ], [ 110.395188450351469, -7.929020067863219 ], [ 110.394290135067365, -7.929020067863219 ], [ 110.394290135067365, -7.929915676223303 ], [ 110.392493504499129, -7.929915676223303 ], [ 110.392493504499129, -7.928124457527699 ], [ 110.393391819783233, -7.928124457527699 ], [ 110.393391819783233, -7.927228845216954 ], [ 110.390696873930878, -7.927228845216954 ], [ 110.390696873930878, -7.925437614670662 ], [ 110.391595189214996, -7.925437614670662 ], [ 110.391595189214996, -7.92454199643555 ], [ 110.394290135067365, -7.92454199643555 ], [ 110.394290135067365, -7.923646376226084 ], [ 110.396086765635602, -7.923646376226084 ], [ 110.396086765635602, -7.922750754042478 ], [ 110.392493504499129, -7.922750754042478 ], [ 110.392493504499129, -7.921855129884956 ], [ 110.388900243362642, -7.921855129884956 ], [ 110.388900243362642, -7.920063875649016 ], [ 110.38979855864676, -7.920063875649016 ], [ 110.38979855864676, -7.919168245571034 ], [ 110.388001928078523, -7.919168245571034 ], [ 110.388001928078523, -7.918272613520002 ], [ 110.387103612794405, -7.918272613520002 ], [ 110.387103612794405, -7.917376979496137 ], [ 110.386205297510273, -7.917376979496137 ], [ 110.386205297510273, -7.916481343499651 ], [ 110.387103612794405, -7.916481343499651 ], [ 110.387103612794405, -7.915585705530765 ], [ 110.388900243362642, -7.915585705530765 ], [ 110.388900243362642, -7.914690065589704 ], [ 110.387103612794405, -7.914690065589704 ], [ 110.387103612794405, -7.91379442367667 ], [ 110.386205297510273, -7.91379442367667 ], [ 110.386205297510273, -7.912898779791892 ] ] ] ] } },
{ "type": "Feature", "properties": { "Kelas": "Sedang", "SKOR_LONGSOR": 3 }, "geometry": { "type": "MultiPolygon", "coordinates": [ [ [ [ 110.401476657340311, -7.928124457527699 ], [ 110.402374972624443, -7.928124457527699 ], [ 110.402374972624443, -7.929915676223303 ], [ 110.401476657340311, -7.929915676223303 ], [ 110.401476657340311, -7.928124457527699 ] ] ] ] } },
{ "type": "Feature", "properties": { "Kelas": "Cukup Rendah", "SKOR_LONGSOR": 2 }, "geometry": { "type": "MultiPolygon", "coordinates": [ [ [ [ 110.414053071317994, -7.925437614670662 ], [ 110.414951386602112, -7.925437614670662 ], [ 110.414951386602112, -7.927228845216954 ], [ 110.414053071317994, -7.927228845216954 ], [ 110.414053071317994, -7.929020067863219 ], [ 110.412256440749744, -7.929020067863219 ], [ 110.412256440749744, -7.928124457527699 ], [ 110.413154756033876, -7.928124457527699 ], [ 110.413154756033876, -7.926333230931201 ], [ 110.414053071317994, -7.926333230931201 ], [ 110.414053071317994, -7.925437614670662 ] ] ] ] } },
{ "type": "Feature", "properties": { "Kelas": "Cukup Rendah", "SKOR_LONGSOR": 2 }, "geometry": { "type": "MultiPolygon", "coordinates": [ [ [ [ 110.427527800579782, -7.920063875649016 ], [ 110.426629485295663, -7.920063875649016 ], [ 110.426629485295663, -7.921855129884956 ], [ 110.427527800579782, -7.921855129884956 ], [ 110.427527800579782, -7.923646376226084 ], [ 110.426629485295663, -7.923646376226084 ], [ 110.426629485295663, -7.926333230931201 ], [ 110.427527800579782, -7.926333230931201 ], [ 110.427527800579782, -7.928124457527699 ], [ 110.426629485295663, -7.928124457527699 ], [ 110.426629485295663, -7.929020067863219 ], [ 110.424832854727427, -7.929020067863219 ], [ 110.424832854727427, -7.928124457527699 ], [ 110.423934539443309, -7.928124457527699 ], [ 110.423934539443309, -7.926333230931201 ], [ 110.424832854727427, -7.926333230931201 ], [ 110.424832854727427, -7.925437614670662 ], [ 110.423036224159176, -7.925437614670662 ], [ 110.423036224159176, -7.928124457527699 ], [ 110.422137908875072, -7.928124457527699 ], [ 110.422137908875072, -7.929915676223303 ], [ 110.42123959359094, -7.929915676223303 ], [ 110.42123959359094, -7.929020067863219 ], [ 110.420341278306836, -7.929020067863219 ], [ 110.420341278306836, -7.928124457527699 ], [ 110.419442963022703, -7.928124457527699 ], [ 110.419442963022703, -7.929915676223303 ], [ 110.420341278306836, -7.929915676223303 ], [ 110.420341278306836, -7.931706887016274 ], [ 110.419442963022703, -7.931706887016274 ], [ 110.419442963022703, -7.930811282607725 ], [ 110.418544647738585, -7.930811282607725 ], [ 110.418544647738585, -7.929915676223303 ], [ 110.416748017170349, -7.929915676223303 ], [ 110.416748017170349, -7.929020067863219 ], [ 110.415849701886231, -7.929020067863219 ], [ 110.415849701886231, -7.926333230931201 ], [ 110.416748017170349, -7.926333230931201 ], [ 110.416748017170349, -7.927228845216954 ], [ 110.417646332454467, -7.927228845216954 ], [ 110.417646332454467, -7.928124457527699 ], [ 110.418544647738585, -7.928124457527699 ], [ 110.418544647738585, -7.926333230931201 ], [ 110.417646332454467, -7.926333230931201 ], [ 110.417646332454467, -7.92454199643555 ], [ 110.422137908875072, -7.92454199643555 ], [ 110.422137908875072, -7.923646376226084 ], [ 110.425731170011545, -7.923646376226084 ], [ 110.425731170011545, -7.920959503753727 ], [ 110.423036224159176, -7.920959503753727 ], [ 110.423036224159176, -7.920063875649016 ], [ 110.422137908875072, -7.920063875649016 ], [ 110.422137908875072, -7.919168245571034 ], [ 110.423036224159176, -7.919168245571034 ], [ 110.423036224159176, -7.918272613520002 ], [ 110.427527800579782, -7.918272613520002 ], [ 110.427527800579782, -7.920063875649016 ] ], [ [ 110.42123959359094, -7.928124457527699 ], [ 110.42123959359094, -7.927228845216954 ], [ 110.420341278306836, -7.927228845216954 ], [ 110.420341278306836, -7.928124457527699 ], [ 110.42123959359094, -7.928124457527699 ] ], [ [ 110.422137908875072, -7.927228845216954 ], [ 110.422137908875072, -7.925437614670662 ], [ 110.42123959359094, -7.925437614670662 ], [ 110.42123959359094, -7.927228845216954 ], [ 110.422137908875072, -7.927228845216954 ] ] ] ] } },
{ "type": "Feature", "properties": { "Kelas": "Sedang", "SKOR_LONGSOR": 3 }, "geometry": { "type": "MultiPolygon", "coordinates": [ [ [ [ 110.423036224159176, -7.928124457527699 ], [ 110.424832854727427, -7.928124457527699 ], [ 110.424832854727427, -7.929915676223303 ], [ 110.423934539443309, -7.929915676223303 ], [ 110.423934539443309, -7.929020067863219 ], [ 110.423036224159176, -7.929020067863219 ], [ 110.423036224159176, -7.928124457527699 ] ] ] ] } },
{ "type": "Feature", "properties": { "Kelas": "Tinggi", "SKOR_LONGSOR": 0 }, "geometry": { "type": "MultiPolygon", "coordinates": [ [ [ [ 110.430222746432136, -7.928124457527699 ], [ 110.432917692284505, -7.928124457527699 ], [ 110.432917692284505, -7.929020067863219 ], [ 110.430222746432136, -7.929020067863219 ], [ 110.430222746432136, -7.928124457527699 ] ] ] ] } },
{ "type": "Feature", "properties": { "Kelas": "Cukup Tinggi", "SKOR_LONGSOR": 4 }, "geometry": { "type": "MultiPolygon", "coordinates": [ [ [ [ 110.448189052114529, -7.928124457527699 ], [ 110.449087367398647, -7.928124457527699 ], [ 110.449087367398647, -7.929020067863219 ], [ 110.448189052114529, -7.929020067863219 ], [ 110.448189052114529, -7.928124457527699 ] ] ] ] } },
{ "type": "Feature", "properties": { "Kelas": "Sedang", "SKOR_LONGSOR": 3 }, "geometry": { "type": "MultiPolygon", "coordinates": [ [ [ [ 110.458070520239843, -7.928124457527699 ], [ 110.458968835523976, -7.928124457527699 ], [ 110.458968835523976, -7.929020067863219 ], [ 110.458070520239843, -7.929020067863219 ], [ 110.458070520239843, -7.928124457527699 ] ] ] ] } },
{ "type": "Feature", "properties": { "Kelas": "Sedang", "SKOR_LONGSOR": 3 }, "geometry": { "type": "MultiPolygon", "coordinates": [ [ [ [ 110.485918294047551, -7.928124457527699 ], [ 110.486816609331669, -7.928124457527699 ], [ 110.486816609331669, -7.929020067863219 ], [ 110.485918294047551, -7.929020067863219 ], [ 110.485918294047551, -7.928124457527699 ] ] ] ] } },
{ "type": "Feature", "properties": { "Kelas": "Cukup Rendah", "SKOR_LONGSOR": 2 }, "geometry": { "type": "MultiPolygon", "coordinates": [ [ [ [ 110.486816609331669, -7.928124457527699 ], [ 110.488613239899905, -7.928124457527699 ], [ 110.488613239899905, -7.929020067863219 ], [ 110.487714924615787, -7.929020067863219 ], [ 110.487714924615787, -7.929915676223303 ], [ 110.486816609331669, -7.929915676223303 ], [ 110.486816609331669, -7.928124457527699 ] ] ] ] } },
{ "type": "Feature", "properties": { "Kelas": "Sedang", "SKOR_LONGSOR": 3 }, "geometry": { "type": "MultiPolygon", "coordinates": [ [ [ [ 110.490409870468142, -7.928124457527699 ], [ 110.491308185752274, -7.928124457527699 ], [ 110.491308185752274, -7.929020067863219 ], [ 110.490409870468142, -7.929020067863219 ], [ 110.490409870468142, -7.928124457527699 ] ] ] ] } },
{ "type": "Feature", "properties": { "Kelas": "Cukup Tinggi", "SKOR_LONGSOR": 4 }, "geometry": { "type": "MultiPolygon", "coordinates": [ [ [ [ 110.402374972624443, -7.929020067863219 ], [ 110.403273287908561, -7.929020067863219 ], [ 110.403273287908561, -7.929915676223303 ], [ 110.402374972624443, -7.929915676223303 ], [ 110.402374972624443, -7.929020067863219 ] ] ] ] } },
{ "type": "Feature", "properties": { "Kelas": "Tinggi", "SKOR_LONGSOR": 0 }, "geometry": { "type": "MultiPolygon", "coordinates": [ [ [ [ 110.409561494897403, -7.929020067863219 ], [ 110.410459810181507, -7.929020067863219 ], [ 110.410459810181507, -7.929915676223303 ], [ 110.412256440749744, -7.929915676223303 ], [ 110.412256440749744, -7.930811282607725 ], [ 110.409561494897403, -7.930811282607725 ], [ 110.409561494897403, -7.929020067863219 ] ] ] ] } },
{ "type": "Feature", "properties": { "Kelas": "Tinggi", "SKOR_LONGSOR": 0 }, "geometry": { "type": "MultiPolygon", "coordinates": [ [ [ [ 110.414951386602112, -7.929020067863219 ], [ 110.415849701886231, -7.929020067863219 ], [ 110.415849701886231, -7.929915676223303 ], [ 110.414951386602112, -7.929915676223303 ], [ 110.414951386602112, -7.929020067863219 ] ] ] ] } },
{ "type": "Feature", "properties": { "Kelas": "Cukup Tinggi", "SKOR_LONGSOR": 4 }, "geometry": { "type": "MultiPolygon", "coordinates": [ [ [ [ 110.424832854727427, -7.929020067863219 ], [ 110.425731170011545, -7.929020067863219 ], [ 110.425731170011545, -7.929915676223303 ], [ 110.424832854727427, -7.929915676223303 ], [ 110.424832854727427, -7.929020067863219 ] ] ] ] } },
{ "type": "Feature", "properties": { "Kelas": "Sedang", "SKOR_LONGSOR": 3 }, "geometry": { "type": "MultiPolygon", "coordinates": [ [ [ [ 110.425731170011545, -7.929020067863219 ], [ 110.426629485295663, -7.929020067863219 ], [ 110.426629485295663, -7.929915676223303 ], [ 110.425731170011545, -7.929915676223303 ], [ 110.425731170011545, -7.929020067863219 ] ] ] ] } },
{ "type": "Feature", "properties": { "Kelas": "Tinggi", "SKOR_LONGSOR": 0 }, "geometry": { "type": "MultiPolygon", "coordinates": [ [ [ [ 110.436510953420978, -7.927228845216954 ], [ 110.440104214557451, -7.927228845216954 ], [ 110.440104214557451, -7.929020067863219 ], [ 110.436510953420978, -7.929020067863219 ], [ 110.436510953420978, -7.929915676223303 ], [ 110.433816007568609, -7.929915676223303 ], [ 110.433816007568609, -7.929020067863219 ], [ 110.434714322852741, -7.929020067863219 ], [ 110.434714322852741, -7.928124457527699 ], [ 110.436510953420978, -7.928124457527699 ], [ 110.436510953420978, -7.927228845216954 ] ] ] ] } },
{ "type": "Feature", "properties": { "Kelas": "Cukup Rendah", "SKOR_LONGSOR": 2 }, "geometry": { "type": "MultiPolygon", "coordinates": [ [ [ [ 110.456273889671607, -7.929020067863219 ], [ 110.457172204955739, -7.929020067863219 ], [ 110.457172204955739, -7.929915676223303 ], [ 110.456273889671607, -7.929915676223303 ], [ 110.456273889671607, -7.929020067863219 ] ] ] ] } },
{ "type": "Feature", "properties": { "Kelas": "Sangat Rendah", "SKOR_LONGSOR": 1 }, "geometry": { "type": "MultiPolygon", "coordinates": [ [ [ [ 110.485918294047551, -7.929020067863219 ], [ 110.486816609331669, -7.929020067863219 ], [ 110.486816609331669, -7.929915676223303 ], [ 110.485918294047551, -7.929915676223303 ], [ 110.485918294047551, -7.929020067863219 ] ] ] ] } },
{ "type": "Feature", "properties": { "Kelas": "Sangat Rendah", "SKOR_LONGSOR": 1 }, "geometry": { "type": "MultiPolygon", "coordinates": [ [ [ [ 110.487714924615787, -7.929020067863219 ], [ 110.488613239899905, -7.929020067863219 ], [ 110.488613239899905, -7.929915676223303 ], [ 110.487714924615787, -7.929915676223303 ], [ 110.487714924615787, -7.929020067863219 ] ] ] ] } },
{ "type": "Feature", "properties": { "Kelas": "Sedang", "SKOR_LONGSOR": 3 }, "geometry": { "type": "MultiPolygon", "coordinates": [ [ [ [ 110.488613239899905, -7.929020067863219 ], [ 110.489511555184038, -7.929020067863219 ], [ 110.489511555184038, -7.929915676223303 ], [ 110.488613239899905, -7.929915676223303 ], [ 110.488613239899905, -7.929020067863219 ] ] ] ] } },
{ "type": "Feature", "properties": { "Kelas": "Sedang", "SKOR_LONGSOR": 3 }, "geometry": { "type": "MultiPolygon", "coordinates": [ [ [ [ 110.491308185752274, -7.929020067863219 ], [ 110.492206501036378, -7.929020067863219 ], [ 110.492206501036378, -7.929915676223303 ], [ 110.491308185752274, -7.929915676223303 ], [ 110.491308185752274, -7.929020067863219 ] ] ] ] } },
{ "type": "Feature", "properties": { "Kelas": "Sedang", "SKOR_LONGSOR": 3 }, "geometry": { "type": "MultiPolygon", "coordinates": [ [ [ [ 110.424832854727427, -7.929915676223303 ], [ 110.425731170011545, -7.929915676223303 ], [ 110.425731170011545, -7.930811282607725 ], [ 110.424832854727427, -7.930811282607725 ], [ 110.424832854727427, -7.929915676223303 ] ] ] ] } },
{ "type": "Feature", "properties": { "Kelas": "Tinggi", "SKOR_LONGSOR": 0 }, "geometry": { "type": "MultiPolygon", "coordinates": [ [ [ [ 110.431121061716269, -7.929915676223303 ], [ 110.432019377000373, -7.929915676223303 ], [ 110.432019377000373, -7.930811282607725 ], [ 110.431121061716269, -7.930811282607725 ], [ 110.431121061716269, -7.929915676223303 ] ] ] ] } },
{ "type": "Feature", "properties": { "Kelas": "Sedang", "SKOR_LONGSOR": 3 }, "geometry": { "type": "MultiPolygon", "coordinates": [ [ [ [ 110.442799160409805, -7.929915676223303 ], [ 110.443697475693938, -7.929915676223303 ], [ 110.443697475693938, -7.930811282607725 ], [ 110.442799160409805, -7.930811282607725 ], [ 110.442799160409805, -7.929915676223303 ] ] ] ] } },
{ "type": "Feature", "properties": { "Kelas": "Sedang", "SKOR_LONGSOR": 3 }, "geometry": { "type": "MultiPolygon", "coordinates": [ [ [ [ 110.447290736830411, -7.929915676223303 ], [ 110.448189052114529, -7.929915676223303 ], [ 110.448189052114529, -7.930811282607725 ], [ 110.447290736830411, -7.930811282607725 ], [ 110.447290736830411, -7.929915676223303 ] ] ] ] } },
{ "type": "Feature", "properties": { "Kelas": "Sedang", "SKOR_LONGSOR": 3 }, "geometry": { "type": "MultiPolygon", "coordinates": [ [ [ [ 110.449985682682765, -7.929915676223303 ], [ 110.450883997966883, -7.929915676223303 ], [ 110.450883997966883, -7.930811282607725 ], [ 110.449985682682765, -7.930811282607725 ], [ 110.449985682682765, -7.929915676223303 ] ] ] ] } },
{ "type": "Feature", "properties": { "Kelas": "Sangat Rendah", "SKOR_LONGSOR": 1 }, "geometry": { "type": "MultiPolygon", "coordinates": [ [ [ [ 110.486816609331669, -7.929915676223303 ], [ 110.487714924615787, -7.929915676223303 ], [ 110.487714924615787, -7.930811282607725 ], [ 110.486816609331669, -7.930811282607725 ], [ 110.486816609331669, -7.929915676223303 ] ] ] ] } },
{ "type": "Feature", "properties": { "Kelas": "Sangat Rendah", "SKOR_LONGSOR": 1 }, "geometry": { "type": "MultiPolygon", "coordinates": [ [ [ [ 110.418544647738585, -7.930811282607725 ], [ 110.419442963022703, -7.930811282607725 ], [ 110.419442963022703, -7.931706887016274 ], [ 110.418544647738585, -7.931706887016274 ], [ 110.418544647738585, -7.930811282607725 ] ] ] ] } },
{ "type": "Feature", "properties": { "Kelas": "Cukup Tinggi", "SKOR_LONGSOR": 4 }, "geometry": { "type": "MultiPolygon", "coordinates": [ [ [ [ 110.449985682682765, -7.930811282607725 ], [ 110.450883997966883, -7.930811282607725 ], [ 110.450883997966883, -7.931706887016274 ], [ 110.449985682682765, -7.931706887016274 ], [ 110.449985682682765, -7.930811282607725 ] ] ] ] } },
{ "type": "Feature", "properties": { "Kelas": "Cukup Rendah", "SKOR_LONGSOR": 2 }, "geometry": { "type": "MultiPolygon", "coordinates": [ [ [ [ 110.478731771774605, -7.930811282607725 ], [ 110.479630087058709, -7.930811282607725 ], [ 110.479630087058709, -7.931706887016274 ], [ 110.478731771774605, -7.931706887016274 ], [ 110.478731771774605, -7.930811282607725 ] ] ] ] } },
{ "type": "Feature", "properties": { "Kelas": "Sangat Rendah", "SKOR_LONGSOR": 1 }, "geometry": { "type": "MultiPolygon", "coordinates": [ [ [ [ 110.481426717626945, -7.930811282607725 ], [ 110.482325032911078, -7.930811282607725 ], [ 110.482325032911078, -7.931706887016274 ], [ 110.481426717626945, -7.931706887016274 ], [ 110.481426717626945, -7.930811282607725 ] ] ] ] } },
{ "type": "Feature", "properties": { "Kelas": "Sedang", "SKOR_LONGSOR": 3 }, "geometry": { "type": "MultiPolygon", "coordinates": [ [ [ [ 110.4284261158639, -7.931706887016274 ], [ 110.429324431148018, -7.931706887016274 ], [ 110.429324431148018, -7.932602489448731 ], [ 110.4284261158639, -7.932602489448731 ], [ 110.4284261158639, -7.931706887016274 ] ] ] ] } },
{ "type": "Feature", "properties": { "Kelas": "Sedang", "SKOR_LONGSOR": 3 }, "geometry": { "type": "MultiPolygon", "coordinates": [ [ [ [ 110.432019377000373, -7.931706887016274 ], [ 110.432917692284505, -7.931706887016274 ], [ 110.432917692284505, -7.932602489448731 ], [ 110.432019377000373, -7.932602489448731 ], [ 110.432019377000373, -7.931706887016274 ] ] ] ] } },
{ "type": "Feature", "properties": { "Kelas": "Sedang", "SKOR_LONGSOR": 3 }, "geometry": { "type": "MultiPolygon", "coordinates": [ [ [ [ 110.444595790978042, -7.931706887016274 ], [ 110.445494106262174, -7.931706887016274 ], [ 110.445494106262174, -7.932602489448731 ], [ 110.444595790978042, -7.932602489448731 ], [ 110.444595790978042, -7.931706887016274 ] ] ] ] } },
{ "type": "Feature", "properties": { "Kelas": "Sedang", "SKOR_LONGSOR": 3 }, "geometry": { "type": "MultiPolygon", "coordinates": [ [ [ [ 110.449985682682765, -7.931706887016274 ], [ 110.450883997966883, -7.931706887016274 ], [ 110.450883997966883, -7.932602489448731 ], [ 110.449985682682765, -7.932602489448731 ], [ 110.449985682682765, -7.931706887016274 ] ] ] ] } },
{ "type": "Feature", "properties": { "Kelas": "Sedang", "SKOR_LONGSOR": 3 }, "geometry": { "type": "MultiPolygon", "coordinates": [ [ [ [ 110.455375574387489, -7.931706887016274 ], [ 110.456273889671607, -7.931706887016274 ], [ 110.456273889671607, -7.932602489448731 ], [ 110.455375574387489, -7.932602489448731 ], [ 110.455375574387489, -7.931706887016274 ] ] ] ] } },
{ "type": "Feature", "properties": { "Kelas": "Cukup Rendah", "SKOR_LONGSOR": 2 }, "geometry": { "type": "MultiPolygon", "coordinates": [ [ [ [ 110.479630087058709, -7.931706887016274 ], [ 110.480528402342841, -7.931706887016274 ], [ 110.480528402342841, -7.932602489448731 ], [ 110.479630087058709, -7.932602489448731 ], [ 110.479630087058709, -7.931706887016274 ] ] ] ] } },
{ "type": "Feature", "properties": { "Kelas": "Cukup Tinggi", "SKOR_LONGSOR": 4 }, "geometry": { "type": "MultiPolygon", "coordinates": [ [ [ [ 110.4934772, -7.9313986 ], [ 110.4935659, -7.9318612 ], [ 110.4936278, -7.9322436 ], [ 110.4935916, -7.9326882 ], [ 110.4934841, -7.9330616 ], [ 110.4933321, -7.9334171 ], [ 110.493298925645377, -7.933498089904879 ], [ 110.491308185752274, -7.933498089904879 ], [ 110.491308185752274, -7.929915676223303 ], [ 110.492206501036378, -7.929915676223303 ], [ 110.492206501036378, -7.930811282607725 ], [ 110.493104816320511, -7.930811282607725 ], [ 110.493104816320511, -7.930701673124431 ], [ 110.493148, -7.9307847 ], [ 110.4933349, -7.9311139 ], [ 110.4934772, -7.9313986 ] ] ], [ [ [ 110.4933183, -7.9200663 ], [ 110.4932216, -7.9202133 ], [ 110.4931136, -7.9203603 ], [ 110.4929999, -7.9205299 ], [ 110.4929884, -7.9206713 ], [ 110.4930833, -7.9207843 ], [ 110.4931734, -7.9209645 ], [ 110.4933396, -7.921164 ], [ 110.4934188, -7.9213791 ], [ 110.4934413, -7.9215885 ], [ 110.4933444, -7.9218996 ], [ 110.4932306, -7.9221541 ], [ 110.493077, -7.9224764 ], [ 110.4930313, -7.9226857 ], [ 110.4929573, -7.9228497 ], [ 110.4928607, -7.9230194 ], [ 110.4927527, -7.923155 ], [ 110.4926844, -7.9232681 ], [ 110.492548, -7.9234717 ], [ 110.492315371296826, -7.923646376226084 ], [ 110.492206501036378, -7.923646376226084 ], [ 110.492206501036378, -7.923778739506774 ], [ 110.4921852, -7.9238073 ], [ 110.4921396, -7.9238828 ], [ 110.4919514, -7.9246296 ], [ 110.4917811, -7.9253141 ], [ 110.491761240406987, -7.925437614670662 ], [ 110.490409870468142, -7.925437614670662 ], [ 110.490409870468142, -7.929020067863219 ], [ 110.491308185752274, -7.929020067863219 ], [ 110.491308185752274, -7.929915676223303 ], [ 110.489511555184038, -7.929915676223303 ], [ 110.489511555184038, -7.929020067863219 ], [ 110.488613239899905, -7.929020067863219 ], [ 110.488613239899905, -7.928124457527699 ], [ 110.487714924615787, -7.928124457527699 ], [ 110.487714924615787, -7.926333230931201 ], [ 110.488613239899905, -7.926333230931201 ], [ 110.488613239899905, -7.922750754042478 ], [ 110.489511555184038, -7.922750754042478 ], [ 110.489511555184038, -7.921855129884956 ], [ 110.488613239899905, -7.921855129884956 ], [ 110.488613239899905, -7.920959503753727 ], [ 110.487714924615787, -7.920959503753727 ], [ 110.487714924615787, -7.918272613520002 ], [ 110.486816609331669, -7.918272613520002 ], [ 110.486816609331669, -7.917376979496137 ], [ 110.488613239899905, -7.917376979496137 ], [ 110.488613239899905, -7.919168245571034 ], [ 110.489511555184038, -7.919168245571034 ], [ 110.489511555184038, -7.920063875649016 ], [ 110.491308185752274, -7.920063875649016 ], [ 110.491308185752274, -7.917376979496137 ], [ 110.490409870468142, -7.917376979496137 ], [ 110.490409870468142, -7.916481343499651 ], [ 110.493104816320511, -7.916481343499651 ], [ 110.493104816320511, -7.917376979496137 ], [ 110.492206501036378, -7.917376979496137 ], [ 110.492206501036378, -7.919168245571034 ], [ 110.493104816320511, -7.919168245571034 ], [ 110.493104816320511, -7.918272613520002 ], [ 110.494003131604615, -7.918272613520002 ], [ 110.494003131604615, -7.918689530254311 ], [ 110.494001, -7.9186921 ], [ 110.4937959, -7.9193143 ], [ 110.4935457, -7.9197101 ], [ 110.4934036, -7.9199193 ], [ 110.4933183, -7.9200663 ] ], [ [ 110.491308185752274, -7.922750754042478 ], [ 110.492206501036378, -7.922750754042478 ], [ 110.492206501036378, -7.921855129884956 ], [ 110.493104816320511, -7.921855129884956 ], [ 110.493104816320511, -7.920959503753727 ], [ 110.492206501036378, -7.920959503753727 ], [ 110.492206501036378, -7.920063875649016 ], [ 110.491308185752274, -7.920063875649016 ], [ 110.491308185752274, -7.922750754042478 ] ], [ [ 110.490409870468142, -7.922750754042478 ], [ 110.490409870468142, -7.92454199643555 ], [ 110.491308185752274, -7.92454199643555 ], [ 110.491308185752274, -7.922750754042478 ], [ 110.490409870468142, -7.922750754042478 ] ] ] ] } },
{ "type": "Feature", "properties": { "Kelas": "Sangat Rendah", "SKOR_LONGSOR": 1 }, "geometry": { "type": "MultiPolygon", "coordinates": [ [ [ [ 110.419442963022703, -7.928124457527699 ], [ 110.420341278306836, -7.928124457527699 ], [ 110.420341278306836, -7.929020067863219 ], [ 110.42123959359094, -7.929020067863219 ], [ 110.42123959359094, -7.929915676223303 ], [ 110.422137908875072, -7.929915676223303 ], [ 110.422137908875072, -7.928124457527699 ], [ 110.423036224159176, -7.928124457527699 ], [ 110.423036224159176, -7.931706887016274 ], [ 110.422137908875072, -7.931706887016274 ], [ 110.422137908875072, -7.932602489448731 ], [ 110.42123959359094, -7.932602489448731 ], [ 110.42123959359094, -7.933498089904879 ], [ 110.420341278306836, -7.933498089904879 ], [ 110.420341278306836, -7.932602489448731 ], [ 110.419442963022703, -7.932602489448731 ], [ 110.419442963022703, -7.931706887016274 ], [ 110.420341278306836, -7.931706887016274 ], [ 110.420341278306836, -7.929915676223303 ], [ 110.419442963022703, -7.929915676223303 ], [ 110.419442963022703, -7.928124457527699 ] ] ] ] } },
{ "type": "Feature", "properties": { "Kelas": "Tinggi", "SKOR_LONGSOR": 0 }, "geometry": { "type": "MultiPolygon", "coordinates": [ [ [ [ 110.402374972624443, -7.927228845216954 ], [ 110.40417160319268, -7.927228845216954 ], [ 110.40417160319268, -7.928124457527699 ], [ 110.405069918476798, -7.928124457527699 ], [ 110.405069918476798, -7.929020067863219 ], [ 110.407764864329152, -7.929020067863219 ], [ 110.407764864329152, -7.930811282607725 ], [ 110.405968233760916, -7.930811282607725 ], [ 110.405968233760916, -7.931706887016274 ], [ 110.413154756033876, -7.931706887016274 ], [ 110.413154756033876, -7.932602489448731 ], [ 110.408663179613271, -7.932602489448731 ], [ 110.408663179613271, -7.933498089904879 ], [ 110.407764864329152, -7.933498089904879 ], [ 110.407764864329152, -7.932602489448731 ], [ 110.406866549045034, -7.932602489448731 ], [ 110.406866549045034, -7.933498089904879 ], [ 110.403273287908561, -7.933498089904879 ], [ 110.403273287908561, -7.934393688384501 ], [ 110.402374972624443, -7.934393688384501 ], [ 110.402374972624443, -7.933498089904879 ], [ 110.397883396203838, -7.933498089904879 ], [ 110.397883396203838, -7.934393688384501 ], [ 110.39698508091972, -7.934393688384501 ], [ 110.39698508091972, -7.933498089904879 ], [ 110.395188450351469, -7.933498089904879 ], [ 110.395188450351469, -7.934393688384501 ], [ 110.393391819783233, -7.934393688384501 ], [ 110.393391819783233, -7.932602489448731 ], [ 110.394290135067365, -7.932602489448731 ], [ 110.394290135067365, -7.931706887016274 ], [ 110.395188450351469, -7.931706887016274 ], [ 110.395188450351469, -7.930811282607725 ], [ 110.398781711487956, -7.930811282607725 ], [ 110.398781711487956, -7.929915676223303 ], [ 110.399680026772074, -7.929915676223303 ], [ 110.399680026772074, -7.930811282607725 ], [ 110.401476657340311, -7.930811282607725 ], [ 110.401476657340311, -7.929915676223303 ], [ 110.403273287908561, -7.929915676223303 ], [ 110.403273287908561, -7.929020067863219 ], [ 110.402374972624443, -7.929020067863219 ], [ 110.402374972624443, -7.927228845216954 ] ] ] ] } },
{ "type": "Feature", "properties": { "Kelas": "Cukup Tinggi", "SKOR_LONGSOR": 4 }, "geometry": { "type": "MultiPolygon", "coordinates": [ [ [ [ 110.406866549045034, -7.932602489448731 ], [ 110.407764864329152, -7.932602489448731 ], [ 110.407764864329152, -7.933498089904879 ], [ 110.408663179613271, -7.933498089904879 ], [ 110.408663179613271, -7.934393688384501 ], [ 110.406866549045034, -7.934393688384501 ], [ 110.406866549045034, -7.932602489448731 ] ] ] ] } },
{ "type": "Feature", "properties": { "Kelas": "Cukup Tinggi", "SKOR_LONGSOR": 4 }, "geometry": { "type": "MultiPolygon", "coordinates": [ [ [ [ 110.408663179613271, -7.932602489448731 ], [ 110.410459810181507, -7.932602489448731 ], [ 110.410459810181507, -7.933498089904879 ], [ 110.408663179613271, -7.933498089904879 ], [ 110.408663179613271, -7.932602489448731 ] ] ] ] } },
{ "type": "Feature", "properties": { "Kelas": "Tinggi", "SKOR_LONGSOR": 0 }, "geometry": { "type": "MultiPolygon", "coordinates": [ [ [ [ 110.449985682682765, -7.932602489448731 ], [ 110.450883997966883, -7.932602489448731 ], [ 110.450883997966883, -7.933498089904879 ], [ 110.449985682682765, -7.933498089904879 ], [ 110.449985682682765, -7.932602489448731 ] ] ] ] } },
{ "type": "Feature", "properties": { "Kelas": "Sedang", "SKOR_LONGSOR": 3 }, "geometry": { "type": "MultiPolygon", "coordinates": [ [ [ [ 110.453578943819252, -7.932602489448731 ], [ 110.455375574387489, -7.932602489448731 ], [ 110.455375574387489, -7.933498089904879 ], [ 110.453578943819252, -7.933498089904879 ], [ 110.453578943819252, -7.932602489448731 ] ] ] ] } },
{ "type": "Feature", "properties": { "Kelas": "Cukup Rendah", "SKOR_LONGSOR": 2 }, "geometry": { "type": "MultiPolygon", "coordinates": [ [ [ [ 110.455375574387489, -7.932602489448731 ], [ 110.456273889671607, -7.932602489448731 ], [ 110.456273889671607, -7.934393688384501 ], [ 110.455375574387489, -7.934393688384501 ], [ 110.455375574387489, -7.932602489448731 ] ] ] ] } },
{ "type": "Feature", "properties": { "Kelas": "Cukup Rendah", "SKOR_LONGSOR": 2 }, "geometry": { "type": "MultiPolygon", "coordinates": [ [ [ [ 110.478731771774605, -7.932602489448731 ], [ 110.479630087058709, -7.932602489448731 ], [ 110.479630087058709, -7.934393688384501 ], [ 110.478731771774605, -7.934393688384501 ], [ 110.478731771774605, -7.932602489448731 ] ] ] ] } },
{ "type": "Feature", "properties": { "Kelas": "Cukup Rendah", "SKOR_LONGSOR": 2 }, "geometry": { "type": "MultiPolygon", "coordinates": [ [ [ [ 110.488613239899905, -7.929915676223303 ], [ 110.491308185752274, -7.929915676223303 ], [ 110.491308185752274, -7.933498089904879 ], [ 110.490409870468142, -7.933498089904879 ], [ 110.490409870468142, -7.934393688384501 ], [ 110.487714924615787, -7.934393688384501 ], [ 110.487714924615787, -7.932602489448731 ], [ 110.488613239899905, -7.932602489448731 ], [ 110.488613239899905, -7.929915676223303 ] ] ] ] } },
{ "type": "Feature", "properties": { "Kelas": "Cukup Rendah", "SKOR_LONGSOR": 2 }, "geometry": { "type": "MultiPolygon", "coordinates": [ [ [ [ 110.410459810181507, -7.932602489448731 ], [ 110.41135812546564, -7.932602489448731 ], [ 110.41135812546564, -7.935289284887379 ], [ 110.407764864329152, -7.935289284887379 ], [ 110.407764864329152, -7.936184879413294 ], [ 110.406866549045034, -7.936184879413294 ], [ 110.406866549045034, -7.935289284887379 ], [ 110.40417160319268, -7.935289284887379 ], [ 110.40417160319268, -7.936184879413294 ], [ 110.403273287908561, -7.936184879413294 ], [ 110.403273287908561, -7.937976062533377 ], [ 110.402374972624443, -7.937976062533377 ], [ 110.402374972624443, -7.938871651127108 ], [ 110.401476657340311, -7.938871651127108 ], [ 110.401476657340311, -7.937976062533377 ], [ 110.400578342056193, -7.937976062533377 ], [ 110.400578342056193, -7.935289284887379 ], [ 110.399680026772074, -7.935289284887379 ], [ 110.399680026772074, -7.933498089904879 ], [ 110.401476657340311, -7.933498089904879 ], [ 110.401476657340311, -7.935289284887379 ], [ 110.402374972624443, -7.935289284887379 ], [ 110.402374972624443, -7.934393688384501 ], [ 110.405069918476798, -7.934393688384501 ], [ 110.405069918476798, -7.933498089904879 ], [ 110.406866549045034, -7.933498089904879 ], [ 110.406866549045034, -7.934393688384501 ], [ 110.408663179613271, -7.934393688384501 ], [ 110.408663179613271, -7.933498089904879 ], [ 110.410459810181507, -7.933498089904879 ], [ 110.410459810181507, -7.932602489448731 ] ] ] ] } },
{ "type": "Feature", "properties": { "Kelas": "Cukup Tinggi", "SKOR_LONGSOR": 4 }, "geometry": { "type": "MultiPolygon", "coordinates": [ [ [ [ 110.401476657340311, -7.933498089904879 ], [ 110.402374972624443, -7.933498089904879 ], [ 110.402374972624443, -7.935289284887379 ], [ 110.401476657340311, -7.935289284887379 ], [ 110.401476657340311, -7.933498089904879 ] ] ] ] } },
{ "type": "Feature", "properties": { "Kelas": "Cukup Tinggi", "SKOR_LONGSOR": 4 }, "geometry": { "type": "MultiPolygon", "coordinates": [ [ [ [ 110.403273287908561, -7.933498089904879 ], [ 110.405069918476798, -7.933498089904879 ], [ 110.405069918476798, -7.934393688384501 ], [ 110.403273287908561, -7.934393688384501 ], [ 110.403273287908561, -7.933498089904879 ] ] ] ] } },
{ "type": "Feature", "properties": { "Kelas": "Cukup Tinggi", "SKOR_LONGSOR": 4 }, "geometry": { "type": "MultiPolygon", "coordinates": [ [ [ [ 110.450883997966883, -7.933498089904879 ], [ 110.451782313251016, -7.933498089904879 ], [ 110.451782313251016, -7.934393688384501 ], [ 110.450883997966883, -7.934393688384501 ], [ 110.450883997966883, -7.933498089904879 ] ] ] ] } },
{ "type": "Feature", "properties": { "Kelas": "Tinggi", "SKOR_LONGSOR": 0 }, "geometry": { "type": "MultiPolygon", "coordinates": [ [ [ [ 110.451782313251016, -7.933498089904879 ], [ 110.453578943819252, -7.933498089904879 ], [ 110.453578943819252, -7.934393688384501 ], [ 110.454477259103371, -7.934393688384501 ], [ 110.454477259103371, -7.935289284887379 ], [ 110.452680628535134, -7.935289284887379 ], [ 110.452680628535134, -7.934393688384501 ], [ 110.451782313251016, -7.934393688384501 ], [ 110.451782313251016, -7.933498089904879 ] ] ] ] } },
{ "type": "Feature", "properties": { "Kelas": "Cukup Tinggi", "SKOR_LONGSOR": 4 }, "geometry": { "type": "MultiPolygon", "coordinates": [ [ [ [ 110.453578943819252, -7.933498089904879 ], [ 110.454477259103371, -7.933498089904879 ], [ 110.454477259103371, -7.934393688384501 ], [ 110.453578943819252, -7.934393688384501 ], [ 110.453578943819252, -7.933498089904879 ] ] ] ] } },
{ "type": "Feature", "properties": { "Kelas": "Tinggi", "SKOR_LONGSOR": 0 }, "geometry": { "type": "MultiPolygon", "coordinates": [ [ [ [ 110.454477259103371, -7.933498089904879 ], [ 110.455375574387489, -7.933498089904879 ], [ 110.455375574387489, -7.934393688384501 ], [ 110.454477259103371, -7.934393688384501 ], [ 110.454477259103371, -7.933498089904879 ] ] ] ] } },
{ "type": "Feature", "properties": { "Kelas": "Sangat Rendah", "SKOR_LONGSOR": 1 }, "geometry": { "type": "MultiPolygon", "coordinates": [ [ [ [ 110.457172204955739, -7.933498089904879 ], [ 110.458070520239843, -7.933498089904879 ], [ 110.458070520239843, -7.934393688384501 ], [ 110.457172204955739, -7.934393688384501 ], [ 110.457172204955739, -7.933498089904879 ] ] ] ] } },
{ "type": "Feature", "properties": { "Kelas": "Sangat Rendah", "SKOR_LONGSOR": 1 }, "geometry": { "type": "MultiPolygon", "coordinates": [ [ [ [ 110.486816609331669, -7.933498089904879 ], [ 110.487714924615787, -7.933498089904879 ], [ 110.487714924615787, -7.934393688384501 ], [ 110.486816609331669, -7.934393688384501 ], [ 110.486816609331669, -7.933498089904879 ] ] ] ] } },
{ "type": "Feature", "properties": { "Kelas": "Sedang", "SKOR_LONGSOR": 3 }, "geometry": { "type": "MultiPolygon", "coordinates": [ [ [ [ 110.490409870468142, -7.933498089904879 ], [ 110.491308185752274, -7.933498089904879 ], [ 110.491308185752274, -7.934393688384501 ], [ 110.490409870468142, -7.934393688384501 ], [ 110.490409870468142, -7.933498089904879 ] ] ] ] } },
{ "type": "Feature", "properties": { "Kelas": "Cukup Rendah", "SKOR_LONGSOR": 2 }, "geometry": { "type": "MultiPolygon", "coordinates": [ [ [ [ 110.492206501036378, -7.937080471962033 ], [ 110.492206501036378, -7.936292720239222 ], [ 110.4922448, -7.9365683 ], [ 110.492513625658518, -7.937080471962033 ], [ 110.492206501036378, -7.937080471962033 ] ] ], [ [ [ 110.4924356, -7.9351862 ], [ 110.4922808, -7.9355768 ], [ 110.4921678, -7.9359371 ], [ 110.492191540539594, -7.936184879413294 ], [ 110.491308185752274, -7.936184879413294 ], [ 110.491308185752274, -7.933498089904879 ], [ 110.493104816320511, -7.933498089904879 ], [ 110.493104816320511, -7.933965360802183 ], [ 110.4930011, -7.9341636 ], [ 110.4927507, -7.9347413 ], [ 110.4924356, -7.9351862 ] ] ] ] } },
{ "type": "Feature", "properties": { "Kelas": "Sangat Rendah", "SKOR_LONGSOR": 1 }, "geometry": { "type": "MultiPolygon", "coordinates": [ [ [ [ 110.4931173, -7.9339415 ], [ 110.493104816320511, -7.933965360802183 ], [ 110.493104816320511, -7.933498089904879 ], [ 110.493298925645377, -7.933498089904879 ], [ 110.4931173, -7.9339415 ] ] ] ] } },
{ "type": "Feature", "properties": { "Kelas": "Cukup Rendah", "SKOR_LONGSOR": 2 }, "geometry": { "type": "MultiPolygon", "coordinates": [ [ [ [ 110.394290135067365, -7.934393688384501 ], [ 110.396086765635602, -7.934393688384501 ], [ 110.396086765635602, -7.935289284887379 ], [ 110.394290135067365, -7.935289284887379 ], [ 110.394290135067365, -7.934393688384501 ] ] ] ] } },
{ "type": "Feature", "properties": { "Kelas": "Tinggi", "SKOR_LONGSOR": 0 }, "geometry": { "type": "MultiPolygon", "coordinates": [ [ [ [ 110.412256440749744, -7.934393688384501 ], [ 110.413154756033876, -7.934393688384501 ], [ 110.413154756033876, -7.935289284887379 ], [ 110.412256440749744, -7.935289284887379 ], [ 110.412256440749744, -7.934393688384501 ] ] ] ] } },
{ "type": "Feature", "properties": { "Kelas": "Cukup Tinggi", "SKOR_LONGSOR": 4 }, "geometry": { "type": "MultiPolygon", "coordinates": [ [ [ [ 110.434714322852741, -7.934393688384501 ], [ 110.43561263813686, -7.934393688384501 ], [ 110.43561263813686, -7.935289284887379 ], [ 110.434714322852741, -7.935289284887379 ], [ 110.434714322852741, -7.934393688384501 ] ] ] ] } },
{ "type": "Feature", "properties": { "Kelas": "Sangat Rendah", "SKOR_LONGSOR": 1 }, "geometry": { "type": "MultiPolygon", "coordinates": [ [ [ [ 110.445494106262174, -7.934393688384501 ], [ 110.446392421546292, -7.934393688384501 ], [ 110.446392421546292, -7.935289284887379 ], [ 110.445494106262174, -7.935289284887379 ], [ 110.445494106262174, -7.934393688384501 ] ] ] ] } },
{ "type": "Feature", "properties": { "Kelas": "Sedang", "SKOR_LONGSOR": 3 }, "geometry": { "type": "MultiPolygon", "coordinates": [ [ [ [ 110.449985682682765, -7.934393688384501 ], [ 110.450883997966883, -7.934393688384501 ], [ 110.450883997966883, -7.935289284887379 ], [ 110.449985682682765, -7.935289284887379 ], [ 110.449985682682765, -7.934393688384501 ] ] ] ] } },
{ "type": "Feature", "properties": { "Kelas": "Cukup Rendah", "SKOR_LONGSOR": 2 }, "geometry": { "type": "MultiPolygon", "coordinates": [ [ [ [ 110.450883997966883, -7.934393688384501 ], [ 110.451782313251016, -7.934393688384501 ], [ 110.451782313251016, -7.935289284887379 ], [ 110.450883997966883, -7.935289284887379 ], [ 110.450883997966883, -7.934393688384501 ] ] ] ] } },
{ "type": "Feature", "properties": { "Kelas": "Sedang", "SKOR_LONGSOR": 3 }, "geometry": { "type": "MultiPolygon", "coordinates": [ [ [ [ 110.454477259103371, -7.934393688384501 ], [ 110.455375574387489, -7.934393688384501 ], [ 110.455375574387489, -7.935289284887379 ], [ 110.454477259103371, -7.935289284887379 ], [ 110.454477259103371, -7.934393688384501 ] ] ] ] } },
{ "type": "Feature", "properties": { "Kelas": "Cukup Tinggi", "SKOR_LONGSOR": 4 }, "geometry": { "type": "MultiPolygon", "coordinates": [ [ [ [ 110.456273889671607, -7.929915676223303 ], [ 110.457172204955739, -7.929915676223303 ], [ 110.457172204955739, -7.935289284887379 ], [ 110.458070520239843, -7.935289284887379 ], [ 110.458070520239843, -7.937080471962033 ], [ 110.456273889671607, -7.937080471962033 ], [ 110.456273889671607, -7.936184879413294 ], [ 110.455375574387489, -7.936184879413294 ], [ 110.455375574387489, -7.934393688384501 ], [ 110.456273889671607, -7.934393688384501 ], [ 110.456273889671607, -7.929915676223303 ] ] ] ] } },
{ "type": "Feature", "properties": { "Kelas": "Cukup Rendah", "SKOR_LONGSOR": 2 }, "geometry": { "type": "MultiPolygon", "coordinates": [ [ [ [ 110.457172204955739, -7.934393688384501 ], [ 110.458070520239843, -7.934393688384501 ], [ 110.458070520239843, -7.935289284887379 ], [ 110.457172204955739, -7.935289284887379 ], [ 110.457172204955739, -7.934393688384501 ] ] ] ] } },
{ "type": "Feature", "properties": { "Kelas": "Sangat Rendah", "SKOR_LONGSOR": 1 }, "geometry": { "type": "MultiPolygon", "coordinates": [ [ [ [ 110.475138510638118, -7.934393688384501 ], [ 110.476036825922236, -7.934393688384501 ], [ 110.476036825922236, -7.935289284887379 ], [ 110.475138510638118, -7.935289284887379 ], [ 110.475138510638118, -7.934393688384501 ] ] ] ] } },
{ "type": "Feature", "properties": { "Kelas": "Sangat Rendah", "SKOR_LONGSOR": 1 }, "geometry": { "type": "MultiPolygon", "coordinates": [ [ [ [ 110.477833456490472, -7.934393688384501 ], [ 110.479630087058709, -7.934393688384501 ], [ 110.479630087058709, -7.935289284887379 ], [ 110.477833456490472, -7.935289284887379 ], [ 110.477833456490472, -7.934393688384501 ] ] ] ] } },
{ "type": "Feature", "properties": { "Kelas": "Cukup Rendah", "SKOR_LONGSOR": 2 }, "geometry": { "type": "MultiPolygon", "coordinates": [ [ [ [ 110.486816609331669, -7.934393688384501 ], [ 110.487714924615787, -7.934393688384501 ], [ 110.487714924615787, -7.935289284887379 ], [ 110.486816609331669, -7.935289284887379 ], [ 110.486816609331669, -7.934393688384501 ] ] ] ] } },
{ "type": "Feature", "properties": { "Kelas": "Sedang", "SKOR_LONGSOR": 3 }, "geometry": { "type": "MultiPolygon", "coordinates": [ [ [ [ 110.489511555184038, -7.934393688384501 ], [ 110.490409870468142, -7.934393688384501 ], [ 110.490409870468142, -7.935289284887379 ], [ 110.489511555184038, -7.935289284887379 ], [ 110.489511555184038, -7.934393688384501 ] ] ] ] } },
{ "type": "Feature", "properties": { "Kelas": "Cukup Tinggi", "SKOR_LONGSOR": 4 }, "geometry": { "type": "MultiPolygon", "coordinates": [ [ [ [ 110.490409870468142, -7.934393688384501 ], [ 110.491308185752274, -7.934393688384501 ], [ 110.491308185752274, -7.936184879413294 ], [ 110.490409870468142, -7.936184879413294 ], [ 110.490409870468142, -7.934393688384501 ] ] ] ] } },
{ "type": "Feature", "properties": { "Kelas": "Sedang", "SKOR_LONGSOR": 3 }, "geometry": { "type": "MultiPolygon", "coordinates": [ [ [ [ 110.39698508091972, -7.935289284887379 ], [ 110.398781711487956, -7.935289284887379 ], [ 110.398781711487956, -7.936184879413294 ], [ 110.39698508091972, -7.936184879413294 ], [ 110.39698508091972, -7.935289284887379 ] ] ] ] } },
{ "type": "Feature", "properties": { "Kelas": "Sedang", "SKOR_LONGSOR": 3 }, "geometry": { "type": "MultiPolygon", "coordinates": [ [ [ [ 110.40417160319268, -7.935289284887379 ], [ 110.405069918476798, -7.935289284887379 ], [ 110.405069918476798, -7.936184879413294 ], [ 110.40417160319268, -7.936184879413294 ], [ 110.40417160319268, -7.935289284887379 ] ] ] ] } },
{ "type": "Feature", "properties": { "Kelas": "Sedang", "SKOR_LONGSOR": 3 }, "geometry": { "type": "MultiPolygon", "coordinates": [ [ [ [ 110.405968233760916, -7.935289284887379 ], [ 110.406866549045034, -7.935289284887379 ], [ 110.406866549045034, -7.936184879413294 ], [ 110.405968233760916, -7.936184879413294 ], [ 110.405968233760916, -7.935289284887379 ] ] ] ] } },
{ "type": "Feature", "properties": { "Kelas": "Sedang", "SKOR_LONGSOR": 3 }, "geometry": { "type": "MultiPolygon", "coordinates": [ [ [ [ 110.414053071317994, -7.935289284887379 ], [ 110.414951386602112, -7.935289284887379 ], [ 110.414951386602112, -7.936184879413294 ], [ 110.414053071317994, -7.936184879413294 ], [ 110.414053071317994, -7.935289284887379 ] ] ] ] } },
{ "type": "Feature", "properties": { "Kelas": "Sedang", "SKOR_LONGSOR": 3 }, "geometry": { "type": "MultiPolygon", "coordinates": [ [ [ [ 110.423036224159176, -7.935289284887379 ], [ 110.423934539443309, -7.935289284887379 ], [ 110.423934539443309, -7.936184879413294 ], [ 110.423036224159176, -7.936184879413294 ], [ 110.423036224159176, -7.935289284887379 ] ] ] ] } },
{ "type": "Feature", "properties": { "Kelas": "Sedang", "SKOR_LONGSOR": 3 }, "geometry": { "type": "MultiPolygon", "coordinates": [ [ [ [ 110.424832854727427, -7.935289284887379 ], [ 110.426629485295663, -7.935289284887379 ], [ 110.426629485295663, -7.936184879413294 ], [ 110.424832854727427, -7.936184879413294 ], [ 110.424832854727427, -7.935289284887379 ] ] ] ] } },
{ "type": "Feature", "properties": { "Kelas": "Sedang", "SKOR_LONGSOR": 3 }, "geometry": { "type": "MultiPolygon", "coordinates": [ [ [ [ 110.436510953420978, -7.935289284887379 ], [ 110.437409268705096, -7.935289284887379 ], [ 110.437409268705096, -7.936184879413294 ], [ 110.436510953420978, -7.936184879413294 ], [ 110.436510953420978, -7.935289284887379 ] ] ] ] } },
{ "type": "Feature", "properties": { "Kelas": "Sangat Rendah", "SKOR_LONGSOR": 1 }, "geometry": { "type": "MultiPolygon", "coordinates": [ [ [ [ 110.447290736830411, -7.935289284887379 ], [ 110.448189052114529, -7.935289284887379 ], [ 110.448189052114529, -7.937080471962033 ], [ 110.447290736830411, -7.937080471962033 ], [ 110.447290736830411, -7.935289284887379 ] ] ] ] } },
{ "type": "Feature", "properties": { "Kelas": "Cukup Rendah", "SKOR_LONGSOR": 2 }, "geometry": { "type": "MultiPolygon", "coordinates": [ [ [ [ 110.453578943819252, -7.935289284887379 ], [ 110.455375574387489, -7.935289284887379 ], [ 110.455375574387489, -7.936184879413294 ], [ 110.456273889671607, -7.936184879413294 ], [ 110.456273889671607, -7.937080471962033 ], [ 110.454477259103371, -7.937080471962033 ], [ 110.454477259103371, -7.936184879413294 ], [ 110.453578943819252, -7.936184879413294 ], [ 110.453578943819252, -7.935289284887379 ] ] ] ] } },
{ "type": "Feature", "properties": { "Kelas": "Sangat Rendah", "SKOR_LONGSOR": 1 }, "geometry": { "type": "MultiPolygon", "coordinates": [ [ [ [ 110.393391819783233, -7.936184879413294 ], [ 110.394290135067365, -7.936184879413294 ], [ 110.394290135067365, -7.937080471962033 ], [ 110.393391819783233, -7.937080471962033 ], [ 110.393391819783233, -7.936184879413294 ] ] ] ] } },
{ "type": "Feature", "properties": { "Kelas": "Cukup Rendah", "SKOR_LONGSOR": 2 }, "geometry": { "type": "MultiPolygon", "coordinates": [ [ [ [ 110.39698508091972, -7.936184879413294 ], [ 110.397883396203838, -7.936184879413294 ], [ 110.397883396203838, -7.937080471962033 ], [ 110.39698508091972, -7.937080471962033 ], [ 110.39698508091972, -7.936184879413294 ] ] ] ] } },
{ "type": "Feature", "properties": { "Kelas": "Cukup Tinggi", "SKOR_LONGSOR": 4 }, "geometry": { "type": "MultiPolygon", "coordinates": [ [ [ [ 110.405069918476798, -7.921855129884956 ], [ 110.405968233760916, -7.921855129884956 ], [ 110.405968233760916, -7.922750754042478 ], [ 110.405069918476798, -7.922750754042478 ], [ 110.405069918476798, -7.92454199643555 ], [ 110.405968233760916, -7.92454199643555 ], [ 110.405968233760916, -7.923646376226084 ], [ 110.406866549045034, -7.923646376226084 ], [ 110.406866549045034, -7.925437614670662 ], [ 110.407764864329152, -7.925437614670662 ], [ 110.407764864329152, -7.926333230931201 ], [ 110.408663179613271, -7.926333230931201 ], [ 110.408663179613271, -7.925437614670662 ], [ 110.409561494897403, -7.925437614670662 ], [ 110.409561494897403, -7.92454199643555 ], [ 110.408663179613271, -7.92454199643555 ], [ 110.408663179613271, -7.923646376226084 ], [ 110.412256440749744, -7.923646376226084 ], [ 110.412256440749744, -7.921855129884956 ], [ 110.413154756033876, -7.921855129884956 ], [ 110.413154756033876, -7.922750754042478 ], [ 110.414951386602112, -7.922750754042478 ], [ 110.414951386602112, -7.923646376226084 ], [ 110.413154756033876, -7.923646376226084 ], [ 110.413154756033876, -7.92454199643555 ], [ 110.412256440749744, -7.92454199643555 ], [ 110.412256440749744, -7.926333230931201 ], [ 110.413154756033876, -7.926333230931201 ], [ 110.413154756033876, -7.928124457527699 ], [ 110.412256440749744, -7.928124457527699 ], [ 110.412256440749744, -7.929020067863219 ], [ 110.414053071317994, -7.929020067863219 ], [ 110.414053071317994, -7.927228845216954 ], [ 110.414951386602112, -7.927228845216954 ], [ 110.414951386602112, -7.928124457527699 ], [ 110.415849701886231, -7.928124457527699 ], [ 110.415849701886231, -7.929020067863219 ], [ 110.416748017170349, -7.929020067863219 ], [ 110.416748017170349, -7.929915676223303 ], [ 110.418544647738585, -7.929915676223303 ], [ 110.418544647738585, -7.930811282607725 ], [ 110.415849701886231, -7.930811282607725 ], [ 110.415849701886231, -7.932602489448731 ], [ 110.414053071317994, -7.932602489448731 ], [ 110.414053071317994, -7.933498089904879 ], [ 110.413154756033876, -7.933498089904879 ], [ 110.413154756033876, -7.934393688384501 ], [ 110.414053071317994, -7.934393688384501 ], [ 110.414053071317994, -7.939767237743012 ], [ 110.413154756033876, -7.939767237743012 ], [ 110.413154756033876, -7.938871651127108 ], [ 110.412256440749744, -7.938871651127108 ], [ 110.412256440749744, -7.937976062533377 ], [ 110.41135812546564, -7.937976062533377 ], [ 110.41135812546564, -7.939767237743012 ], [ 110.410459810181507, -7.939767237743012 ], [ 110.410459810181507, -7.938871651127108 ], [ 110.408663179613271, -7.938871651127108 ], [ 110.408663179613271, -7.937976062533377 ], [ 110.406866549045034, -7.937976062533377 ], [ 110.406866549045034, -7.937080471962033 ], [ 110.405968233760916, -7.937080471962033 ], [ 110.405968233760916, -7.936184879413294 ], [ 110.407764864329152, -7.936184879413294 ], [ 110.407764864329152, -7.935289284887379 ], [ 110.41135812546564, -7.935289284887379 ], [ 110.41135812546564, -7.932602489448731 ], [ 110.413154756033876, -7.932602489448731 ], [ 110.413154756033876, -7.931706887016274 ], [ 110.405968233760916, -7.931706887016274 ], [ 110.405968233760916, -7.930811282607725 ], [ 110.407764864329152, -7.930811282607725 ], [ 110.407764864329152, -7.929020067863219 ], [ 110.405069918476798, -7.929020067863219 ], [ 110.405069918476798, -7.928124457527699 ], [ 110.405968233760916, -7.928124457527699 ], [ 110.405968233760916, -7.926333230931201 ], [ 110.40417160319268, -7.926333230931201 ], [ 110.40417160319268, -7.927228845216954 ], [ 110.400578342056193, -7.927228845216954 ], [ 110.400578342056193, -7.926333230931201 ], [ 110.401476657340311, -7.926333230931201 ], [ 110.401476657340311, -7.925437614670662 ], [ 110.402374972624443, -7.925437614670662 ], [ 110.402374972624443, -7.923646376226084 ], [ 110.403273287908561, -7.923646376226084 ], [ 110.403273287908561, -7.922750754042478 ], [ 110.402374972624443, -7.922750754042478 ], [ 110.402374972624443, -7.919168245571034 ], [ 110.405069918476798, -7.919168245571034 ], [ 110.405069918476798, -7.921855129884956 ] ], [ [ 110.414951386602112, -7.929020067863219 ], [ 110.414951386602112, -7.929915676223303 ], [ 110.415849701886231, -7.929915676223303 ], [ 110.415849701886231, -7.929020067863219 ], [ 110.414951386602112, -7.929020067863219 ] ], [ [ 110.412256440749744, -7.934393688384501 ], [ 110.412256440749744, -7.935289284887379 ], [ 110.413154756033876, -7.935289284887379 ], [ 110.413154756033876, -7.934393688384501 ], [ 110.412256440749744, -7.934393688384501 ] ], [ [ 110.409561494897403, -7.930811282607725 ], [ 110.412256440749744, -7.930811282607725 ], [ 110.412256440749744, -7.929915676223303 ], [ 110.410459810181507, -7.929915676223303 ], [ 110.410459810181507, -7.929020067863219 ], [ 110.409561494897403, -7.929020067863219 ], [ 110.409561494897403, -7.930811282607725 ] ], [ [ 110.409561494897403, -7.928124457527699 ], [ 110.410459810181507, -7.928124457527699 ], [ 110.410459810181507, -7.927228845216954 ], [ 110.408663179613271, -7.927228845216954 ], [ 110.408663179613271, -7.929020067863219 ], [ 110.409561494897403, -7.929020067863219 ], [ 110.409561494897403, -7.928124457527699 ] ] ] ] } },
{ "type": "Feature", "properties": { "Kelas": "Cukup Rendah", "SKOR_LONGSOR": 2 }, "geometry": { "type": "MultiPolygon", "coordinates": [ [ [ [ 110.414053071317994, -7.936184879413294 ], [ 110.414951386602112, -7.936184879413294 ], [ 110.414951386602112, -7.937976062533377 ], [ 110.414053071317994, -7.937976062533377 ], [ 110.414053071317994, -7.936184879413294 ] ] ] ] } },
{ "type": "Feature", "properties": { "Kelas": "Sedang", "SKOR_LONGSOR": 3 }, "geometry": { "type": "MultiPolygon", "coordinates": [ [ [ [ 110.417646332454467, -7.936184879413294 ], [ 110.418544647738585, -7.936184879413294 ], [ 110.418544647738585, -7.937976062533377 ], [ 110.417646332454467, -7.937976062533377 ], [ 110.417646332454467, -7.936184879413294 ] ] ] ] } },
{ "type": "Feature", "properties": { "Kelas": "Sedang", "SKOR_LONGSOR": 3 }, "geometry": { "type": "MultiPolygon", "coordinates": [ [ [ [ 110.420341278306836, -7.936184879413294 ], [ 110.42123959359094, -7.936184879413294 ], [ 110.42123959359094, -7.937080471962033 ], [ 110.420341278306836, -7.937080471962033 ], [ 110.420341278306836, -7.936184879413294 ] ] ] ] } },
{ "type": "Feature", "properties": { "Kelas": "Cukup Tinggi", "SKOR_LONGSOR": 4 }, "geometry": { "type": "MultiPolygon", "coordinates": [ [ [ [ 110.423934539443309, -7.935289284887379 ], [ 110.424832854727427, -7.935289284887379 ], [ 110.424832854727427, -7.936184879413294 ], [ 110.426629485295663, -7.936184879413294 ], [ 110.426629485295663, -7.937976062533377 ], [ 110.423934539443309, -7.937976062533377 ], [ 110.423934539443309, -7.938871651127108 ], [ 110.422137908875072, -7.938871651127108 ], [ 110.422137908875072, -7.937080471962033 ], [ 110.42123959359094, -7.937080471962033 ], [ 110.42123959359094, -7.936184879413294 ], [ 110.423934539443309, -7.936184879413294 ], [ 110.423934539443309, -7.935289284887379 ] ] ] ] } },
{ "type": "Feature", "properties": { "Kelas": "Cukup Tinggi", "SKOR_LONGSOR": 4 }, "geometry": { "type": "MultiPolygon", "coordinates": [ [ [ [ 110.475138510638118, -7.936184879413294 ], [ 110.476036825922236, -7.936184879413294 ], [ 110.476036825922236, -7.937080471962033 ], [ 110.475138510638118, -7.937080471962033 ], [ 110.475138510638118, -7.936184879413294 ] ] ] ] } },
{ "type": "Feature", "properties": { "Kelas": "Cukup Tinggi", "SKOR_LONGSOR": 4 }, "geometry": { "type": "MultiPolygon", "coordinates": [ [ [ [ 110.480528402342841, -7.936184879413294 ], [ 110.481426717626945, -7.936184879413294 ], [ 110.481426717626945, -7.938871651127108 ], [ 110.480528402342841, -7.938871651127108 ], [ 110.480528402342841, -7.936184879413294 ] ] ] ] } },
{ "type": "Feature", "properties": { "Kelas": "Sedang", "SKOR_LONGSOR": 3 }, "geometry": { "type": "MultiPolygon", "coordinates": [ [ [ [ 110.483223348195182, -7.936184879413294 ], [ 110.484121663479314, -7.936184879413294 ], [ 110.484121663479314, -7.937080471962033 ], [ 110.483223348195182, -7.937080471962033 ], [ 110.483223348195182, -7.936184879413294 ] ] ] ] } },
{ "type": "Feature", "properties": { "Kelas": "Cukup Tinggi", "SKOR_LONGSOR": 4 }, "geometry": { "type": "MultiPolygon", "coordinates": [ [ [ [ 110.4921916, -7.9361855 ], [ 110.492206501036378, -7.936292720239222 ], [ 110.492206501036378, -7.937976062533377 ], [ 110.491308185752274, -7.937976062533377 ], [ 110.491308185752274, -7.936184879413294 ], [ 110.492191540539594, -7.936184879413294 ], [ 110.4921916, -7.9361855 ] ] ] ] } },
{ "type": "Feature", "properties": { "Kelas": "Cukup Rendah", "SKOR_LONGSOR": 2 }, "geometry": { "type": "MultiPolygon", "coordinates": [ [ [ [ 110.393391819783233, -7.937080471962033 ], [ 110.394290135067365, -7.937080471962033 ], [ 110.394290135067365, -7.937976062533377 ], [ 110.393391819783233, -7.937976062533377 ], [ 110.393391819783233, -7.937080471962033 ] ] ] ] } },
{ "type": "Feature", "properties": { "Kelas": "Tinggi", "SKOR_LONGSOR": 0 }, "geometry": { "type": "MultiPolygon", "coordinates": [ [ [ [ 110.395188450351469, -7.937080471962033 ], [ 110.396086765635602, -7.937080471962033 ], [ 110.396086765635602, -7.937976062533377 ], [ 110.395188450351469, -7.937976062533377 ], [ 110.395188450351469, -7.937080471962033 ] ] ] ] } },
{ "type": "Feature", "properties": { "Kelas": "Sedang", "SKOR_LONGSOR": 3 }, "geometry": { "type": "MultiPolygon", "coordinates": [ [ [ [ 110.39698508091972, -7.937080471962033 ], [ 110.397883396203838, -7.937080471962033 ], [ 110.397883396203838, -7.937976062533377 ], [ 110.39698508091972, -7.937976062533377 ], [ 110.39698508091972, -7.937080471962033 ] ] ] ] } },
{ "type": "Feature", "properties": { "Kelas": "Cukup Rendah", "SKOR_LONGSOR": 2 }, "geometry": { "type": "MultiPolygon", "coordinates": [ [ [ [ 110.397883396203838, -7.937080471962033 ], [ 110.398781711487956, -7.937080471962033 ], [ 110.398781711487956, -7.937976062533377 ], [ 110.399680026772074, -7.937976062533377 ], [ 110.399680026772074, -7.938871651127108 ], [ 110.398781711487956, -7.938871651127108 ], [ 110.398781711487956, -7.939767237743012 ], [ 110.397883396203838, -7.939767237743012 ], [ 110.397883396203838, -7.937080471962033 ] ] ] ] } },
{ "type": "Feature", "properties": { "Kelas": "Sedang", "SKOR_LONGSOR": 3 }, "geometry": { "type": "MultiPolygon", "coordinates": [ [ [ [ 110.414951386602112, -7.937080471962033 ], [ 110.415849701886231, -7.937080471962033 ], [ 110.415849701886231, -7.937976062533377 ], [ 110.414951386602112, -7.937976062533377 ], [ 110.414951386602112, -7.937080471962033 ] ] ] ] } },
{ "type": "Feature", "properties": { "Kelas": "Cukup Tinggi", "SKOR_LONGSOR": 4 }, "geometry": { "type": "MultiPolygon", "coordinates": [ [ [ [ 110.419442963022703, -7.937080471962033 ], [ 110.42123959359094, -7.937080471962033 ], [ 110.42123959359094, -7.937976062533377 ], [ 110.420341278306836, -7.937976062533377 ], [ 110.420341278306836, -7.938871651127108 ], [ 110.419442963022703, -7.938871651127108 ], [ 110.419442963022703, -7.937080471962033 ] ] ] ] } },
{ "type": "Feature", "properties": { "Kelas": "Sedang", "SKOR_LONGSOR": 3 }, "geometry": { "type": "MultiPolygon", "coordinates": [ [ [ [ 110.450883997966883, -7.937080471962033 ], [ 110.451782313251016, -7.937080471962033 ], [ 110.451782313251016, -7.937976062533377 ], [ 110.450883997966883, -7.937976062533377 ], [ 110.450883997966883, -7.937080471962033 ] ] ] ] } },
{ "type": "Feature", "properties": { "Kelas": "Sedang", "SKOR_LONGSOR": 3 }, "geometry": { "type": "MultiPolygon", "coordinates": [ [ [ [ 110.454477259103371, -7.937080471962033 ], [ 110.455375574387489, -7.937080471962033 ], [ 110.455375574387489, -7.937976062533377 ], [ 110.454477259103371, -7.937976062533377 ], [ 110.454477259103371, -7.937080471962033 ] ] ] ] } },
{ "type": "Feature", "properties": { "Kelas": "Tinggi", "SKOR_LONGSOR": 0 }, "geometry": { "type": "MultiPolygon", "coordinates": [ [ [ [ 110.455375574387489, -7.937080471962033 ], [ 110.456273889671607, -7.937080471962033 ], [ 110.456273889671607, -7.939767237743012 ], [ 110.455375574387489, -7.939767237743012 ], [ 110.455375574387489, -7.937080471962033 ] ] ] ] } },
{ "type": "Feature", "properties": { "Kelas": "Sedang", "SKOR_LONGSOR": 3 }, "geometry": { "type": "MultiPolygon", "coordinates": [ [ [ [ 110.457172204955739, -7.937080471962033 ], [ 110.458070520239843, -7.937080471962033 ], [ 110.458070520239843, -7.937976062533377 ], [ 110.457172204955739, -7.937976062533377 ], [ 110.457172204955739, -7.937080471962033 ] ] ] ] } },
{ "type": "Feature", "properties": { "Kelas": "Cukup Rendah", "SKOR_LONGSOR": 2 }, "geometry": { "type": "MultiPolygon", "coordinates": [ [ [ [ 110.473341880069881, -7.937080471962033 ], [ 110.474240195354, -7.937080471962033 ], [ 110.474240195354, -7.939767237743012 ], [ 110.473341880069881, -7.939767237743012 ], [ 110.473341880069881, -7.937080471962033 ] ] ] ] } },
{ "type": "Feature", "properties": { "Kelas": "Cukup Tinggi", "SKOR_LONGSOR": 4 }, "geometry": { "type": "MultiPolygon", "coordinates": [ [ [ [ 110.483223348195182, -7.937080471962033 ], [ 110.484121663479314, -7.937080471962033 ], [ 110.484121663479314, -7.938871651127108 ], [ 110.483223348195182, -7.938871651127108 ], [ 110.483223348195182, -7.937080471962033 ] ] ] ] } },
{ "type": "Feature", "properties": { "Kelas": "Cukup Rendah", "SKOR_LONGSOR": 2 }, "geometry": { "type": "MultiPolygon", "coordinates": [ [ [ [ 110.484121663479314, -7.937080471962033 ], [ 110.485019978763432, -7.937080471962033 ], [ 110.485019978763432, -7.938871651127108 ], [ 110.484121663479314, -7.938871651127108 ], [ 110.484121663479314, -7.937080471962033 ] ] ] ] } },
{ "type": "Feature", "properties": { "Kelas": "Sedang", "SKOR_LONGSOR": 3 }, "geometry": { "type": "MultiPolygon", "coordinates": [ [ [ [ 110.414053071317994, -7.937976062533377 ], [ 110.414951386602112, -7.937976062533377 ], [ 110.414951386602112, -7.938871651127108 ], [ 110.414053071317994, -7.938871651127108 ], [ 110.414053071317994, -7.937976062533377 ] ] ] ] } },
{ "type": "Feature", "properties": { "Kelas": "Cukup Tinggi", "SKOR_LONGSOR": 4 }, "geometry": { "type": "MultiPolygon", "coordinates": [ [ [ [ 110.414951386602112, -7.936184879413294 ], [ 110.417646332454467, -7.936184879413294 ], [ 110.417646332454467, -7.937976062533377 ], [ 110.416748017170349, -7.937976062533377 ], [ 110.416748017170349, -7.938871651127108 ], [ 110.414951386602112, -7.938871651127108 ], [ 110.414951386602112, -7.937976062533377 ], [ 110.415849701886231, -7.937976062533377 ], [ 110.415849701886231, -7.937080471962033 ], [ 110.414951386602112, -7.937080471962033 ], [ 110.414951386602112, -7.936184879413294 ] ] ] ] } },
{ "type": "Feature", "properties": { "Kelas": "Cukup Tinggi", "SKOR_LONGSOR": 4 }, "geometry": { "type": "MultiPolygon", "coordinates": [ [ [ [ 110.417646332454467, -7.937976062533377 ], [ 110.418544647738585, -7.937976062533377 ], [ 110.418544647738585, -7.938871651127108 ], [ 110.417646332454467, -7.938871651127108 ], [ 110.417646332454467, -7.937976062533377 ] ] ] ] } },
{ "type": "Feature", "properties": { "Kelas": "Sedang", "SKOR_LONGSOR": 3 }, "geometry": { "type": "MultiPolygon", "coordinates": [ [ [ [ 110.420341278306836, -7.937976062533377 ], [ 110.42123959359094, -7.937976062533377 ], [ 110.42123959359094, -7.938871651127108 ], [ 110.420341278306836, -7.938871651127108 ], [ 110.420341278306836, -7.937976062533377 ] ] ] ] } },
{ "type": "Feature", "properties": { "Kelas": "Sedang", "SKOR_LONGSOR": 3 }, "geometry": { "type": "MultiPolygon", "coordinates": [ [ [ [ 110.423934539443309, -7.937976062533377 ], [ 110.424832854727427, -7.937976062533377 ], [ 110.424832854727427, -7.938871651127108 ], [ 110.423934539443309, -7.938871651127108 ], [ 110.423934539443309, -7.937976062533377 ] ] ] ] } },
{ "type": "Feature", "properties": { "Kelas": "Sedang", "SKOR_LONGSOR": 3 }, "geometry": { "type": "MultiPolygon", "coordinates": [ [ [ [ 110.431121061716269, -7.937976062533377 ], [ 110.432019377000373, -7.937976062533377 ], [ 110.432019377000373, -7.938871651127108 ], [ 110.431121061716269, -7.938871651127108 ], [ 110.431121061716269, -7.937976062533377 ] ] ] ] } },
{ "type": "Feature", "properties": { "Kelas": "Sedang", "SKOR_LONGSOR": 3 }, "geometry": { "type": "MultiPolygon", "coordinates": [ [ [ [ 110.487714924615787, -7.937976062533377 ], [ 110.488613239899905, -7.937976062533377 ], [ 110.488613239899905, -7.938871651127108 ], [ 110.487714924615787, -7.938871651127108 ], [ 110.487714924615787, -7.937976062533377 ] ] ] ] } },
{ "type": "Feature", "properties": { "Kelas": "Cukup Tinggi", "SKOR_LONGSOR": 4 }, "geometry": { "type": "MultiPolygon", "coordinates": [ [ [ [ 110.488613239899905, -7.937976062533377 ], [ 110.491308185752274, -7.937976062533377 ], [ 110.491308185752274, -7.938871651127108 ], [ 110.488613239899905, -7.938871651127108 ], [ 110.488613239899905, -7.937976062533377 ] ] ] ] } },
{ "type": "Feature", "properties": { "Kelas": "Cukup Rendah", "SKOR_LONGSOR": 2 }, "geometry": { "type": "MultiPolygon", "coordinates": [ [ [ [ 110.49220488843963, -7.938871651127108 ], [ 110.491308185752274, -7.938871651127108 ], [ 110.491308185752274, -7.937976062533377 ], [ 110.492206501036378, -7.937976062533377 ], [ 110.492206501036378, -7.938868726002656 ], [ 110.49220488843963, -7.938871651127108 ] ] ] ] } },
{ "type": "Feature", "properties": { "Kelas": "Cukup Tinggi", "SKOR_LONGSOR": 4 }, "geometry": { "type": "MultiPolygon", "coordinates": [ [ [ [ 110.420341278306836, -7.938871651127108 ], [ 110.42123959359094, -7.938871651127108 ], [ 110.42123959359094, -7.939767237743012 ], [ 110.420341278306836, -7.939767237743012 ], [ 110.420341278306836, -7.938871651127108 ] ] ] ] } },
{ "type": "Feature", "properties": { "Kelas": "Sedang", "SKOR_LONGSOR": 3 }, "geometry": { "type": "MultiPolygon", "coordinates": [ [ [ [ 110.438307583989214, -7.938871651127108 ], [ 110.439205899273333, -7.938871651127108 ], [ 110.439205899273333, -7.939767237743012 ], [ 110.438307583989214, -7.939767237743012 ], [ 110.438307583989214, -7.938871651127108 ] ] ] ] } },
{ "type": "Feature", "properties": { "Kelas": "Sedang", "SKOR_LONGSOR": 3 }, "geometry": { "type": "MultiPolygon", "coordinates": [ [ [ [ 110.452680628535134, -7.938871651127108 ], [ 110.453578943819252, -7.938871651127108 ], [ 110.453578943819252, -7.939767237743012 ], [ 110.452680628535134, -7.939767237743012 ], [ 110.452680628535134, -7.938871651127108 ] ] ] ] } },
{ "type": "Feature", "properties": { "Kelas": "Sedang", "SKOR_LONGSOR": 3 }, "geometry": { "type": "MultiPolygon", "coordinates": [ [ [ [ 110.456273889671607, -7.938871651127108 ], [ 110.457172204955739, -7.938871651127108 ], [ 110.457172204955739, -7.939767237743012 ], [ 110.456273889671607, -7.939767237743012 ], [ 110.456273889671607, -7.938871651127108 ] ] ] ] } },
{ "type": "Feature", "properties": { "Kelas": "Sedang", "SKOR_LONGSOR": 3 }, "geometry": { "type": "MultiPolygon", "coordinates": [ [ [ [ 110.458968835523976, -7.938871651127108 ], [ 110.45986715080808, -7.938871651127108 ], [ 110.45986715080808, -7.939767237743012 ], [ 110.458968835523976, -7.939767237743012 ], [ 110.458968835523976, -7.938871651127108 ] ] ] ] } },
{ "type": "Feature", "properties": { "Kelas": "Cukup Tinggi", "SKOR_LONGSOR": 4 }, "geometry": { "type": "MultiPolygon", "coordinates": [ [ [ [ 110.446392421546292, -7.929915676223303 ], [ 110.447290736830411, -7.929915676223303 ], [ 110.447290736830411, -7.932602489448731 ], [ 110.448189052114529, -7.932602489448731 ], [ 110.448189052114529, -7.933498089904879 ], [ 110.449087367398647, -7.933498089904879 ], [ 110.449087367398647, -7.934393688384501 ], [ 110.449985682682765, -7.934393688384501 ], [ 110.449985682682765, -7.935289284887379 ], [ 110.451782313251016, -7.935289284887379 ], [ 110.451782313251016, -7.934393688384501 ], [ 110.452680628535134, -7.934393688384501 ], [ 110.452680628535134, -7.935289284887379 ], [ 110.453578943819252, -7.935289284887379 ], [ 110.453578943819252, -7.936184879413294 ], [ 110.454477259103371, -7.936184879413294 ], [ 110.454477259103371, -7.937976062533377 ], [ 110.455375574387489, -7.937976062533377 ], [ 110.455375574387489, -7.939767237743012 ], [ 110.456273889671607, -7.939767237743012 ], [ 110.456273889671607, -7.940662822380868 ], [ 110.457172204955739, -7.940662822380868 ], [ 110.457172204955739, -7.941558405040463 ], [ 110.456273889671607, -7.941558405040463 ], [ 110.456273889671607, -7.942453985721572 ], [ 110.454477259103371, -7.942453985721572 ], [ 110.454477259103371, -7.939767237743012 ], [ 110.453578943819252, -7.939767237743012 ], [ 110.453578943819252, -7.938871651127108 ], [ 110.452680628535134, -7.938871651127108 ], [ 110.452680628535134, -7.937976062533377 ], [ 110.451782313251016, -7.937976062533377 ], [ 110.451782313251016, -7.937080471962033 ], [ 110.449985682682765, -7.937080471962033 ], [ 110.449985682682765, -7.936184879413294 ], [ 110.449087367398647, -7.936184879413294 ], [ 110.449087367398647, -7.935289284887379 ], [ 110.448189052114529, -7.935289284887379 ], [ 110.448189052114529, -7.934393688384501 ], [ 110.446392421546292, -7.934393688384501 ], [ 110.446392421546292, -7.933498089904879 ], [ 110.445494106262174, -7.933498089904879 ], [ 110.445494106262174, -7.930811282607725 ], [ 110.446392421546292, -7.930811282607725 ], [ 110.446392421546292, -7.929915676223303 ] ] ] ] } },
{ "type": "Feature", "properties": { "Kelas": "Cukup Tinggi", "SKOR_LONGSOR": 4 }, "geometry": { "type": "MultiPolygon", "coordinates": [ [ [ [ 110.439205899273333, -7.917376979496137 ], [ 110.441002529841569, -7.917376979496137 ], [ 110.441002529841569, -7.918272613520002 ], [ 110.441900845125701, -7.918272613520002 ], [ 110.441900845125701, -7.919168245571034 ], [ 110.442799160409805, -7.919168245571034 ], [ 110.442799160409805, -7.920063875649016 ], [ 110.443697475693938, -7.920063875649016 ], [ 110.443697475693938, -7.921855129884956 ], [ 110.444595790978042, -7.921855129884956 ], [ 110.444595790978042, -7.923646376226084 ], [ 110.443697475693938, -7.923646376226084 ], [ 110.443697475693938, -7.92454199643555 ], [ 110.446392421546292, -7.92454199643555 ], [ 110.446392421546292, -7.923646376226084 ], [ 110.447290736830411, -7.923646376226084 ], [ 110.447290736830411, -7.920959503753727 ], [ 110.446392421546292, -7.920959503753727 ], [ 110.446392421546292, -7.918272613520002 ], [ 110.447290736830411, -7.918272613520002 ], [ 110.447290736830411, -7.916481343499651 ], [ 110.449087367398647, -7.916481343499651 ], [ 110.449087367398647, -7.917376979496137 ], [ 110.451782313251016, -7.917376979496137 ], [ 110.451782313251016, -7.920063875649016 ], [ 110.450883997966883, -7.920063875649016 ], [ 110.450883997966883, -7.920959503753727 ], [ 110.451782313251016, -7.920959503753727 ], [ 110.451782313251016, -7.922750754042478 ], [ 110.450883997966883, -7.922750754042478 ], [ 110.450883997966883, -7.923646376226084 ], [ 110.449985682682765, -7.923646376226084 ], [ 110.449985682682765, -7.925437614670662 ], [ 110.449087367398647, -7.925437614670662 ], [ 110.449087367398647, -7.927228845216954 ], [ 110.448189052114529, -7.927228845216954 ], [ 110.448189052114529, -7.926333230931201 ], [ 110.447290736830411, -7.926333230931201 ], [ 110.447290736830411, -7.927228845216954 ], [ 110.446392421546292, -7.927228845216954 ], [ 110.446392421546292, -7.929020067863219 ], [ 110.445494106262174, -7.929020067863219 ], [ 110.445494106262174, -7.929915676223303 ], [ 110.442799160409805, -7.929915676223303 ], [ 110.442799160409805, -7.930811282607725 ], [ 110.441900845125701, -7.930811282607725 ], [ 110.441900845125701, -7.929020067863219 ], [ 110.441002529841569, -7.929020067863219 ], [ 110.441002529841569, -7.930811282607725 ], [ 110.440104214557451, -7.930811282607725 ], [ 110.440104214557451, -7.931706887016274 ], [ 110.439205899273333, -7.931706887016274 ], [ 110.439205899273333, -7.938871651127108 ], [ 110.438307583989214, -7.938871651127108 ], [ 110.438307583989214, -7.940662822380868 ], [ 110.437409268705096, -7.940662822380868 ], [ 110.437409268705096, -7.937080471962033 ], [ 110.436510953420978, -7.937080471962033 ], [ 110.436510953420978, -7.936184879413294 ], [ 110.437409268705096, -7.936184879413294 ], [ 110.437409268705096, -7.933498089904879 ], [ 110.436510953420978, -7.933498089904879 ], [ 110.436510953420978, -7.934393688384501 ], [ 110.43561263813686, -7.934393688384501 ], [ 110.43561263813686, -7.932602489448731 ], [ 110.436510953420978, -7.932602489448731 ], [ 110.436510953420978, -7.930811282607725 ], [ 110.434714322852741, -7.930811282607725 ], [ 110.434714322852741, -7.931706887016274 ], [ 110.432019377000373, -7.931706887016274 ], [ 110.432019377000373, -7.933498089904879 ], [ 110.430222746432136, -7.933498089904879 ], [ 110.430222746432136, -7.931706887016274 ], [ 110.425731170011545, -7.931706887016274 ], [ 110.425731170011545, -7.929915676223303 ], [ 110.426629485295663, -7.929915676223303 ], [ 110.426629485295663, -7.928124457527699 ], [ 110.427527800579782, -7.928124457527699 ], [ 110.427527800579782, -7.926333230931201 ], [ 110.426629485295663, -7.926333230931201 ], [ 110.426629485295663, -7.92454199643555 ], [ 110.427527800579782, -7.92454199643555 ], [ 110.427527800579782, -7.921855129884956 ], [ 110.426629485295663, -7.921855129884956 ], [ 110.426629485295663, -7.920063875649016 ], [ 110.427527800579782, -7.920063875649016 ], [ 110.427527800579782, -7.917376979496137 ], [ 110.429324431148018, -7.917376979496137 ], [ 110.429324431148018, -7.918272613520002 ], [ 110.430222746432136, -7.918272613520002 ], [ 110.430222746432136, -7.919168245571034 ], [ 110.429324431148018, -7.919168245571034 ], [ 110.429324431148018, -7.920959503753727 ], [ 110.432019377000373, -7.920959503753727 ], [ 110.432019377000373, -7.921855129884956 ], [ 110.430222746432136, -7.921855129884956 ], [ 110.430222746432136, -7.927228845216954 ], [ 110.4284261158639, -7.927228845216954 ], [ 110.4284261158639, -7.928124457527699 ], [ 110.430222746432136, -7.928124457527699 ], [ 110.430222746432136, -7.929020067863219 ], [ 110.432917692284505, -7.929020067863219 ], [ 110.432917692284505, -7.928124457527699 ], [ 110.431121061716269, -7.928124457527699 ], [ 110.431121061716269, -7.927228845216954 ], [ 110.432917692284505, -7.927228845216954 ], [ 110.432917692284505, -7.926333230931201 ], [ 110.434714322852741, -7.926333230931201 ], [ 110.434714322852741, -7.929020067863219 ], [ 110.433816007568609, -7.929020067863219 ], [ 110.433816007568609, -7.929915676223303 ], [ 110.436510953420978, -7.929915676223303 ], [ 110.436510953420978, -7.929020067863219 ], [ 110.440104214557451, -7.929020067863219 ], [ 110.440104214557451, -7.927228845216954 ], [ 110.436510953420978, -7.927228845216954 ], [ 110.436510953420978, -7.926333230931201 ], [ 110.437409268705096, -7.926333230931201 ], [ 110.437409268705096, -7.925437614670662 ], [ 110.438307583989214, -7.925437614670662 ], [ 110.438307583989214, -7.923646376226084 ], [ 110.437409268705096, -7.923646376226084 ], [ 110.437409268705096, -7.92454199643555 ], [ 110.43561263813686, -7.92454199643555 ], [ 110.43561263813686, -7.920063875649016 ], [ 110.436510953420978, -7.920063875649016 ], [ 110.436510953420978, -7.922750754042478 ], [ 110.438307583989214, -7.922750754042478 ], [ 110.438307583989214, -7.921855129884956 ], [ 110.439205899273333, -7.921855129884956 ], [ 110.439205899273333, -7.920959503753727 ], [ 110.440104214557451, -7.920959503753727 ], [ 110.440104214557451, -7.919168245571034 ], [ 110.438307583989214, -7.919168245571034 ], [ 110.438307583989214, -7.916481343499651 ], [ 110.439205899273333, -7.916481343499651 ], [ 110.439205899273333, -7.917376979496137 ] ], [ [ 110.432019377000373, -7.930811282607725 ], [ 110.432019377000373, -7.929915676223303 ], [ 110.431121061716269, -7.929915676223303 ], [ 110.431121061716269, -7.930811282607725 ], [ 110.432019377000373, -7.930811282607725 ] ] ] ] } },
{ "type": "Feature", "properties": { "Kelas": "Cukup Tinggi", "SKOR_LONGSOR": 4 }, "geometry": { "type": "MultiPolygon", "coordinates": [ [ [ [ 110.393391819783233, -7.934393688384501 ], [ 110.394290135067365, -7.934393688384501 ], [ 110.394290135067365, -7.935289284887379 ], [ 110.396086765635602, -7.935289284887379 ], [ 110.396086765635602, -7.934393688384501 ], [ 110.395188450351469, -7.934393688384501 ], [ 110.395188450351469, -7.933498089904879 ], [ 110.39698508091972, -7.933498089904879 ], [ 110.39698508091972, -7.934393688384501 ], [ 110.397883396203838, -7.934393688384501 ], [ 110.397883396203838, -7.933498089904879 ], [ 110.399680026772074, -7.933498089904879 ], [ 110.399680026772074, -7.935289284887379 ], [ 110.400578342056193, -7.935289284887379 ], [ 110.400578342056193, -7.937976062533377 ], [ 110.401476657340311, -7.937976062533377 ], [ 110.401476657340311, -7.938871651127108 ], [ 110.399680026772074, -7.938871651127108 ], [ 110.399680026772074, -7.937976062533377 ], [ 110.398781711487956, -7.937976062533377 ], [ 110.398781711487956, -7.937080471962033 ], [ 110.397883396203838, -7.937080471962033 ], [ 110.397883396203838, -7.936184879413294 ], [ 110.398781711487956, -7.936184879413294 ], [ 110.398781711487956, -7.935289284887379 ], [ 110.39698508091972, -7.935289284887379 ], [ 110.39698508091972, -7.937976062533377 ], [ 110.397883396203838, -7.937976062533377 ], [ 110.397883396203838, -7.939767237743012 ], [ 110.395188450351469, -7.939767237743012 ], [ 110.395188450351469, -7.942453985721572 ], [ 110.394290135067365, -7.942453985721572 ], [ 110.394290135067365, -7.938871651127108 ], [ 110.393391819783233, -7.938871651127108 ], [ 110.393391819783233, -7.937976062533377 ], [ 110.394290135067365, -7.937976062533377 ], [ 110.394290135067365, -7.936184879413294 ], [ 110.393391819783233, -7.936184879413294 ], [ 110.393391819783233, -7.935289284887379 ], [ 110.392493504499129, -7.935289284887379 ], [ 110.392493504499129, -7.933498089904879 ], [ 110.393391819783233, -7.933498089904879 ], [ 110.393391819783233, -7.934393688384501 ] ], [ [ 110.396086765635602, -7.937976062533377 ], [ 110.396086765635602, -7.937080471962033 ], [ 110.395188450351469, -7.937080471962033 ], [ 110.395188450351469, -7.937976062533377 ], [ 110.396086765635602, -7.937976062533377 ] ] ] ] } },
{ "type": "Feature", "properties": { "Kelas": "Sangat Rendah", "SKOR_LONGSOR": 1 }, "geometry": { "type": "MultiPolygon", "coordinates": [ [ [ [ 110.443697475693938, -7.935289284887379 ], [ 110.445494106262174, -7.935289284887379 ], [ 110.445494106262174, -7.936184879413294 ], [ 110.446392421546292, -7.936184879413294 ], [ 110.446392421546292, -7.937080471962033 ], [ 110.445494106262174, -7.937080471962033 ], [ 110.445494106262174, -7.937976062533377 ], [ 110.444595790978042, -7.937976062533377 ], [ 110.444595790978042, -7.938871651127108 ], [ 110.445494106262174, -7.938871651127108 ], [ 110.445494106262174, -7.939767237743012 ], [ 110.444595790978042, -7.939767237743012 ], [ 110.444595790978042, -7.940662822380868 ], [ 110.443697475693938, -7.940662822380868 ], [ 110.443697475693938, -7.938871651127108 ], [ 110.442799160409805, -7.938871651127108 ], [ 110.442799160409805, -7.937976062533377 ], [ 110.443697475693938, -7.937976062533377 ], [ 110.443697475693938, -7.935289284887379 ] ] ] ] } },
{ "type": "Feature", "properties": { "Kelas": "Cukup Rendah", "SKOR_LONGSOR": 2 }, "geometry": { "type": "MultiPolygon", "coordinates": [ [ [ [ 110.393391819783233, -7.938871651127108 ], [ 110.394290135067365, -7.938871651127108 ], [ 110.394290135067365, -7.942453985721572 ], [ 110.393391819783233, -7.942453985721572 ], [ 110.393391819783233, -7.938871651127108 ] ] ] ] } },
{ "type": "Feature", "properties": { "Kelas": "Cukup Rendah", "SKOR_LONGSOR": 2 }, "geometry": { "type": "MultiPolygon", "coordinates": [ [ [ [ 110.399680026772074, -7.938871651127108 ], [ 110.401476657340311, -7.938871651127108 ], [ 110.401476657340311, -7.941558405040463 ], [ 110.399680026772074, -7.941558405040463 ], [ 110.399680026772074, -7.938871651127108 ] ] ] ] } },
{ "type": "Feature", "properties": { "Kelas": "Cukup Tinggi", "SKOR_LONGSOR": 4 }, "geometry": { "type": "MultiPolygon", "coordinates": [ [ [ [ 110.401476657340311, -7.938871651127108 ], [ 110.402374972624443, -7.938871651127108 ], [ 110.402374972624443, -7.940662822380868 ], [ 110.401476657340311, -7.940662822380868 ], [ 110.401476657340311, -7.938871651127108 ] ] ] ] } },
{ "type": "Feature", "properties": { "Kelas": "Cukup Tinggi", "SKOR_LONGSOR": 4 }, "geometry": { "type": "MultiPolygon", "coordinates": [ [ [ [ 110.458070520239843, -7.938871651127108 ], [ 110.458968835523976, -7.938871651127108 ], [ 110.458968835523976, -7.940662822380868 ], [ 110.458070520239843, -7.940662822380868 ], [ 110.458070520239843, -7.938871651127108 ] ] ] ] } },
{ "type": "Feature", "properties": { "Kelas": "Sedang", "SKOR_LONGSOR": 3 }, "geometry": { "type": "MultiPolygon", "coordinates": [ [ [ [ 110.392493504499129, -7.939767237743012 ], [ 110.393391819783233, -7.939767237743012 ], [ 110.393391819783233, -7.940662822380868 ], [ 110.392493504499129, -7.940662822380868 ], [ 110.392493504499129, -7.939767237743012 ] ] ] ] } },
{ "type": "Feature", "properties": { "Kelas": "Sedang", "SKOR_LONGSOR": 3 }, "geometry": { "type": "MultiPolygon", "coordinates": [ [ [ [ 110.395188450351469, -7.939767237743012 ], [ 110.39698508091972, -7.939767237743012 ], [ 110.39698508091972, -7.940662822380868 ], [ 110.395188450351469, -7.940662822380868 ], [ 110.395188450351469, -7.939767237743012 ] ] ] ] } },
{ "type": "Feature", "properties": { "Kelas": "Cukup Tinggi", "SKOR_LONGSOR": 4 }, "geometry": { "type": "MultiPolygon", "coordinates": [ [ [ [ 110.432917692284505, -7.937080471962033 ], [ 110.433816007568609, -7.937080471962033 ], [ 110.433816007568609, -7.937976062533377 ], [ 110.43561263813686, -7.937976062533377 ], [ 110.43561263813686, -7.939767237743012 ], [ 110.434714322852741, -7.939767237743012 ], [ 110.434714322852741, -7.940662822380868 ], [ 110.431121061716269, -7.940662822380868 ], [ 110.431121061716269, -7.939767237743012 ], [ 110.430222746432136, -7.939767237743012 ], [ 110.430222746432136, -7.940662822380868 ], [ 110.429324431148018, -7.940662822380868 ], [ 110.429324431148018, -7.939767237743012 ], [ 110.4284261158639, -7.939767237743012 ], [ 110.4284261158639, -7.940662822380868 ], [ 110.425731170011545, -7.940662822380868 ], [ 110.425731170011545, -7.939767237743012 ], [ 110.427527800579782, -7.939767237743012 ], [ 110.427527800579782, -7.938871651127108 ], [ 110.432019377000373, -7.938871651127108 ], [ 110.432019377000373, -7.937976062533377 ], [ 110.432917692284505, -7.937976062533377 ], [ 110.432917692284505, -7.937080471962033 ] ] ] ] } },
{ "type": "Feature", "properties": { "Kelas": "Sedang", "SKOR_LONGSOR": 3 }, "geometry": { "type": "MultiPolygon", "coordinates": [ [ [ [ 110.430222746432136, -7.939767237743012 ], [ 110.431121061716269, -7.939767237743012 ], [ 110.431121061716269, -7.940662822380868 ], [ 110.430222746432136, -7.940662822380868 ], [ 110.430222746432136, -7.939767237743012 ] ] ] ] } },
{ "type": "Feature", "properties": { "Kelas": "Sangat Rendah", "SKOR_LONGSOR": 1 }, "geometry": { "type": "MultiPolygon", "coordinates": [ [ [ [ 110.445494106262174, -7.939767237743012 ], [ 110.446392421546292, -7.939767237743012 ], [ 110.446392421546292, -7.940662822380868 ], [ 110.445494106262174, -7.940662822380868 ], [ 110.445494106262174, -7.939767237743012 ] ] ] ] } },
{ "type": "Feature", "properties": { "Kelas": "Cukup Rendah", "SKOR_LONGSOR": 2 }, "geometry": { "type": "MultiPolygon", "coordinates": [ [ [ [ 110.456273889671607, -7.937080471962033 ], [ 110.457172204955739, -7.937080471962033 ], [ 110.457172204955739, -7.937976062533377 ], [ 110.458968835523976, -7.937976062533377 ], [ 110.458968835523976, -7.938871651127108 ], [ 110.458070520239843, -7.938871651127108 ], [ 110.458070520239843, -7.942453985721572 ], [ 110.457172204955739, -7.942453985721572 ], [ 110.457172204955739, -7.940662822380868 ], [ 110.456273889671607, -7.940662822380868 ], [ 110.456273889671607, -7.939767237743012 ], [ 110.457172204955739, -7.939767237743012 ], [ 110.457172204955739, -7.938871651127108 ], [ 110.456273889671607, -7.938871651127108 ], [ 110.456273889671607, -7.937080471962033 ] ] ] ] } },
{ "type": "Feature", "properties": { "Kelas": "Cukup Rendah", "SKOR_LONGSOR": 2 }, "geometry": { "type": "MultiPolygon", "coordinates": [ [ [ [ 110.458968835523976, -7.939767237743012 ], [ 110.460765466092212, -7.939767237743012 ], [ 110.460765466092212, -7.940662822380868 ], [ 110.458968835523976, -7.940662822380868 ], [ 110.458968835523976, -7.939767237743012 ] ] ] ] } },
{ "type": "Feature", "properties": { "Kelas": "Sedang", "SKOR_LONGSOR": 3 }, "geometry": { "type": "MultiPolygon", "coordinates": [ [ [ [ 110.476036825922236, -7.939767237743012 ], [ 110.476935141206354, -7.939767237743012 ], [ 110.476935141206354, -7.940662822380868 ], [ 110.476036825922236, -7.940662822380868 ], [ 110.476036825922236, -7.939767237743012 ] ] ] ] } },
{ "type": "Feature", "properties": { "Kelas": "Sedang", "SKOR_LONGSOR": 3 }, "geometry": { "type": "MultiPolygon", "coordinates": [ [ [ [ 110.484121663479314, -7.939767237743012 ], [ 110.485019978763432, -7.939767237743012 ], [ 110.485019978763432, -7.940662822380868 ], [ 110.484121663479314, -7.940662822380868 ], [ 110.484121663479314, -7.939767237743012 ] ] ] ] } },
{ "type": "Feature", "properties": { "Kelas": "Cukup Rendah", "SKOR_LONGSOR": 2 }, "geometry": { "type": "MultiPolygon", "coordinates": [ [ [ [ 110.391595189214996, -7.940662822380868 ], [ 110.392493504499129, -7.940662822380868 ], [ 110.392493504499129, -7.942453985721572 ], [ 110.391595189214996, -7.942453985721572 ], [ 110.391595189214996, -7.940662822380868 ] ] ] ] } },
{ "type": "Feature", "properties": { "Kelas": "Cukup Tinggi", "SKOR_LONGSOR": 4 }, "geometry": { "type": "MultiPolygon", "coordinates": [ [ [ [ 110.419442963022703, -7.940662822380868 ], [ 110.42123959359094, -7.940662822380868 ], [ 110.42123959359094, -7.941558405040463 ], [ 110.420341278306836, -7.941558405040463 ], [ 110.420341278306836, -7.942453985721572 ], [ 110.419442963022703, -7.942453985721572 ], [ 110.419442963022703, -7.940662822380868 ] ] ] ] } },
{ "type": "Feature", "properties": { "Kelas": "Cukup Tinggi", "SKOR_LONGSOR": 4 }, "geometry": { "type": "MultiPolygon", "coordinates": [ [ [ [ 110.422137908875072, -7.940662822380868 ], [ 110.424832854727427, -7.940662822380868 ], [ 110.424832854727427, -7.941558405040463 ], [ 110.423934539443309, -7.941558405040463 ], [ 110.423934539443309, -7.942453985721572 ], [ 110.423036224159176, -7.942453985721572 ], [ 110.423036224159176, -7.941558405040463 ], [ 110.422137908875072, -7.941558405040463 ], [ 110.422137908875072, -7.940662822380868 ] ] ] ] } },
{ "type": "Feature", "properties": { "Kelas": "Cukup Tinggi", "SKOR_LONGSOR": 4 }, "geometry": { "type": "MultiPolygon", "coordinates": [ [ [ [ 110.430222746432136, -7.940662822380868 ], [ 110.431121061716269, -7.940662822380868 ], [ 110.431121061716269, -7.941558405040463 ], [ 110.430222746432136, -7.941558405040463 ], [ 110.430222746432136, -7.940662822380868 ] ] ] ] } },
{ "type": "Feature", "properties": { "Kelas": "Tinggi", "SKOR_LONGSOR": 0 }, "geometry": { "type": "MultiPolygon", "coordinates": [ [ [ [ 110.458070520239843, -7.940662822380868 ], [ 110.458968835523976, -7.940662822380868 ], [ 110.458968835523976, -7.941558405040463 ], [ 110.458070520239843, -7.941558405040463 ], [ 110.458070520239843, -7.940662822380868 ] ] ] ] } },
{ "type": "Feature", "properties": { "Kelas": "Cukup Tinggi", "SKOR_LONGSOR": 4 }, "geometry": { "type": "MultiPolygon", "coordinates": [ [ [ [ 110.458968835523976, -7.940662822380868 ], [ 110.45986715080808, -7.940662822380868 ], [ 110.45986715080808, -7.941558405040463 ], [ 110.458968835523976, -7.941558405040463 ], [ 110.458968835523976, -7.940662822380868 ] ] ] ] } },
{ "type": "Feature", "properties": { "Kelas": "Cukup Tinggi", "SKOR_LONGSOR": 4 }, "geometry": { "type": "MultiPolygon", "coordinates": [ [ [ [ 110.402374972624443, -7.941558405040463 ], [ 110.403273287908561, -7.941558405040463 ], [ 110.403273287908561, -7.942453985721572 ], [ 110.402374972624443, -7.942453985721572 ], [ 110.402374972624443, -7.941558405040463 ] ] ] ] } },
{ "type": "Feature", "properties": { "Kelas": "Sedang", "SKOR_LONGSOR": 3 }, "geometry": { "type": "MultiPolygon", "coordinates": [ [ [ [ 110.405069918476798, -7.941558405040463 ], [ 110.405968233760916, -7.941558405040463 ], [ 110.405968233760916, -7.942453985721572 ], [ 110.405069918476798, -7.942453985721572 ], [ 110.405069918476798, -7.941558405040463 ] ] ] ] } },
{ "type": "Feature", "properties": { "Kelas": "Sedang", "SKOR_LONGSOR": 3 }, "geometry": { "type": "MultiPolygon", "coordinates": [ [ [ [ 110.406866549045034, -7.941558405040463 ], [ 110.407764864329152, -7.941558405040463 ], [ 110.407764864329152, -7.942453985721572 ], [ 110.406866549045034, -7.942453985721572 ], [ 110.406866549045034, -7.941558405040463 ] ] ] ] } },
{ "type": "Feature", "properties": { "Kelas": "Sangat Rendah", "SKOR_LONGSOR": 1 }, "geometry": { "type": "MultiPolygon", "coordinates": [ [ [ [ 110.440104214557451, -7.941558405040463 ], [ 110.441002529841569, -7.941558405040463 ], [ 110.441002529841569, -7.942453985721572 ], [ 110.440104214557451, -7.942453985721572 ], [ 110.440104214557451, -7.941558405040463 ] ] ] ] } },
{ "type": "Feature", "properties": { "Kelas": "Cukup Tinggi", "SKOR_LONGSOR": 4 }, "geometry": { "type": "MultiPolygon", "coordinates": [ [ [ [ 110.449087367398647, -7.941558405040463 ], [ 110.450883997966883, -7.941558405040463 ], [ 110.450883997966883, -7.942453985721572 ], [ 110.449087367398647, -7.942453985721572 ], [ 110.449087367398647, -7.941558405040463 ] ] ] ] } },
{ "type": "Feature", "properties": { "Kelas": "Sedang", "SKOR_LONGSOR": 3 }, "geometry": { "type": "MultiPolygon", "coordinates": [ [ [ [ 110.456273889671607, -7.941558405040463 ], [ 110.457172204955739, -7.941558405040463 ], [ 110.457172204955739, -7.942453985721572 ], [ 110.456273889671607, -7.942453985721572 ], [ 110.456273889671607, -7.941558405040463 ] ] ] ] } },
{ "type": "Feature", "properties": { "Kelas": "Tinggi", "SKOR_LONGSOR": 0 }, "geometry": { "type": "MultiPolygon", "coordinates": [ [ [ [ 110.458968835523976, -7.941558405040463 ], [ 110.45986715080808, -7.941558405040463 ], [ 110.45986715080808, -7.943349564423987 ], [ 110.458968835523976, -7.943349564423987 ], [ 110.458968835523976, -7.941558405040463 ] ] ] ] } },
{ "type": "Feature", "properties": { "Kelas": "Cukup Rendah", "SKOR_LONGSOR": 2 }, "geometry": { "type": "MultiPolygon", "coordinates": [ [ [ [ 110.4822922, -7.9421374 ], [ 110.4819565, -7.9421186 ], [ 110.4816437, -7.9421182 ], [ 110.4814987, -7.9421727 ], [ 110.481426717626945, -7.942283173602683 ], [ 110.481426717626945, -7.941558405040463 ], [ 110.482325032911078, -7.941558405040463 ], [ 110.482325032911078, -7.938871651127108 ], [ 110.481426717626945, -7.938871651127108 ], [ 110.481426717626945, -7.939767237743012 ], [ 110.480528402342841, -7.939767237743012 ], [ 110.480528402342841, -7.940662822380868 ], [ 110.479630087058709, -7.940662822380868 ], [ 110.479630087058709, -7.941558405040463 ], [ 110.478731771774605, -7.941558405040463 ], [ 110.478731771774605, -7.940662822380868 ], [ 110.476935141206354, -7.940662822380868 ], [ 110.476935141206354, -7.939767237743012 ], [ 110.476036825922236, -7.939767237743012 ], [ 110.476036825922236, -7.938871651127108 ], [ 110.477833456490472, -7.938871651127108 ], [ 110.477833456490472, -7.937976062533377 ], [ 110.476935141206354, -7.937976062533377 ], [ 110.476935141206354, -7.937080471962033 ], [ 110.476036825922236, -7.937080471962033 ], [ 110.476036825922236, -7.936184879413294 ], [ 110.475138510638118, -7.936184879413294 ], [ 110.475138510638118, -7.935289284887379 ], [ 110.479630087058709, -7.935289284887379 ], [ 110.479630087058709, -7.934393688384501 ], [ 110.481426717626945, -7.934393688384501 ], [ 110.481426717626945, -7.935289284887379 ], [ 110.482325032911078, -7.935289284887379 ], [ 110.482325032911078, -7.932602489448731 ], [ 110.481426717626945, -7.932602489448731 ], [ 110.481426717626945, -7.931706887016274 ], [ 110.483223348195182, -7.931706887016274 ], [ 110.483223348195182, -7.934393688384501 ], [ 110.484121663479314, -7.934393688384501 ], [ 110.484121663479314, -7.936184879413294 ], [ 110.483223348195182, -7.936184879413294 ], [ 110.483223348195182, -7.938871651127108 ], [ 110.484121663479314, -7.938871651127108 ], [ 110.484121663479314, -7.941558405040463 ], [ 110.483223348195182, -7.941558405040463 ], [ 110.483223348195182, -7.942453985721572 ], [ 110.483129961267792, -7.942453985721572 ], [ 110.4829271, -7.9423593 ], [ 110.4827042, -7.9422555 ], [ 110.4822922, -7.9421374 ] ], [ [ 110.481426717626945, -7.936184879413294 ], [ 110.480528402342841, -7.936184879413294 ], [ 110.480528402342841, -7.938871651127108 ], [ 110.481426717626945, -7.938871651127108 ], [ 110.481426717626945, -7.936184879413294 ] ] ] ] } },
{ "type": "Feature", "properties": { "Kelas": "Cukup Tinggi", "SKOR_LONGSOR": 4 }, "geometry": { "type": "MultiPolygon", "coordinates": [ [ [ [ 110.483223348195182, -7.941558405040463 ], [ 110.484121663479314, -7.941558405040463 ], [ 110.484121663479314, -7.942453985721572 ], [ 110.483223348195182, -7.942453985721572 ], [ 110.483223348195182, -7.941558405040463 ] ] ] ] } },
{ "type": "Feature", "properties": { "Kelas": "Cukup Tinggi", "SKOR_LONGSOR": 4 }, "geometry": { "type": "MultiPolygon", "coordinates": [ [ [ [ 110.392493504499129, -7.940662822380868 ], [ 110.393391819783233, -7.940662822380868 ], [ 110.393391819783233, -7.942453985721572 ], [ 110.394290135067365, -7.942453985721572 ], [ 110.394290135067365, -7.943349564423987 ], [ 110.39698508091972, -7.943349564423987 ], [ 110.39698508091972, -7.944245141147486 ], [ 110.395188450351469, -7.944245141147486 ], [ 110.395188450351469, -7.945140715891855 ], [ 110.394290135067365, -7.945140715891855 ], [ 110.394290135067365, -7.944245141147486 ], [ 110.392493504499129, -7.944245141147486 ], [ 110.392493504499129, -7.943349564423987 ], [ 110.391595189214996, -7.943349564423987 ], [ 110.391595189214996, -7.942453985721572 ], [ 110.392493504499129, -7.942453985721572 ], [ 110.392493504499129, -7.940662822380868 ] ] ] ] } },
{ "type": "Feature", "properties": { "Kelas": "Cukup Rendah", "SKOR_LONGSOR": 2 }, "geometry": { "type": "MultiPolygon", "coordinates": [ [ [ [ 110.39698508091972, -7.939767237743012 ], [ 110.397883396203838, -7.939767237743012 ], [ 110.397883396203838, -7.942453985721572 ], [ 110.39698508091972, -7.942453985721572 ], [ 110.39698508091972, -7.943349564423987 ], [ 110.394290135067365, -7.943349564423987 ], [ 110.394290135067365, -7.942453985721572 ], [ 110.395188450351469, -7.942453985721572 ], [ 110.395188450351469, -7.940662822380868 ], [ 110.39698508091972, -7.940662822380868 ], [ 110.39698508091972, -7.939767237743012 ] ] ] ] } },
{ "type": "Feature", "properties": { "Kelas": "Cukup Tinggi", "SKOR_LONGSOR": 4 }, "geometry": { "type": "MultiPolygon", "coordinates": [ [ [ [ 110.398781711487956, -7.938871651127108 ], [ 110.399680026772074, -7.938871651127108 ], [ 110.399680026772074, -7.941558405040463 ], [ 110.398781711487956, -7.941558405040463 ], [ 110.398781711487956, -7.943349564423987 ], [ 110.39698508091972, -7.943349564423987 ], [ 110.39698508091972, -7.942453985721572 ], [ 110.397883396203838, -7.942453985721572 ], [ 110.397883396203838, -7.939767237743012 ], [ 110.398781711487956, -7.939767237743012 ], [ 110.398781711487956, -7.938871651127108 ] ] ] ] } },
{ "type": "Feature", "properties": { "Kelas": "Cukup Tinggi", "SKOR_LONGSOR": 4 }, "geometry": { "type": "MultiPolygon", "coordinates": [ [ [ [ 110.406866549045034, -7.942453985721572 ], [ 110.407764864329152, -7.942453985721572 ], [ 110.407764864329152, -7.943349564423987 ], [ 110.406866549045034, -7.943349564423987 ], [ 110.406866549045034, -7.942453985721572 ] ] ] ] } },
{ "type": "Feature", "properties": { "Kelas": "Cukup Tinggi", "SKOR_LONGSOR": 4 }, "geometry": { "type": "MultiPolygon", "coordinates": [ [ [ [ 110.447290736830411, -7.942453985721572 ], [ 110.448189052114529, -7.942453985721572 ], [ 110.448189052114529, -7.943349564423987 ], [ 110.447290736830411, -7.943349564423987 ], [ 110.447290736830411, -7.942453985721572 ] ] ] ] } },
{ "type": "Feature", "properties": { "Kelas": "Cukup Tinggi", "SKOR_LONGSOR": 4 }, "geometry": { "type": "MultiPolygon", "coordinates": [ [ [ [ 110.451782313251016, -7.942453985721572 ], [ 110.452680628535134, -7.942453985721572 ], [ 110.452680628535134, -7.943349564423987 ], [ 110.451782313251016, -7.943349564423987 ], [ 110.451782313251016, -7.942453985721572 ] ] ] ] } },
{ "type": "Feature", "properties": { "Kelas": "Cukup Tinggi", "SKOR_LONGSOR": 4 }, "geometry": { "type": "MultiPolygon", "coordinates": [ [ [ [ 110.458070520239843, -7.941558405040463 ], [ 110.458968835523976, -7.941558405040463 ], [ 110.458968835523976, -7.943349564423987 ], [ 110.457172204955739, -7.943349564423987 ], [ 110.457172204955739, -7.942453985721572 ], [ 110.458070520239843, -7.942453985721572 ], [ 110.458070520239843, -7.941558405040463 ] ] ] ] } },
{ "type": "Feature", "properties": { "Kelas": "Cukup Rendah", "SKOR_LONGSOR": 2 }, "geometry": { "type": "MultiPolygon", "coordinates": [ [ [ [ 110.476242, -7.9429717 ], [ 110.4762573, -7.9436722 ], [ 110.476370493706767, -7.944245141147486 ], [ 110.476036825922236, -7.944245141147486 ], [ 110.476036825922236, -7.942453985721572 ], [ 110.476764750420315, -7.942453985721572 ], [ 110.4767151, -7.9424734 ], [ 110.4764175, -7.9426751 ], [ 110.476242, -7.9429717 ] ] ], [ [ [ 110.4799099, -7.9428967 ], [ 110.4793088, -7.9429092 ], [ 110.4787345, -7.9428153 ], [ 110.4782939, -7.9426017 ], [ 110.478125758243181, -7.942453985721572 ], [ 110.481234264691665, -7.942453985721572 ], [ 110.4808502, -7.9426508 ], [ 110.4805434, -7.94271 ], [ 110.4799099, -7.9428967 ] ] ] ] } },
{ "type": "Feature", "properties": { "Kelas": "Cukup Tinggi", "SKOR_LONGSOR": 4 }, "geometry": { "type": "MultiPolygon", "coordinates": [ [ [ [ 110.403273287908561, -7.943349564423987 ], [ 110.40417160319268, -7.943349564423987 ], [ 110.40417160319268, -7.944245141147486 ], [ 110.403273287908561, -7.944245141147486 ], [ 110.403273287908561, -7.943349564423987 ] ] ] ] } },
{ "type": "Feature", "properties": { "Kelas": "Cukup Rendah", "SKOR_LONGSOR": 2 }, "geometry": { "type": "MultiPolygon", "coordinates": [ [ [ [ 110.405968233760916, -7.941558405040463 ], [ 110.406866549045034, -7.941558405040463 ], [ 110.406866549045034, -7.943349564423987 ], [ 110.409561494897403, -7.943349564423987 ], [ 110.409561494897403, -7.944245141147486 ], [ 110.407764864329152, -7.944245141147486 ], [ 110.407764864329152, -7.945140715891855 ], [ 110.406866549045034, -7.945140715891855 ], [ 110.406866549045034, -7.944245141147486 ], [ 110.40417160319268, -7.944245141147486 ], [ 110.40417160319268, -7.943349564423987 ], [ 110.405069918476798, -7.943349564423987 ], [ 110.405069918476798, -7.942453985721572 ], [ 110.405968233760916, -7.942453985721572 ], [ 110.405968233760916, -7.941558405040463 ] ] ] ] } },
{ "type": "Feature", "properties": { "Kelas": "Cukup Tinggi", "SKOR_LONGSOR": 4 }, "geometry": { "type": "MultiPolygon", "coordinates": [ [ [ [ 110.453578943819252, -7.943349564423987 ], [ 110.454477259103371, -7.943349564423987 ], [ 110.454477259103371, -7.944245141147486 ], [ 110.453578943819252, -7.944245141147486 ], [ 110.453578943819252, -7.943349564423987 ] ] ] ] } },
{ "type": "Feature", "properties": { "Kelas": "Sangat Rendah", "SKOR_LONGSOR": 1 }, "geometry": { "type": "MultiPolygon", "coordinates": [ [ [ [ 110.457172204955739, -7.943349564423987 ], [ 110.458070520239843, -7.943349564423987 ], [ 110.458070520239843, -7.944245141147486 ], [ 110.457172204955739, -7.944245141147486 ], [ 110.457172204955739, -7.943349564423987 ] ] ] ] } },
{ "type": "Feature", "properties": { "Kelas": "Sedang", "SKOR_LONGSOR": 3 }, "geometry": { "type": "MultiPolygon", "coordinates": [ [ [ [ 110.393391819783233, -7.944245141147486 ], [ 110.394290135067365, -7.944245141147486 ], [ 110.394290135067365, -7.945140715891855 ], [ 110.393391819783233, -7.945140715891855 ], [ 110.393391819783233, -7.944245141147486 ] ] ] ] } },
{ "type": "Feature", "properties": { "Kelas": "Cukup Rendah", "SKOR_LONGSOR": 2 }, "geometry": { "type": "MultiPolygon", "coordinates": [ [ [ [ 110.403273287908561, -7.944245141147486 ], [ 110.40417160319268, -7.944245141147486 ], [ 110.40417160319268, -7.945140715891855 ], [ 110.403273287908561, -7.945140715891855 ], [ 110.403273287908561, -7.944245141147486 ] ] ] ] } },
{ "type": "Feature", "properties": { "Kelas": "Sangat Rendah", "SKOR_LONGSOR": 1 }, "geometry": { "type": "MultiPolygon", "coordinates": [ [ [ [ 110.408663179613271, -7.944245141147486 ], [ 110.41135812546564, -7.944245141147486 ], [ 110.41135812546564, -7.945140715891855 ], [ 110.409561494897403, -7.945140715891855 ], [ 110.409561494897403, -7.946036288656869 ], [ 110.408663179613271, -7.946036288656869 ], [ 110.408663179613271, -7.944245141147486 ] ] ] ] } },
{ "type": "Feature", "properties": { "Kelas": "Cukup Rendah", "SKOR_LONGSOR": 2 }, "geometry": { "type": "MultiPolygon", "coordinates": [ [ [ [ 110.41135812546564, -7.944245141147486 ], [ 110.412256440749744, -7.944245141147486 ], [ 110.412256440749744, -7.945140715891855 ], [ 110.41135812546564, -7.945140715891855 ], [ 110.41135812546564, -7.944245141147486 ] ] ] ] } },
{ "type": "Feature", "properties": { "Kelas": "Cukup Tinggi", "SKOR_LONGSOR": 4 }, "geometry": { "type": "MultiPolygon", "coordinates": [ [ [ [ 110.412256440749744, -7.944245141147486 ], [ 110.413154756033876, -7.944245141147486 ], [ 110.413154756033876, -7.945140715891855 ], [ 110.412256440749744, -7.945140715891855 ], [ 110.412256440749744, -7.944245141147486 ] ] ] ] } },
{ "type": "Feature", "properties": { "Kelas": "Sedang", "SKOR_LONGSOR": 3 }, "geometry": { "type": "MultiPolygon", "coordinates": [ [ [ [ 110.413154756033876, -7.944245141147486 ], [ 110.414053071317994, -7.944245141147486 ], [ 110.414053071317994, -7.945140715891855 ], [ 110.413154756033876, -7.945140715891855 ], [ 110.413154756033876, -7.944245141147486 ] ] ] ] } },
{ "type": "Feature", "properties": { "Kelas": "Cukup Rendah", "SKOR_LONGSOR": 2 }, "geometry": { "type": "MultiPolygon", "coordinates": [ [ [ [ 110.414053071317994, -7.944245141147486 ], [ 110.416748017170349, -7.944245141147486 ], [ 110.416748017170349, -7.946036288656869 ], [ 110.414053071317994, -7.946036288656869 ], [ 110.414053071317994, -7.944245141147486 ] ] ] ] } },
{ "type": "Feature", "properties": { "Kelas": "Cukup Tinggi", "SKOR_LONGSOR": 4 }, "geometry": { "type": "MultiPolygon", "coordinates": [ [ [ [ 110.430222746432136, -7.944245141147486 ], [ 110.431121061716269, -7.944245141147486 ], [ 110.431121061716269, -7.945140715891855 ], [ 110.430222746432136, -7.945140715891855 ], [ 110.430222746432136, -7.944245141147486 ] ] ] ] } },
{ "type": "Feature", "properties": { "Kelas": "Sangat Rendah", "SKOR_LONGSOR": 1 }, "geometry": { "type": "MultiPolygon", "coordinates": [ [ [ [ 110.440104214557451, -7.944245141147486 ], [ 110.441002529841569, -7.944245141147486 ], [ 110.441002529841569, -7.946036288656869 ], [ 110.440104214557451, -7.946036288656869 ], [ 110.440104214557451, -7.944245141147486 ] ] ] ] } },
{ "type": "Feature", "properties": { "Kelas": "Cukup Rendah", "SKOR_LONGSOR": 2 }, "geometry": { "type": "MultiPolygon", "coordinates": [ [ [ [ 110.392493504499129, -7.944245141147486 ], [ 110.393391819783233, -7.944245141147486 ], [ 110.393391819783233, -7.946036288656869 ], [ 110.391595189214996, -7.946036288656869 ], [ 110.391595189214996, -7.945140715891855 ], [ 110.392493504499129, -7.945140715891855 ], [ 110.392493504499129, -7.944245141147486 ] ] ] ] } },
{ "type": "Feature", "properties": { "Kelas": "Cukup Tinggi", "SKOR_LONGSOR": 4 }, "geometry": { "type": "MultiPolygon", "coordinates": [ [ [ [ 110.393391819783233, -7.945140715891855 ], [ 110.394290135067365, -7.945140715891855 ], [ 110.394290135067365, -7.946931859442319 ], [ 110.393391819783233, -7.946931859442319 ], [ 110.393391819783233, -7.945140715891855 ] ] ] ] } },
{ "type": "Feature", "properties": { "Kelas": "Cukup Tinggi", "SKOR_LONGSOR": 4 }, "geometry": { "type": "MultiPolygon", "coordinates": [ [ [ [ 110.39698508091972, -7.945140715891855 ], [ 110.399680026772074, -7.945140715891855 ], [ 110.399680026772074, -7.946036288656869 ], [ 110.39698508091972, -7.946036288656869 ], [ 110.39698508091972, -7.945140715891855 ] ] ] ] } },
{ "type": "Feature", "properties": { "Kelas": "Sedang", "SKOR_LONGSOR": 3 }, "geometry": { "type": "MultiPolygon", "coordinates": [ [ [ [ 110.400578342056193, -7.945140715891855 ], [ 110.401476657340311, -7.945140715891855 ], [ 110.401476657340311, -7.946036288656869 ], [ 110.400578342056193, -7.946036288656869 ], [ 110.400578342056193, -7.945140715891855 ] ] ] ] } },
{ "type": "Feature", "properties": { "Kelas": "Sangat Rendah", "SKOR_LONGSOR": 1 }, "geometry": { "type": "MultiPolygon", "coordinates": [ [ [ [ 110.401476657340311, -7.945140715891855 ], [ 110.402374972624443, -7.945140715891855 ], [ 110.402374972624443, -7.946036288656869 ], [ 110.401476657340311, -7.946036288656869 ], [ 110.401476657340311, -7.945140715891855 ] ] ] ] } },
{ "type": "Feature", "properties": { "Kelas": "Cukup Rendah", "SKOR_LONGSOR": 2 }, "geometry": { "type": "MultiPolygon", "coordinates": [ [ [ [ 110.402374972624443, -7.945140715891855 ], [ 110.403273287908561, -7.945140715891855 ], [ 110.403273287908561, -7.946036288656869 ], [ 110.402374972624443, -7.946036288656869 ], [ 110.402374972624443, -7.945140715891855 ] ] ] ] } },
{ "type": "Feature", "properties": { "Kelas": "Sedang", "SKOR_LONGSOR": 3 }, "geometry": { "type": "MultiPolygon", "coordinates": [ [ [ [ 110.405968233760916, -7.945140715891855 ], [ 110.407764864329152, -7.945140715891855 ], [ 110.407764864329152, -7.946036288656869 ], [ 110.405968233760916, -7.946036288656869 ], [ 110.405968233760916, -7.945140715891855 ] ] ] ] } },
{ "type": "Feature", "properties": { "Kelas": "Sedang", "SKOR_LONGSOR": 3 }, "geometry": { "type": "MultiPolygon", "coordinates": [ [ [ [ 110.409561494897403, -7.945140715891855 ], [ 110.412256440749744, -7.945140715891855 ], [ 110.412256440749744, -7.946036288656869 ], [ 110.409561494897403, -7.946036288656869 ], [ 110.409561494897403, -7.945140715891855 ] ] ] ] } },
{ "type": "Feature", "properties": { "Kelas": "Cukup Rendah", "SKOR_LONGSOR": 2 }, "geometry": { "type": "MultiPolygon", "coordinates": [ [ [ [ 110.412256440749744, -7.945140715891855 ], [ 110.413154756033876, -7.945140715891855 ], [ 110.413154756033876, -7.946036288656869 ], [ 110.412256440749744, -7.946036288656869 ], [ 110.412256440749744, -7.945140715891855 ] ] ] ] } },
{ "type": "Feature", "properties": { "Kelas": "Cukup Tinggi", "SKOR_LONGSOR": 4 }, "geometry": { "type": "MultiPolygon", "coordinates": [ [ [ [ 110.416748017170349, -7.945140715891855 ], [ 110.417646332454467, -7.945140715891855 ], [ 110.417646332454467, -7.946036288656869 ], [ 110.416748017170349, -7.946036288656869 ], [ 110.416748017170349, -7.945140715891855 ] ] ] ] } },
{ "type": "Feature", "properties": { "Kelas": "Cukup Tinggi", "SKOR_LONGSOR": 4 }, "geometry": { "type": "MultiPolygon", "coordinates": [ [ [ [ 110.424832854727427, -7.945140715891855 ], [ 110.425731170011545, -7.945140715891855 ], [ 110.425731170011545, -7.946036288656869 ], [ 110.424832854727427, -7.946036288656869 ], [ 110.424832854727427, -7.945140715891855 ] ] ] ] } },
{ "type": "Feature", "properties": { "Kelas": "Sangat Rendah", "SKOR_LONGSOR": 1 }, "geometry": { "type": "MultiPolygon", "coordinates": [ [ [ [ 110.436510953420978, -7.945140715891855 ], [ 110.437409268705096, -7.945140715891855 ], [ 110.437409268705096, -7.946036288656869 ], [ 110.436510953420978, -7.946036288656869 ], [ 110.436510953420978, -7.945140715891855 ] ] ] ] } },
{ "type": "Feature", "properties": { "Kelas": "Cukup Tinggi", "SKOR_LONGSOR": 4 }, "geometry": { "type": "MultiPolygon", "coordinates": [ [ [ [ 110.441900845125701, -7.945140715891855 ], [ 110.442799160409805, -7.945140715891855 ], [ 110.442799160409805, -7.946036288656869 ], [ 110.441900845125701, -7.946036288656869 ], [ 110.441900845125701, -7.945140715891855 ] ] ] ] } },
{ "type": "Feature", "properties": { "Kelas": "Tinggi", "SKOR_LONGSOR": 0 }, "geometry": { "type": "MultiPolygon", "coordinates": [ [ [ [ 110.47697463183863, -7.946931859442319 ], [ 110.476935141206354, -7.946931859442319 ], [ 110.476935141206354, -7.946782552961614 ], [ 110.47697463183863, -7.946931859442319 ] ] ] ] } },
{ "type": "Feature", "properties": { "Kelas": "Cukup Tinggi", "SKOR_LONGSOR": 4 }, "geometry": { "type": "MultiPolygon", "coordinates": [ [ [ [ 110.391595189214996, -7.946036288656869 ], [ 110.392493504499129, -7.946036288656869 ], [ 110.392493504499129, -7.946931859442319 ], [ 110.391595189214996, -7.946931859442319 ], [ 110.391595189214996, -7.946036288656869 ] ] ] ] } },
{ "type": "Feature", "properties": { "Kelas": "Tinggi", "SKOR_LONGSOR": 0 }, "geometry": { "type": "MultiPolygon", "coordinates": [ [ [ [ 110.392493504499129, -7.946036288656869 ], [ 110.393391819783233, -7.946036288656869 ], [ 110.393391819783233, -7.946931859442319 ], [ 110.392493504499129, -7.946931859442319 ], [ 110.392493504499129, -7.946036288656869 ] ] ] ] } },
{ "type": "Feature", "properties": { "Kelas": "Sedang", "SKOR_LONGSOR": 3 }, "geometry": { "type": "MultiPolygon", "coordinates": [ [ [ [ 110.394290135067365, -7.946036288656869 ], [ 110.395188450351469, -7.946036288656869 ], [ 110.395188450351469, -7.946931859442319 ], [ 110.394290135067365, -7.946931859442319 ], [ 110.394290135067365, -7.946036288656869 ] ] ] ] } },
{ "type": "Feature", "properties": { "Kelas": "Cukup Rendah", "SKOR_LONGSOR": 2 }, "geometry": { "type": "MultiPolygon", "coordinates": [ [ [ [ 110.39698508091972, -7.946036288656869 ], [ 110.398781711487956, -7.946036288656869 ], [ 110.398781711487956, -7.946931859442319 ], [ 110.39698508091972, -7.946931859442319 ], [ 110.39698508091972, -7.946036288656869 ] ] ] ] } },
{ "type": "Feature", "properties": { "Kelas": "Cukup Tinggi", "SKOR_LONGSOR": 4 }, "geometry": { "type": "MultiPolygon", "coordinates": [ [ [ [ 110.425731170011545, -7.946036288656869 ], [ 110.426629485295663, -7.946036288656869 ], [ 110.426629485295663, -7.946931859442319 ], [ 110.425731170011545, -7.946931859442319 ], [ 110.425731170011545, -7.946036288656869 ] ] ] ] } },
{ "type": "Feature", "properties": { "Kelas": "Cukup Tinggi", "SKOR_LONGSOR": 4 }, "geometry": { "type": "MultiPolygon", "coordinates": [ [ [ [ 110.441002529841569, -7.946036288656869 ], [ 110.441900845125701, -7.946036288656869 ], [ 110.441900845125701, -7.946931859442319 ], [ 110.441002529841569, -7.946931859442319 ], [ 110.441002529841569, -7.946036288656869 ] ] ] ] } },
{ "type": "Feature", "properties": { "Kelas": "Cukup Tinggi", "SKOR_LONGSOR": 4 }, "geometry": { "type": "MultiPolygon", "coordinates": [ [ [ [ 110.4814224, -7.9422898 ], [ 110.481308, -7.9424162 ], [ 110.481234264691665, -7.942453985721572 ], [ 110.478125758243181, -7.942453985721572 ], [ 110.4779663, -7.9423139 ], [ 110.4776001, -7.9422188 ], [ 110.4771271, -7.9423123 ], [ 110.476764750420315, -7.942453985721572 ], [ 110.476036825922236, -7.942453985721572 ], [ 110.476036825922236, -7.944245141147486 ], [ 110.476370493706767, -7.944245141147486 ], [ 110.4764862, -7.9448308 ], [ 110.4767837, -7.9459362 ], [ 110.4769287, -7.9467582 ], [ 110.476935141206354, -7.946782552961614 ], [ 110.476935141206354, -7.946931859442319 ], [ 110.47697463183863, -7.946931859442319 ], [ 110.4771194, -7.9474792 ], [ 110.4776382, -7.9485445 ], [ 110.477720079786664, -7.948722995073655 ], [ 110.476935141206354, -7.948722995073655 ], [ 110.476935141206354, -7.947827428247987 ], [ 110.476036825922236, -7.947827428247987 ], [ 110.476036825922236, -7.945140715891855 ], [ 110.475138510638118, -7.945140715891855 ], [ 110.475138510638118, -7.946931859442319 ], [ 110.474240195354, -7.946931859442319 ], [ 110.474240195354, -7.943349564423987 ], [ 110.473341880069881, -7.943349564423987 ], [ 110.473341880069881, -7.942453985721572 ], [ 110.474240195354, -7.942453985721572 ], [ 110.474240195354, -7.940662822380868 ], [ 110.473341880069881, -7.940662822380868 ], [ 110.473341880069881, -7.939767237743012 ], [ 110.474240195354, -7.939767237743012 ], [ 110.474240195354, -7.938871651127108 ], [ 110.475138510638118, -7.938871651127108 ], [ 110.475138510638118, -7.937976062533377 ], [ 110.476036825922236, -7.937976062533377 ], [ 110.476036825922236, -7.937080471962033 ], [ 110.476935141206354, -7.937080471962033 ], [ 110.476935141206354, -7.937976062533377 ], [ 110.477833456490472, -7.937976062533377 ], [ 110.477833456490472, -7.938871651127108 ], [ 110.476036825922236, -7.938871651127108 ], [ 110.476036825922236, -7.940662822380868 ], [ 110.478731771774605, -7.940662822380868 ], [ 110.478731771774605, -7.941558405040463 ], [ 110.479630087058709, -7.941558405040463 ], [ 110.479630087058709, -7.940662822380868 ], [ 110.480528402342841, -7.940662822380868 ], [ 110.480528402342841, -7.939767237743012 ], [ 110.481426717626945, -7.939767237743012 ], [ 110.481426717626945, -7.938871651127108 ], [ 110.482325032911078, -7.938871651127108 ], [ 110.482325032911078, -7.941558405040463 ], [ 110.481426717626945, -7.941558405040463 ], [ 110.481426717626945, -7.942283173602683 ], [ 110.4814224, -7.9422898 ] ] ] ] } },
{ "type": "Feature", "properties": { "Kelas": "Tinggi", "SKOR_LONGSOR": 0 }, "geometry": { "type": "MultiPolygon", "coordinates": [ [ [ [ 110.475138510638118, -7.945140715891855 ], [ 110.476036825922236, -7.945140715891855 ], [ 110.476036825922236, -7.947827428247987 ], [ 110.475138510638118, -7.947827428247987 ], [ 110.475138510638118, -7.945140715891855 ] ] ] ] } },
{ "type": "Feature", "properties": { "Kelas": "Sangat Rendah", "SKOR_LONGSOR": 1 }, "geometry": { "type": "MultiPolygon", "coordinates": [ [ [ [ 110.40417160319268, -7.944245141147486 ], [ 110.406866549045034, -7.944245141147486 ], [ 110.406866549045034, -7.945140715891855 ], [ 110.405968233760916, -7.945140715891855 ], [ 110.405968233760916, -7.946931859442319 ], [ 110.405069918476798, -7.946931859442319 ], [ 110.405069918476798, -7.946036288656869 ], [ 110.40417160319268, -7.946036288656869 ], [ 110.40417160319268, -7.947827428247987 ], [ 110.403273287908561, -7.947827428247987 ], [ 110.403273287908561, -7.946931859442319 ], [ 110.402374972624443, -7.946931859442319 ], [ 110.402374972624443, -7.946036288656869 ], [ 110.403273287908561, -7.946036288656869 ], [ 110.403273287908561, -7.945140715891855 ], [ 110.40417160319268, -7.945140715891855 ], [ 110.40417160319268, -7.944245141147486 ] ] ] ] } },
{ "type": "Feature", "properties": { "Kelas": "Cukup Tinggi", "SKOR_LONGSOR": 4 }, "geometry": { "type": "MultiPolygon", "coordinates": [ [ [ [ 110.431121061716269, -7.945140715891855 ], [ 110.432917692284505, -7.945140715891855 ], [ 110.432917692284505, -7.946036288656869 ], [ 110.432019377000373, -7.946036288656869 ], [ 110.432019377000373, -7.946931859442319 ], [ 110.431121061716269, -7.946931859442319 ], [ 110.431121061716269, -7.949618559919101 ], [ 110.430222746432136, -7.949618559919101 ], [ 110.430222746432136, -7.946036288656869 ], [ 110.431121061716269, -7.946036288656869 ], [ 110.431121061716269, -7.945140715891855 ] ] ] ] } },
{ "type": "Feature", "properties": { "Kelas": "Cukup Rendah", "SKOR_LONGSOR": 2 }, "geometry": { "type": "MultiPolygon", "coordinates": [ [ [ [ 110.457172204955739, -7.920063875649016 ], [ 110.456273889671607, -7.920063875649016 ], [ 110.456273889671607, -7.926333230931201 ], [ 110.454477259103371, -7.926333230931201 ], [ 110.454477259103371, -7.932602489448731 ], [ 110.453578943819252, -7.932602489448731 ], [ 110.453578943819252, -7.933498089904879 ], [ 110.450883997966883, -7.933498089904879 ], [ 110.450883997966883, -7.934393688384501 ], [ 110.449087367398647, -7.934393688384501 ], [ 110.449087367398647, -7.933498089904879 ], [ 110.448189052114529, -7.933498089904879 ], [ 110.448189052114529, -7.932602489448731 ], [ 110.447290736830411, -7.932602489448731 ], [ 110.447290736830411, -7.930811282607725 ], [ 110.448189052114529, -7.930811282607725 ], [ 110.448189052114529, -7.929915676223303 ], [ 110.446392421546292, -7.929915676223303 ], [ 110.446392421546292, -7.930811282607725 ], [ 110.445494106262174, -7.930811282607725 ], [ 110.445494106262174, -7.931706887016274 ], [ 110.444595790978042, -7.931706887016274 ], [ 110.444595790978042, -7.932602489448731 ], [ 110.445494106262174, -7.932602489448731 ], [ 110.445494106262174, -7.933498089904879 ], [ 110.446392421546292, -7.933498089904879 ], [ 110.446392421546292, -7.934393688384501 ], [ 110.448189052114529, -7.934393688384501 ], [ 110.448189052114529, -7.935289284887379 ], [ 110.449087367398647, -7.935289284887379 ], [ 110.449087367398647, -7.936184879413294 ], [ 110.449985682682765, -7.936184879413294 ], [ 110.449985682682765, -7.937080471962033 ], [ 110.450883997966883, -7.937080471962033 ], [ 110.450883997966883, -7.937976062533377 ], [ 110.452680628535134, -7.937976062533377 ], [ 110.452680628535134, -7.939767237743012 ], [ 110.454477259103371, -7.939767237743012 ], [ 110.454477259103371, -7.943349564423987 ], [ 110.452680628535134, -7.943349564423987 ], [ 110.452680628535134, -7.942453985721572 ], [ 110.450883997966883, -7.942453985721572 ], [ 110.450883997966883, -7.941558405040463 ], [ 110.449087367398647, -7.941558405040463 ], [ 110.449087367398647, -7.942453985721572 ], [ 110.447290736830411, -7.942453985721572 ], [ 110.447290736830411, -7.943349564423987 ], [ 110.446392421546292, -7.943349564423987 ], [ 110.446392421546292, -7.944245141147486 ], [ 110.444595790978042, -7.944245141147486 ], [ 110.444595790978042, -7.945140715891855 ], [ 110.441900845125701, -7.945140715891855 ], [ 110.441900845125701, -7.946036288656869 ], [ 110.441002529841569, -7.946036288656869 ], [ 110.441002529841569, -7.947827428247987 ], [ 110.440104214557451, -7.947827428247987 ], [ 110.440104214557451, -7.946931859442319 ], [ 110.437409268705096, -7.946931859442319 ], [ 110.437409268705096, -7.947827428247987 ], [ 110.438307583989214, -7.947827428247987 ], [ 110.438307583989214, -7.948722995073655 ], [ 110.436510953420978, -7.948722995073655 ], [ 110.436510953420978, -7.947827428247987 ], [ 110.43561263813686, -7.947827428247987 ], [ 110.43561263813686, -7.948722995073655 ], [ 110.434714322852741, -7.948722995073655 ], [ 110.434714322852741, -7.947827428247987 ], [ 110.433816007568609, -7.947827428247987 ], [ 110.433816007568609, -7.946931859442319 ], [ 110.432917692284505, -7.946931859442319 ], [ 110.432917692284505, -7.947827428247987 ], [ 110.432019377000373, -7.947827428247987 ], [ 110.432019377000373, -7.946036288656869 ], [ 110.432917692284505, -7.946036288656869 ], [ 110.432917692284505, -7.945140715891855 ], [ 110.431121061716269, -7.945140715891855 ], [ 110.431121061716269, -7.944245141147486 ], [ 110.430222746432136, -7.944245141147486 ], [ 110.430222746432136, -7.941558405040463 ], [ 110.431121061716269, -7.941558405040463 ], [ 110.431121061716269, -7.940662822380868 ], [ 110.434714322852741, -7.940662822380868 ], [ 110.434714322852741, -7.939767237743012 ], [ 110.43561263813686, -7.939767237743012 ], [ 110.43561263813686, -7.937976062533377 ], [ 110.433816007568609, -7.937976062533377 ], [ 110.433816007568609, -7.937080471962033 ], [ 110.432917692284505, -7.937080471962033 ], [ 110.432917692284505, -7.937976062533377 ], [ 110.431121061716269, -7.937976062533377 ], [ 110.431121061716269, -7.938871651127108 ], [ 110.427527800579782, -7.938871651127108 ], [ 110.427527800579782, -7.939767237743012 ], [ 110.425731170011545, -7.939767237743012 ], [ 110.425731170011545, -7.940662822380868 ], [ 110.420341278306836, -7.940662822380868 ], [ 110.420341278306836, -7.939767237743012 ], [ 110.42123959359094, -7.939767237743012 ], [ 110.42123959359094, -7.937080471962033 ], [ 110.422137908875072, -7.937080471962033 ], [ 110.422137908875072, -7.938871651127108 ], [ 110.424832854727427, -7.938871651127108 ], [ 110.424832854727427, -7.937976062533377 ], [ 110.426629485295663, -7.937976062533377 ], [ 110.426629485295663, -7.935289284887379 ], [ 110.423036224159176, -7.935289284887379 ], [ 110.423036224159176, -7.936184879413294 ], [ 110.420341278306836, -7.936184879413294 ], [ 110.420341278306836, -7.937080471962033 ], [ 110.419442963022703, -7.937080471962033 ], [ 110.419442963022703, -7.937976062533377 ], [ 110.418544647738585, -7.937976062533377 ], [ 110.418544647738585, -7.936184879413294 ], [ 110.414951386602112, -7.936184879413294 ], [ 110.414951386602112, -7.935289284887379 ], [ 110.414053071317994, -7.935289284887379 ], [ 110.414053071317994, -7.934393688384501 ], [ 110.413154756033876, -7.934393688384501 ], [ 110.413154756033876, -7.933498089904879 ], [ 110.414053071317994, -7.933498089904879 ], [ 110.414053071317994, -7.932602489448731 ], [ 110.415849701886231, -7.932602489448731 ], [ 110.415849701886231, -7.930811282607725 ], [ 110.418544647738585, -7.930811282607725 ], [ 110.418544647738585, -7.931706887016274 ], [ 110.419442963022703, -7.931706887016274 ], [ 110.419442963022703, -7.932602489448731 ], [ 110.420341278306836, -7.932602489448731 ], [ 110.420341278306836, -7.933498089904879 ], [ 110.42123959359094, -7.933498089904879 ], [ 110.42123959359094, -7.932602489448731 ], [ 110.422137908875072, -7.932602489448731 ], [ 110.422137908875072, -7.931706887016274 ], [ 110.423036224159176, -7.931706887016274 ], [ 110.423036224159176, -7.929020067863219 ], [ 110.423934539443309, -7.929020067863219 ], [ 110.423934539443309, -7.929915676223303 ], [ 110.424832854727427, -7.929915676223303 ], [ 110.424832854727427, -7.930811282607725 ], [ 110.425731170011545, -7.930811282607725 ], [ 110.425731170011545, -7.931706887016274 ], [ 110.4284261158639, -7.931706887016274 ], [ 110.4284261158639, -7.932602489448731 ], [ 110.429324431148018, -7.932602489448731 ], [ 110.429324431148018, -7.931706887016274 ], [ 110.430222746432136, -7.931706887016274 ], [ 110.430222746432136, -7.933498089904879 ], [ 110.432019377000373, -7.933498089904879 ], [ 110.432019377000373, -7.932602489448731 ], [ 110.432917692284505, -7.932602489448731 ], [ 110.432917692284505, -7.931706887016274 ], [ 110.434714322852741, -7.931706887016274 ], [ 110.434714322852741, -7.930811282607725 ], [ 110.436510953420978, -7.930811282607725 ], [ 110.436510953420978, -7.932602489448731 ], [ 110.43561263813686, -7.932602489448731 ], [ 110.43561263813686, -7.934393688384501 ], [ 110.436510953420978, -7.934393688384501 ], [ 110.436510953420978, -7.933498089904879 ], [ 110.437409268705096, -7.933498089904879 ], [ 110.437409268705096, -7.935289284887379 ], [ 110.436510953420978, -7.935289284887379 ], [ 110.436510953420978, -7.937080471962033 ], [ 110.437409268705096, -7.937080471962033 ], [ 110.437409268705096, -7.940662822380868 ], [ 110.438307583989214, -7.940662822380868 ], [ 110.438307583989214, -7.939767237743012 ], [ 110.439205899273333, -7.939767237743012 ], [ 110.439205899273333, -7.931706887016274 ], [ 110.440104214557451, -7.931706887016274 ], [ 110.440104214557451, -7.930811282607725 ], [ 110.441002529841569, -7.930811282607725 ], [ 110.441002529841569, -7.929020067863219 ], [ 110.441900845125701, -7.929020067863219 ], [ 110.441900845125701, -7.930811282607725 ], [ 110.443697475693938, -7.930811282607725 ], [ 110.443697475693938, -7.929915676223303 ], [ 110.445494106262174, -7.929915676223303 ], [ 110.445494106262174, -7.929020067863219 ], [ 110.446392421546292, -7.929020067863219 ], [ 110.446392421546292, -7.927228845216954 ], [ 110.447290736830411, -7.927228845216954 ], [ 110.447290736830411, -7.926333230931201 ], [ 110.448189052114529, -7.926333230931201 ], [ 110.448189052114529, -7.929020067863219 ], [ 110.449087367398647, -7.929020067863219 ], [ 110.449087367398647, -7.925437614670662 ], [ 110.449985682682765, -7.925437614670662 ], [ 110.449985682682765, -7.92454199643555 ], [ 110.450883997966883, -7.92454199643555 ], [ 110.450883997966883, -7.922750754042478 ], [ 110.453578943819252, -7.922750754042478 ], [ 110.453578943819252, -7.920959503753727 ], [ 110.454477259103371, -7.920959503753727 ], [ 110.454477259103371, -7.920063875649016 ], [ 110.455375574387489, -7.920063875649016 ], [ 110.455375574387489, -7.919168245571034 ], [ 110.456273889671607, -7.919168245571034 ], [ 110.456273889671607, -7.918272613520002 ], [ 110.457172204955739, -7.918272613520002 ], [ 110.457172204955739, -7.920063875649016 ] ], [ [ 110.450883997966883, -7.929915676223303 ], [ 110.449985682682765, -7.929915676223303 ], [ 110.449985682682765, -7.933498089904879 ], [ 110.450883997966883, -7.933498089904879 ], [ 110.450883997966883, -7.929915676223303 ] ], [ [ 110.451782313251016, -7.929915676223303 ], [ 110.451782313251016, -7.929020067863219 ], [ 110.452680628535134, -7.929020067863219 ], [ 110.452680628535134, -7.927228845216954 ], [ 110.450883997966883, -7.927228845216954 ], [ 110.450883997966883, -7.929915676223303 ], [ 110.451782313251016, -7.929915676223303 ] ], [ [ 110.445494106262174, -7.934393688384501 ], [ 110.445494106262174, -7.935289284887379 ], [ 110.446392421546292, -7.935289284887379 ], [ 110.446392421546292, -7.934393688384501 ], [ 110.445494106262174, -7.934393688384501 ] ], [ [ 110.443697475693938, -7.935289284887379 ], [ 110.443697475693938, -7.937976062533377 ], [ 110.442799160409805, -7.937976062533377 ], [ 110.442799160409805, -7.938871651127108 ], [ 110.443697475693938, -7.938871651127108 ], [ 110.443697475693938, -7.940662822380868 ], [ 110.444595790978042, -7.940662822380868 ], [ 110.444595790978042, -7.939767237743012 ], [ 110.445494106262174, -7.939767237743012 ], [ 110.445494106262174, -7.938871651127108 ], [ 110.444595790978042, -7.938871651127108 ], [ 110.444595790978042, -7.937976062533377 ], [ 110.445494106262174, -7.937976062533377 ], [ 110.445494106262174, -7.937080471962033 ], [ 110.446392421546292, -7.937080471962033 ], [ 110.446392421546292, -7.936184879413294 ], [ 110.445494106262174, -7.936184879413294 ], [ 110.445494106262174, -7.935289284887379 ], [ 110.443697475693938, -7.935289284887379 ] ], [ [ 110.445494106262174, -7.940662822380868 ], [ 110.446392421546292, -7.940662822380868 ], [ 110.446392421546292, -7.939767237743012 ], [ 110.445494106262174, -7.939767237743012 ], [ 110.445494106262174, -7.940662822380868 ] ], [ [ 110.447290736830411, -7.935289284887379 ], [ 110.447290736830411, -7.937080471962033 ], [ 110.448189052114529, -7.937080471962033 ], [ 110.448189052114529, -7.935289284887379 ], [ 110.447290736830411, -7.935289284887379 ] ], [ [ 110.441002529841569, -7.944245141147486 ], [ 110.440104214557451, -7.944245141147486 ], [ 110.440104214557451, -7.946036288656869 ], [ 110.441002529841569, -7.946036288656869 ], [ 110.441002529841569, -7.944245141147486 ] ], [ [ 110.434714322852741, -7.934393688384501 ], [ 110.434714322852741, -7.935289284887379 ], [ 110.43561263813686, -7.935289284887379 ], [ 110.43561263813686, -7.934393688384501 ], [ 110.434714322852741, -7.934393688384501 ] ], [ [ 110.453578943819252, -7.923646376226084 ], [ 110.454477259103371, -7.923646376226084 ], [ 110.454477259103371, -7.922750754042478 ], [ 110.453578943819252, -7.922750754042478 ], [ 110.453578943819252, -7.923646376226084 ] ], [ [ 110.454477259103371, -7.925437614670662 ], [ 110.455375574387489, -7.925437614670662 ], [ 110.455375574387489, -7.923646376226084 ], [ 110.454477259103371, -7.923646376226084 ], [ 110.454477259103371, -7.925437614670662 ] ], [ [ 110.436510953420978, -7.945140715891855 ], [ 110.436510953420978, -7.946036288656869 ], [ 110.437409268705096, -7.946036288656869 ], [ 110.437409268705096, -7.945140715891855 ], [ 110.436510953420978, -7.945140715891855 ] ], [ [ 110.441002529841569, -7.942453985721572 ], [ 110.441002529841569, -7.941558405040463 ], [ 110.440104214557451, -7.941558405040463 ], [ 110.440104214557451, -7.942453985721572 ], [ 110.441002529841569, -7.942453985721572 ] ] ] ] } },
{ "type": "Feature", "properties": { "Kelas": "Cukup Rendah", "SKOR_LONGSOR": 2 }, "geometry": { "type": "MultiPolygon", "coordinates": [ [ [ [ 110.392493504499129, -7.946931859442319 ], [ 110.394290135067365, -7.946931859442319 ], [ 110.394290135067365, -7.947827428247987 ], [ 110.392493504499129, -7.947827428247987 ], [ 110.392493504499129, -7.946931859442319 ] ] ] ] } },
{ "type": "Feature", "properties": { "Kelas": "Cukup Rendah", "SKOR_LONGSOR": 2 }, "geometry": { "type": "MultiPolygon", "coordinates": [ [ [ [ 110.426629485295663, -7.946931859442319 ], [ 110.427527800579782, -7.946931859442319 ], [ 110.427527800579782, -7.947827428247987 ], [ 110.426629485295663, -7.947827428247987 ], [ 110.426629485295663, -7.946931859442319 ] ] ] ] } },
{ "type": "Feature", "properties": { "Kelas": "Sedang", "SKOR_LONGSOR": 3 }, "geometry": { "type": "MultiPolygon", "coordinates": [ [ [ [ 110.431121061716269, -7.946931859442319 ], [ 110.432019377000373, -7.946931859442319 ], [ 110.432019377000373, -7.947827428247987 ], [ 110.431121061716269, -7.947827428247987 ], [ 110.431121061716269, -7.946931859442319 ] ] ] ] } },
{ "type": "Feature", "properties": { "Kelas": "Sangat Rendah", "SKOR_LONGSOR": 1 }, "geometry": { "type": "MultiPolygon", "coordinates": [ [ [ [ 110.438307583989214, -7.946931859442319 ], [ 110.439205899273333, -7.946931859442319 ], [ 110.439205899273333, -7.947827428247987 ], [ 110.438307583989214, -7.947827428247987 ], [ 110.438307583989214, -7.946931859442319 ] ] ] ] } },
{ "type": "Feature", "properties": { "Kelas": "Cukup Tinggi", "SKOR_LONGSOR": 4 }, "geometry": { "type": "MultiPolygon", "coordinates": [ [ [ [ 110.445494106262174, -7.946931859442319 ], [ 110.446392421546292, -7.946931859442319 ], [ 110.446392421546292, -7.947827428247987 ], [ 110.445494106262174, -7.947827428247987 ], [ 110.445494106262174, -7.946931859442319 ] ] ] ] } },
{ "type": "Feature", "properties": { "Kelas": "Cukup Tinggi", "SKOR_LONGSOR": 4 }, "geometry": { "type": "MultiPolygon", "coordinates": [ [ [ [ 110.4489978, -7.9470558 ], [ 110.44882, -7.9471579 ], [ 110.4488152, -7.9471599 ], [ 110.4485627, -7.9474971 ], [ 110.448268493742518, -7.947827428247987 ], [ 110.448189052114529, -7.947827428247987 ], [ 110.448189052114529, -7.947921654578325 ], [ 110.447999, -7.9482051 ], [ 110.4475328, -7.948401 ], [ 110.447290736830411, -7.948481090668164 ], [ 110.447290736830411, -7.946931859442319 ], [ 110.449087367398647, -7.946931859442319 ], [ 110.449087367398647, -7.94703526900822 ], [ 110.4489978, -7.9470558 ] ] ] ] } },
{ "type": "Feature", "properties": { "Kelas": "Cukup Rendah", "SKOR_LONGSOR": 2 }, "geometry": { "type": "MultiPolygon", "coordinates": [ [ [ [ 110.473341880069881, -7.943349564423987 ], [ 110.474240195354, -7.943349564423987 ], [ 110.474240195354, -7.946931859442319 ], [ 110.475138510638118, -7.946931859442319 ], [ 110.475138510638118, -7.948722995073655 ], [ 110.476036825922236, -7.948722995073655 ], [ 110.476036825922236, -7.949618559919101 ], [ 110.475138510638118, -7.949618559919101 ], [ 110.475138510638118, -7.950514122784115 ], [ 110.472443564785749, -7.950514122784115 ], [ 110.472443564785749, -7.946931859442319 ], [ 110.473341880069881, -7.946931859442319 ], [ 110.473341880069881, -7.943349564423987 ] ] ] ] } },
{ "type": "Feature", "properties": { "Kelas": "Cukup Rendah", "SKOR_LONGSOR": 2 }, "geometry": { "type": "MultiPolygon", "coordinates": [ [ [ [ 110.391595189214996, -7.947827428247987 ], [ 110.392493504499129, -7.947827428247987 ], [ 110.392493504499129, -7.948722995073655 ], [ 110.391595189214996, -7.948722995073655 ], [ 110.391595189214996, -7.947827428247987 ] ] ] ] } },
{ "type": "Feature", "properties": { "Kelas": "Cukup Rendah", "SKOR_LONGSOR": 2 }, "geometry": { "type": "MultiPolygon", "coordinates": [ [ [ [ 110.399680026772074, -7.947827428247987 ], [ 110.400578342056193, -7.947827428247987 ], [ 110.400578342056193, -7.948722995073655 ], [ 110.399680026772074, -7.948722995073655 ], [ 110.399680026772074, -7.947827428247987 ] ] ] ] } },
{ "type": "Feature", "properties": { "Kelas": "Cukup Tinggi", "SKOR_LONGSOR": 4 }, "geometry": { "type": "MultiPolygon", "coordinates": [ [ [ [ 110.403273287908561, -7.947827428247987 ], [ 110.40417160319268, -7.947827428247987 ], [ 110.40417160319268, -7.948722995073655 ], [ 110.403273287908561, -7.948722995073655 ], [ 110.403273287908561, -7.947827428247987 ] ] ] ] } },
{ "type": "Feature", "properties": { "Kelas": "Cukup Rendah", "SKOR_LONGSOR": 2 }, "geometry": { "type": "MultiPolygon", "coordinates": [ [ [ [ 110.431121061716269, -7.947827428247987 ], [ 110.432019377000373, -7.947827428247987 ], [ 110.432019377000373, -7.948722995073655 ], [ 110.431121061716269, -7.948722995073655 ], [ 110.431121061716269, -7.947827428247987 ] ] ] ] } },
{ "type": "Feature", "properties": { "Kelas": "Sangat Rendah", "SKOR_LONGSOR": 1 }, "geometry": { "type": "MultiPolygon", "coordinates": [ [ [ [ 110.432019377000373, -7.947827428247987 ], [ 110.432917692284505, -7.947827428247987 ], [ 110.432917692284505, -7.948722995073655 ], [ 110.432019377000373, -7.948722995073655 ], [ 110.432019377000373, -7.947827428247987 ] ] ] ] } },
{ "type": "Feature", "properties": { "Kelas": "Sangat Rendah", "SKOR_LONGSOR": 1 }, "geometry": { "type": "MultiPolygon", "coordinates": [ [ [ [ 110.439205899273333, -7.947827428247987 ], [ 110.440104214557451, -7.947827428247987 ], [ 110.440104214557451, -7.948722995073655 ], [ 110.439205899273333, -7.948722995073655 ], [ 110.439205899273333, -7.947827428247987 ] ] ] ] } },
{ "type": "Feature", "properties": { "Kelas": "Cukup Tinggi", "SKOR_LONGSOR": 4 }, "geometry": { "type": "MultiPolygon", "coordinates": [ [ [ [ 110.475138510638118, -7.947827428247987 ], [ 110.476036825922236, -7.947827428247987 ], [ 110.476036825922236, -7.948722995073655 ], [ 110.475138510638118, -7.948722995073655 ], [ 110.475138510638118, -7.947827428247987 ] ] ] ] } },
{ "type": "Feature", "properties": { "Kelas": "Tinggi", "SKOR_LONGSOR": 0 }, "geometry": { "type": "MultiPolygon", "coordinates": [ [ [ [ 110.476036825922236, -7.947827428247987 ], [ 110.476935141206354, -7.947827428247987 ], [ 110.476935141206354, -7.948722995073655 ], [ 110.476036825922236, -7.948722995073655 ], [ 110.476036825922236, -7.947827428247987 ] ] ] ] } },
{ "type": "Feature", "properties": { "Kelas": "Sangat Rendah", "SKOR_LONGSOR": 1 }, "geometry": { "type": "MultiPolygon", "coordinates": [ [ [ [ 110.431121061716269, -7.948722995073655 ], [ 110.432019377000373, -7.948722995073655 ], [ 110.432019377000373, -7.949618559919101 ], [ 110.431121061716269, -7.949618559919101 ], [ 110.431121061716269, -7.948722995073655 ] ] ] ] } },
{ "type": "Feature", "properties": { "Kelas": "Cukup Rendah", "SKOR_LONGSOR": 2 }, "geometry": { "type": "MultiPolygon", "coordinates": [ [ [ [ 110.432019377000373, -7.948722995073655 ], [ 110.433816007568609, -7.948722995073655 ], [ 110.433816007568609, -7.949618559919101 ], [ 110.432019377000373, -7.949618559919101 ], [ 110.432019377000373, -7.948722995073655 ] ] ] ] } },
{ "type": "Feature", "properties": { "Kelas": "Sangat Rendah", "SKOR_LONGSOR": 1 }, "geometry": { "type": "MultiPolygon", "coordinates": [ [ [ [ 110.434714322852741, -7.948722995073655 ], [ 110.43561263813686, -7.948722995073655 ], [ 110.43561263813686, -7.949618559919101 ], [ 110.434714322852741, -7.949618559919101 ], [ 110.434714322852741, -7.948722995073655 ] ] ] ] } },
{ "type": "Feature", "properties": { "Kelas": "Cukup Tinggi", "SKOR_LONGSOR": 4 }, "geometry": { "type": "MultiPolygon", "coordinates": [ [ [ [ 110.444888897429436, -7.949618559919101 ], [ 110.444595790978042, -7.949618559919101 ], [ 110.444595790978042, -7.948722995073655 ], [ 110.445494106262174, -7.948722995073655 ], [ 110.445494106262174, -7.949063652701069 ], [ 110.444888897429436, -7.949618559919101 ] ] ] ] } },
{ "type": "Feature", "properties": { "Kelas": "Cukup Rendah", "SKOR_LONGSOR": 2 }, "geometry": { "type": "MultiPolygon", "coordinates": [ [ [ [ 110.4779816, -7.9492931 ], [ 110.4781189, -7.9498887 ], [ 110.4780426, -7.9502563 ], [ 110.477923557909463, -7.950514122784115 ], [ 110.476935141206354, -7.950514122784115 ], [ 110.476935141206354, -7.948722995073655 ], [ 110.477720079786664, -7.948722995073655 ], [ 110.4779816, -7.9492931 ] ] ] ] } },
{ "type": "Feature", "properties": { "Kelas": "Cukup Rendah", "SKOR_LONGSOR": 2 }, "geometry": { "type": "MultiPolygon", "coordinates": [ [ [ [ 110.379917090521445, -7.949618559919101 ], [ 110.380815405805564, -7.949618559919101 ], [ 110.380815405805564, -7.950514122784115 ], [ 110.381713721089696, -7.950514122784115 ], [ 110.381713721089696, -7.951409683668476 ], [ 110.3826120363738, -7.951409683668476 ], [ 110.3826120363738, -7.950514122784115 ], [ 110.383510351657932, -7.950514122784115 ], [ 110.383510351657932, -7.949618559919101 ], [ 110.385306982226169, -7.949618559919101 ], [ 110.385306982226169, -7.950514122784115 ], [ 110.384408666942036, -7.950514122784115 ], [ 110.384408666942036, -7.951409683668476 ], [ 110.388900243362642, -7.951409683668476 ], [ 110.388900243362642, -7.952305242571969 ], [ 110.387103612794405, -7.952305242571969 ], [ 110.387103612794405, -7.953200799494374 ], [ 110.380815405805564, -7.953200799494374 ], [ 110.380815405805564, -7.954096354435476 ], [ 110.379917090521445, -7.954096354435476 ], [ 110.379917090521445, -7.949618559919101 ] ] ] ] } },
{ "type": "Feature", "properties": { "Kelas": "Cukup Rendah", "SKOR_LONGSOR": 2 }, "geometry": { "type": "MultiPolygon", "coordinates": [ [ [ [ 110.38979855864676, -7.949618559919101 ], [ 110.390696873930878, -7.949618559919101 ], [ 110.390696873930878, -7.950514122784115 ], [ 110.38979855864676, -7.950514122784115 ], [ 110.38979855864676, -7.949618559919101 ] ] ] ] } },
{ "type": "Feature", "properties": { "Kelas": "Sangat Rendah", "SKOR_LONGSOR": 1 }, "geometry": { "type": "MultiPolygon", "coordinates": [ [ [ [ 110.393391819783233, -7.949618559919101 ], [ 110.394290135067365, -7.949618559919101 ], [ 110.394290135067365, -7.950514122784115 ], [ 110.393391819783233, -7.950514122784115 ], [ 110.393391819783233, -7.949618559919101 ] ] ] ] } },
{ "type": "Feature", "properties": { "Kelas": "Sangat Rendah", "SKOR_LONGSOR": 1 }, "geometry": { "type": "MultiPolygon", "coordinates": [ [ [ [ 110.398781711487956, -7.949618559919101 ], [ 110.399680026772074, -7.949618559919101 ], [ 110.399680026772074, -7.950514122784115 ], [ 110.398781711487956, -7.950514122784115 ], [ 110.398781711487956, -7.949618559919101 ] ] ] ] } },
{ "type": "Feature", "properties": { "Kelas": "Cukup Rendah", "SKOR_LONGSOR": 2 }, "geometry": { "type": "MultiPolygon", "coordinates": [ [ [ [ 110.430222746432136, -7.949618559919101 ], [ 110.432019377000373, -7.949618559919101 ], [ 110.432019377000373, -7.950514122784115 ], [ 110.430222746432136, -7.950514122784115 ], [ 110.430222746432136, -7.949618559919101 ] ] ] ] } },
{ "type": "Feature", "properties": { "Kelas": "Sangat Rendah", "SKOR_LONGSOR": 1 }, "geometry": { "type": "MultiPolygon", "coordinates": [ [ [ [ 110.455375574387489, -7.949618559919101 ], [ 110.456273889671607, -7.949618559919101 ], [ 110.456273889671607, -7.950514122784115 ], [ 110.455375574387489, -7.950514122784115 ], [ 110.455375574387489, -7.949618559919101 ] ] ] ] } },
{ "type": "Feature", "properties": { "Kelas": "Cukup Rendah", "SKOR_LONGSOR": 2 }, "geometry": { "type": "MultiPolygon", "coordinates": [ [ [ [ 110.465257042512803, -7.949618559919101 ], [ 110.466155357796922, -7.949618559919101 ], [ 110.466155357796922, -7.950514122784115 ], [ 110.468850303649276, -7.950514122784115 ], [ 110.468850303649276, -7.953200799494374 ], [ 110.46705367308104, -7.953200799494374 ], [ 110.46705367308104, -7.952305242571969 ], [ 110.466155357796922, -7.952305242571969 ], [ 110.466155357796922, -7.951409683668476 ], [ 110.465257042512803, -7.951409683668476 ], [ 110.465257042512803, -7.949618559919101 ] ] ] ] } },
{ "type": "Feature", "properties": { "Kelas": "Cukup Tinggi", "SKOR_LONGSOR": 4 }, "geometry": { "type": "MultiPolygon", "coordinates": [ [ [ [ 110.4762125, -7.9512154 ], [ 110.476036825922236, -7.951271103763382 ], [ 110.476036825922236, -7.950514122784115 ], [ 110.475138510638118, -7.950514122784115 ], [ 110.475138510638118, -7.949618559919101 ], [ 110.476036825922236, -7.949618559919101 ], [ 110.476036825922236, -7.948722995073655 ], [ 110.476935141206354, -7.948722995073655 ], [ 110.476935141206354, -7.95100198747447 ], [ 110.4762125, -7.9512154 ] ] ] ] } },
{ "type": "Feature", "properties": { "Kelas": "Sangat Rendah", "SKOR_LONGSOR": 1 }, "geometry": { "type": "MultiPolygon", "coordinates": [ [ [ [ 110.387103612794405, -7.950514122784115 ], [ 110.388001928078523, -7.950514122784115 ], [ 110.388001928078523, -7.951409683668476 ], [ 110.387103612794405, -7.951409683668476 ], [ 110.387103612794405, -7.950514122784115 ] ] ] ] } },
{ "type": "Feature", "properties": { "Kelas": "Cukup Rendah", "SKOR_LONGSOR": 2 }, "geometry": { "type": "MultiPolygon", "coordinates": [ [ [ [ 110.388900243362642, -7.950514122784115 ], [ 110.38979855864676, -7.950514122784115 ], [ 110.38979855864676, -7.951409683668476 ], [ 110.388900243362642, -7.951409683668476 ], [ 110.388900243362642, -7.950514122784115 ] ] ] ] } },
{ "type": "Feature", "properties": { "Kelas": "Sangat Rendah", "SKOR_LONGSOR": 1 }, "geometry": { "type": "MultiPolygon", "coordinates": [ [ [ [ 110.38979855864676, -7.950514122784115 ], [ 110.390696873930878, -7.950514122784115 ], [ 110.390696873930878, -7.951409683668476 ], [ 110.38979855864676, -7.951409683668476 ], [ 110.38979855864676, -7.950514122784115 ] ] ] ] } },
{ "type": "Feature", "properties": { "Kelas": "Sangat Rendah", "SKOR_LONGSOR": 1 }, "geometry": { "type": "MultiPolygon", "coordinates": [ [ [ [ 110.391595189214996, -7.950514122784115 ], [ 110.392493504499129, -7.950514122784115 ], [ 110.392493504499129, -7.951409683668476 ], [ 110.391595189214996, -7.951409683668476 ], [ 110.391595189214996, -7.950514122784115 ] ] ] ] } },
{ "type": "Feature", "properties": { "Kelas": "Sangat Rendah", "SKOR_LONGSOR": 1 }, "geometry": { "type": "MultiPolygon", "coordinates": [ [ [ [ 110.39698508091972, -7.950514122784115 ], [ 110.397883396203838, -7.950514122784115 ], [ 110.397883396203838, -7.951409683668476 ], [ 110.39698508091972, -7.951409683668476 ], [ 110.39698508091972, -7.950514122784115 ] ] ] ] } },
{ "type": "Feature", "properties": { "Kelas": "Cukup Rendah", "SKOR_LONGSOR": 2 }, "geometry": { "type": "MultiPolygon", "coordinates": [ [ [ [ 110.398781711487956, -7.950514122784115 ], [ 110.399680026772074, -7.950514122784115 ], [ 110.399680026772074, -7.951409683668476 ], [ 110.398781711487956, -7.951409683668476 ], [ 110.398781711487956, -7.950514122784115 ] ] ] ] } },
{ "type": "Feature", "properties": { "Kelas": "Cukup Tinggi", "SKOR_LONGSOR": 4 }, "geometry": { "type": "MultiPolygon", "coordinates": [ [ [ [ 110.399680026772074, -7.950514122784115 ], [ 110.400578342056193, -7.950514122784115 ], [ 110.400578342056193, -7.951409683668476 ], [ 110.401476657340311, -7.951409683668476 ], [ 110.401476657340311, -7.952305242571969 ], [ 110.399680026772074, -7.952305242571969 ], [ 110.399680026772074, -7.950514122784115 ] ] ] ] } },
{ "type": "Feature", "properties": { "Kelas": "Cukup Tinggi", "SKOR_LONGSOR": 4 }, "geometry": { "type": "MultiPolygon", "coordinates": [ [ [ [ 110.455375574387489, -7.950514122784115 ], [ 110.456273889671607, -7.950514122784115 ], [ 110.456273889671607, -7.951409683668476 ], [ 110.455375574387489, -7.951409683668476 ], [ 110.455375574387489, -7.950514122784115 ] ] ] ] } },
{ "type": "Feature", "properties": { "Kelas": "Sangat Rendah", "SKOR_LONGSOR": 1 }, "geometry": { "type": "MultiPolygon", "coordinates": [ [ [ [ 110.458968835523976, -7.950514122784115 ], [ 110.45986715080808, -7.950514122784115 ], [ 110.45986715080808, -7.951409683668476 ], [ 110.458968835523976, -7.951409683668476 ], [ 110.458968835523976, -7.950514122784115 ] ] ] ] } },
{ "type": "Feature", "properties": { "Kelas": "Cukup Tinggi", "SKOR_LONGSOR": 4 }, "geometry": { "type": "MultiPolygon", "coordinates": [ [ [ [ 110.4740067, -7.951903 ], [ 110.4737778, -7.9520645 ], [ 110.473614018725812, -7.952305242571969 ], [ 110.472443564785749, -7.952305242571969 ], [ 110.472443564785749, -7.950514122784115 ], [ 110.474240195354, -7.950514122784115 ], [ 110.474240195354, -7.95185389171435 ], [ 110.4740067, -7.951903 ] ] ] ] } },
{ "type": "Feature", "properties": { "Kelas": "Tinggi", "SKOR_LONGSOR": 0 }, "geometry": { "type": "MultiPolygon", "coordinates": [ [ [ [ 110.475599783691223, -7.951409683668476 ], [ 110.474240195354, -7.951409683668476 ], [ 110.474240195354, -7.950514122784115 ], [ 110.476036825922236, -7.950514122784115 ], [ 110.476036825922236, -7.951271103763382 ], [ 110.475599783691223, -7.951409683668476 ] ] ] ] } },
{ "type": "Feature", "properties": { "Kelas": "Sedang", "SKOR_LONGSOR": 3 }, "geometry": { "type": "MultiPolygon", "coordinates": [ [ [ [ 110.477356, -7.9508767 ], [ 110.4773379, -7.950882 ], [ 110.477335, -7.9508839 ], [ 110.476935141206354, -7.95100198747447 ], [ 110.476935141206354, -7.950514122784115 ], [ 110.477833456490472, -7.950514122784115 ], [ 110.477833456490472, -7.950652217913008 ], [ 110.477356, -7.9508767 ] ] ] ] } },
{ "type": "Feature", "properties": { "Kelas": "Cukup Tinggi", "SKOR_LONGSOR": 4 }, "geometry": { "type": "MultiPolygon", "coordinates": [ [ [ [ 110.4778671, -7.9506364 ], [ 110.477833456490472, -7.950652217913008 ], [ 110.477833456490472, -7.950514122784115 ], [ 110.477923557909463, -7.950514122784115 ], [ 110.4778671, -7.9506364 ] ] ] ] } },
{ "type": "Feature", "properties": { "Kelas": "Cukup Rendah", "SKOR_LONGSOR": 2 }, "geometry": { "type": "MultiPolygon", "coordinates": [ [ [ [ 110.394290135067365, -7.949618559919101 ], [ 110.39698508091972, -7.949618559919101 ], [ 110.39698508091972, -7.951409683668476 ], [ 110.398781711487956, -7.951409683668476 ], [ 110.398781711487956, -7.952305242571969 ], [ 110.396086765635602, -7.952305242571969 ], [ 110.396086765635602, -7.953200799494374 ], [ 110.394290135067365, -7.953200799494374 ], [ 110.394290135067365, -7.952305242571969 ], [ 110.391595189214996, -7.952305242571969 ], [ 110.391595189214996, -7.951409683668476 ], [ 110.392493504499129, -7.951409683668476 ], [ 110.392493504499129, -7.950514122784115 ], [ 110.394290135067365, -7.950514122784115 ], [ 110.394290135067365, -7.949618559919101 ] ] ] ] } },
{ "type": "Feature", "properties": { "Kelas": "Sedang", "SKOR_LONGSOR": 3 }, "geometry": { "type": "MultiPolygon", "coordinates": [ [ [ [ 110.398781711487956, -7.951409683668476 ], [ 110.399680026772074, -7.951409683668476 ], [ 110.399680026772074, -7.952305242571969 ], [ 110.398781711487956, -7.952305242571969 ], [ 110.398781711487956, -7.951409683668476 ] ] ] ] } },
{ "type": "Feature", "properties": { "Kelas": "Cukup Tinggi", "SKOR_LONGSOR": 4 }, "geometry": { "type": "MultiPolygon", "coordinates": [ [ [ [ 110.405069918476798, -7.951409683668476 ], [ 110.405968233760916, -7.951409683668476 ], [ 110.405968233760916, -7.952305242571969 ], [ 110.405069918476798, -7.952305242571969 ], [ 110.405069918476798, -7.951409683668476 ] ] ] ] } },
{ "type": "Feature", "properties": { "Kelas": "Cukup Tinggi", "SKOR_LONGSOR": 4 }, "geometry": { "type": "MultiPolygon", "coordinates": [ [ [ [ 110.426629485295663, -7.951409683668476 ], [ 110.427527800579782, -7.951409683668476 ], [ 110.427527800579782, -7.952305242571969 ], [ 110.426629485295663, -7.952305242571969 ], [ 110.426629485295663, -7.951409683668476 ] ] ] ] } },
{ "type": "Feature", "properties": { "Kelas": "Cukup Rendah", "SKOR_LONGSOR": 2 }, "geometry": { "type": "MultiPolygon", "coordinates": [ [ [ [ 110.463460411944567, -7.951409683668476 ], [ 110.464358727228685, -7.951409683668476 ], [ 110.464358727228685, -7.952305242571969 ], [ 110.463460411944567, -7.952305242571969 ], [ 110.463460411944567, -7.951409683668476 ] ] ] ] } },
{ "type": "Feature", "properties": { "Kelas": "Sedang", "SKOR_LONGSOR": 3 }, "geometry": { "type": "MultiPolygon", "coordinates": [ [ [ [ 110.474689, -7.9517595 ], [ 110.474240195354, -7.95185389171435 ], [ 110.474240195354, -7.951409683668476 ], [ 110.475138510638118, -7.951409683668476 ], [ 110.475138510638118, -7.95156809960358 ], [ 110.474689, -7.9517595 ] ] ] ] } },
{ "type": "Feature", "properties": { "Kelas": "Cukup Rendah", "SKOR_LONGSOR": 2 }, "geometry": { "type": "MultiPolygon", "coordinates": [ [ [ [ 110.4752503, -7.9515205 ], [ 110.475138510638118, -7.95156809960358 ], [ 110.475138510638118, -7.951409683668476 ], [ 110.475599783691223, -7.951409683668476 ], [ 110.4752503, -7.9515205 ] ] ] ] } },
{ "type": "Feature", "properties": { "Kelas": "Sangat Rendah", "SKOR_LONGSOR": 1 }, "geometry": { "type": "MultiPolygon", "coordinates": [ [ [ [ 110.387103612794405, -7.952305242571969 ], [ 110.388001928078523, -7.952305242571969 ], [ 110.388001928078523, -7.953200799494374 ], [ 110.387103612794405, -7.953200799494374 ], [ 110.387103612794405, -7.952305242571969 ] ] ] ] } },
{ "type": "Feature", "properties": { "Kelas": "Sedang", "SKOR_LONGSOR": 3 }, "geometry": { "type": "MultiPolygon", "coordinates": [ [ [ [ 110.396086765635602, -7.952305242571969 ], [ 110.39698508091972, -7.952305242571969 ], [ 110.39698508091972, -7.953200799494374 ], [ 110.396086765635602, -7.953200799494374 ], [ 110.396086765635602, -7.952305242571969 ] ] ] ] } },
{ "type": "Feature", "properties": { "Kelas": "Cukup Tinggi", "SKOR_LONGSOR": 4 }, "geometry": { "type": "MultiPolygon", "coordinates": [ [ [ [ 110.398781711487956, -7.952305242571969 ], [ 110.399680026772074, -7.952305242571969 ], [ 110.399680026772074, -7.953200799494374 ], [ 110.398781711487956, -7.953200799494374 ], [ 110.398781711487956, -7.952305242571969 ] ] ] ] } },
{ "type": "Feature", "properties": { "Kelas": "Tinggi", "SKOR_LONGSOR": 0 }, "geometry": { "type": "MultiPolygon", "coordinates": [ [ [ [ 110.399680026772074, -7.952305242571969 ], [ 110.401476657340311, -7.952305242571969 ], [ 110.401476657340311, -7.953200799494374 ], [ 110.399680026772074, -7.953200799494374 ], [ 110.399680026772074, -7.952305242571969 ] ] ] ] } },
{ "type": "Feature", "properties": { "Kelas": "Cukup Tinggi", "SKOR_LONGSOR": 4 }, "geometry": { "type": "MultiPolygon", "coordinates": [ [ [ [ 110.405968233760916, -7.952305242571969 ], [ 110.406866549045034, -7.952305242571969 ], [ 110.406866549045034, -7.953200799494374 ], [ 110.405968233760916, -7.953200799494374 ], [ 110.405968233760916, -7.952305242571969 ] ] ] ] } },
{ "type": "Feature", "properties": { "Kelas": "Cukup Rendah", "SKOR_LONGSOR": 2 }, "geometry": { "type": "MultiPolygon", "coordinates": [ [ [ [ 110.407764864329152, -7.952305242571969 ], [ 110.41135812546564, -7.952305242571969 ], [ 110.41135812546564, -7.953200799494374 ], [ 110.407764864329152, -7.953200799494374 ], [ 110.407764864329152, -7.952305242571969 ] ] ] ] } },
{ "type": "Feature", "properties": { "Kelas": "Cukup Tinggi", "SKOR_LONGSOR": 4 }, "geometry": { "type": "MultiPolygon", "coordinates": [ [ [ [ 110.427527800579782, -7.952305242571969 ], [ 110.429324431148018, -7.952305242571969 ], [ 110.429324431148018, -7.953200799494374 ], [ 110.427527800579782, -7.953200799494374 ], [ 110.427527800579782, -7.952305242571969 ] ] ] ] } },
{ "type": "Feature", "properties": { "Kelas": "Sangat Rendah", "SKOR_LONGSOR": 1 }, "geometry": { "type": "MultiPolygon", "coordinates": [ [ [ [ 110.429324431148018, -7.952305242571969 ], [ 110.430222746432136, -7.952305242571969 ], [ 110.430222746432136, -7.953200799494374 ], [ 110.429324431148018, -7.953200799494374 ], [ 110.429324431148018, -7.952305242571969 ] ] ] ] } },
{ "type": "Feature", "properties": { "Kelas": "Cukup Tinggi", "SKOR_LONGSOR": 4 }, "geometry": { "type": "MultiPolygon", "coordinates": [ [ [ [ 110.441002529841569, -7.952305242571969 ], [ 110.441900845125701, -7.952305242571969 ], [ 110.441900845125701, -7.953200799494374 ], [ 110.441002529841569, -7.953200799494374 ], [ 110.441002529841569, -7.952305242571969 ] ] ] ] } },
{ "type": "Feature", "properties": { "Kelas": "Cukup Rendah", "SKOR_LONGSOR": 2 }, "geometry": { "type": "MultiPolygon", "coordinates": [ [ [ [ 110.456273889671607, -7.952305242571969 ], [ 110.457172204955739, -7.952305242571969 ], [ 110.457172204955739, -7.953200799494374 ], [ 110.456273889671607, -7.953200799494374 ], [ 110.456273889671607, -7.952305242571969 ] ] ] ] } },
{ "type": "Feature", "properties": { "Kelas": "Sangat Rendah", "SKOR_LONGSOR": 1 }, "geometry": { "type": "MultiPolygon", "coordinates": [ [ [ [ 110.460765466092212, -7.952305242571969 ], [ 110.461663781376316, -7.952305242571969 ], [ 110.461663781376316, -7.953200799494374 ], [ 110.460765466092212, -7.953200799494374 ], [ 110.460765466092212, -7.952305242571969 ] ] ] ] } },
{ "type": "Feature", "properties": { "Kelas": "Cukup Rendah", "SKOR_LONGSOR": 2 }, "geometry": { "type": "MultiPolygon", "coordinates": [ [ [ [ 110.461663781376316, -7.952305242571969 ], [ 110.462562096660449, -7.952305242571969 ], [ 110.462562096660449, -7.953200799494374 ], [ 110.461663781376316, -7.953200799494374 ], [ 110.461663781376316, -7.952305242571969 ] ] ] ] } },
{ "type": "Feature", "properties": { "Kelas": "Cukup Tinggi", "SKOR_LONGSOR": 4 }, "geometry": { "type": "MultiPolygon", "coordinates": [ [ [ [ 110.462562096660449, -7.952305242571969 ], [ 110.463460411944567, -7.952305242571969 ], [ 110.463460411944567, -7.953200799494374 ], [ 110.462562096660449, -7.953200799494374 ], [ 110.462562096660449, -7.952305242571969 ] ] ] ] } },
{ "type": "Feature", "properties": { "Kelas": "Cukup Rendah", "SKOR_LONGSOR": 2 }, "geometry": { "type": "MultiPolygon", "coordinates": [ [ [ [ 110.4735718, -7.9523673 ], [ 110.4732819, -7.9527712 ], [ 110.4729919, -7.9530873 ], [ 110.472899966302549, -7.953200799494374 ], [ 110.472443564785749, -7.953200799494374 ], [ 110.472443564785749, -7.952305242571969 ], [ 110.473614018725812, -7.952305242571969 ], [ 110.4735718, -7.9523673 ] ] ] ] } },
{ "type": "Feature", "properties": { "Kelas": "Sedang", "SKOR_LONGSOR": 3 }, "geometry": { "type": "MultiPolygon", "coordinates": [ [ [ [ 110.380815405805564, -7.953200799494374 ], [ 110.381713721089696, -7.953200799494374 ], [ 110.381713721089696, -7.954096354435476 ], [ 110.380815405805564, -7.954096354435476 ], [ 110.380815405805564, -7.953200799494374 ] ] ] ] } },
{ "type": "Feature", "properties": { "Kelas": "Cukup Rendah", "SKOR_LONGSOR": 2 }, "geometry": { "type": "MultiPolygon", "coordinates": [ [ [ [ 110.429324431148018, -7.953200799494374 ], [ 110.430222746432136, -7.953200799494374 ], [ 110.430222746432136, -7.954096354435476 ], [ 110.429324431148018, -7.954096354435476 ], [ 110.429324431148018, -7.953200799494374 ] ] ] ] } },
{ "type": "Feature", "properties": { "Kelas": "Cukup Tinggi", "SKOR_LONGSOR": 4 }, "geometry": { "type": "MultiPolygon", "coordinates": [ [ [ [ 110.456273889671607, -7.953200799494374 ], [ 110.457172204955739, -7.953200799494374 ], [ 110.457172204955739, -7.954096354435476 ], [ 110.456273889671607, -7.954096354435476 ], [ 110.456273889671607, -7.953200799494374 ] ] ] ] } },
{ "type": "Feature", "properties": { "Kelas": "Cukup Tinggi", "SKOR_LONGSOR": 4 }, "geometry": { "type": "MultiPolygon", "coordinates": [ [ [ [ 110.460765466092212, -7.953200799494374 ], [ 110.462562096660449, -7.953200799494374 ], [ 110.462562096660449, -7.954096354435476 ], [ 110.460765466092212, -7.954096354435476 ], [ 110.460765466092212, -7.953200799494374 ] ] ] ] } },
{ "type": "Feature", "properties": { "Kelas": "Tinggi", "SKOR_LONGSOR": 0 }, "geometry": { "type": "MultiPolygon", "coordinates": [ [ [ [ 110.463460411944567, -7.952305242571969 ], [ 110.465257042512803, -7.952305242571969 ], [ 110.465257042512803, -7.953200799494374 ], [ 110.464358727228685, -7.953200799494374 ], [ 110.464358727228685, -7.954096354435476 ], [ 110.462562096660449, -7.954096354435476 ], [ 110.462562096660449, -7.953200799494374 ], [ 110.463460411944567, -7.953200799494374 ], [ 110.463460411944567, -7.952305242571969 ] ] ] ] } },
{ "type": "Feature", "properties": { "Kelas": "Sedang", "SKOR_LONGSOR": 3 }, "geometry": { "type": "MultiPolygon", "coordinates": [ [ [ [ 110.472786, -7.9533415 ], [ 110.4726829, -7.9535548 ], [ 110.472589, -7.9538477 ], [ 110.472580627188336, -7.954096354435476 ], [ 110.472443564785749, -7.954096354435476 ], [ 110.472443564785749, -7.953200799494374 ], [ 110.472899966302549, -7.953200799494374 ], [ 110.472786, -7.9533415 ] ] ] ] } },
{ "type": "Feature", "properties": { "Kelas": "Tinggi", "SKOR_LONGSOR": 0 }, "geometry": { "type": "MultiPolygon", "coordinates": [ [ [ [ 110.397883396203838, -7.952305242571969 ], [ 110.398781711487956, -7.952305242571969 ], [ 110.398781711487956, -7.953200799494374 ], [ 110.399680026772074, -7.953200799494374 ], [ 110.399680026772074, -7.954096354435476 ], [ 110.400578342056193, -7.954096354435476 ], [ 110.400578342056193, -7.954991907395059 ], [ 110.401476657340311, -7.954991907395059 ], [ 110.401476657340311, -7.955887458372901 ], [ 110.402374972624443, -7.955887458372901 ], [ 110.402374972624443, -7.956783007368792 ], [ 110.400578342056193, -7.956783007368792 ], [ 110.400578342056193, -7.955887458372901 ], [ 110.399680026772074, -7.955887458372901 ], [ 110.399680026772074, -7.954991907395059 ], [ 110.397883396203838, -7.954991907395059 ], [ 110.397883396203838, -7.952305242571969 ] ] ] ] } },
{ "type": "Feature", "properties": { "Kelas": "Cukup Rendah", "SKOR_LONGSOR": 2 }, "geometry": { "type": "MultiPolygon", "coordinates": [ [ [ [ 110.431121061716269, -7.953200799494374 ], [ 110.432019377000373, -7.953200799494374 ], [ 110.432019377000373, -7.954991907395059 ], [ 110.431121061716269, -7.954991907395059 ], [ 110.431121061716269, -7.953200799494374 ] ] ] ] } },
{ "type": "Feature", "properties": { "Kelas": "Cukup Rendah", "SKOR_LONGSOR": 2 }, "geometry": { "type": "MultiPolygon", "coordinates": [ [ [ [ 110.386205297510273, -7.954096354435476 ], [ 110.387103612794405, -7.954096354435476 ], [ 110.387103612794405, -7.954991907395059 ], [ 110.386205297510273, -7.954991907395059 ], [ 110.386205297510273, -7.954096354435476 ] ] ] ] } },
{ "type": "Feature", "properties": { "Kelas": "Tinggi", "SKOR_LONGSOR": 0 }, "geometry": { "type": "MultiPolygon", "coordinates": [ [ [ [ 110.402374972624443, -7.954096354435476 ], [ 110.403273287908561, -7.954096354435476 ], [ 110.403273287908561, -7.954991907395059 ], [ 110.402374972624443, -7.954991907395059 ], [ 110.402374972624443, -7.954096354435476 ] ] ] ] } },
{ "type": "Feature", "properties": { "Kelas": "Sedang", "SKOR_LONGSOR": 3 }, "geometry": { "type": "MultiPolygon", "coordinates": [ [ [ [ 110.414951386602112, -7.954096354435476 ], [ 110.415849701886231, -7.954096354435476 ], [ 110.415849701886231, -7.954991907395059 ], [ 110.414951386602112, -7.954991907395059 ], [ 110.414951386602112, -7.954096354435476 ] ] ] ] } },
{ "type": "Feature", "properties": { "Kelas": "Sangat Rendah", "SKOR_LONGSOR": 1 }, "geometry": { "type": "MultiPolygon", "coordinates": [ [ [ [ 110.430222746432136, -7.954096354435476 ], [ 110.431121061716269, -7.954096354435476 ], [ 110.431121061716269, -7.954991907395059 ], [ 110.430222746432136, -7.954991907395059 ], [ 110.430222746432136, -7.954096354435476 ] ] ] ] } },
{ "type": "Feature", "properties": { "Kelas": "Sangat Rendah", "SKOR_LONGSOR": 1 }, "geometry": { "type": "MultiPolygon", "coordinates": [ [ [ [ 110.432019377000373, -7.954096354435476 ], [ 110.432917692284505, -7.954096354435476 ], [ 110.432917692284505, -7.954991907395059 ], [ 110.432019377000373, -7.954991907395059 ], [ 110.432019377000373, -7.954096354435476 ] ] ] ] } },
{ "type": "Feature", "properties": { "Kelas": "Cukup Tinggi", "SKOR_LONGSOR": 4 }, "geometry": { "type": "MultiPolygon", "coordinates": [ [ [ [ 110.441002529841569, -7.954096354435476 ], [ 110.441900845125701, -7.954096354435476 ], [ 110.441900845125701, -7.954991907395059 ], [ 110.441002529841569, -7.954991907395059 ], [ 110.441002529841569, -7.954096354435476 ] ] ] ] } },
{ "type": "Feature", "properties": { "Kelas": "Cukup Tinggi", "SKOR_LONGSOR": 4 }, "geometry": { "type": "MultiPolygon", "coordinates": [ [ [ [ 110.45986715080808, -7.954096354435476 ], [ 110.460765466092212, -7.954096354435476 ], [ 110.460765466092212, -7.954991907395059 ], [ 110.45986715080808, -7.954991907395059 ], [ 110.45986715080808, -7.954096354435476 ] ] ] ] } },
{ "type": "Feature", "properties": { "Kelas": "Tinggi", "SKOR_LONGSOR": 0 }, "geometry": { "type": "MultiPolygon", "coordinates": [ [ [ [ 110.460765466092212, -7.954096354435476 ], [ 110.462562096660449, -7.954096354435476 ], [ 110.462562096660449, -7.954991907395059 ], [ 110.460765466092212, -7.954991907395059 ], [ 110.460765466092212, -7.954096354435476 ] ] ] ] } },
{ "type": "Feature", "properties": { "Kelas": "Cukup Tinggi", "SKOR_LONGSOR": 4 }, "geometry": { "type": "MultiPolygon", "coordinates": [ [ [ [ 110.4725751, -7.9542605 ], [ 110.4726334, -7.9546203 ], [ 110.4727479, -7.9548626 ], [ 110.472852839436115, -7.954991907395059 ], [ 110.472443564785749, -7.954991907395059 ], [ 110.472443564785749, -7.954096354435476 ], [ 110.472580627188336, -7.954096354435476 ], [ 110.4725751, -7.9542605 ] ] ] ] } },
{ "type": "Feature", "properties": { "Kelas": "Sangat Rendah", "SKOR_LONGSOR": 1 }, "geometry": { "type": "MultiPolygon", "coordinates": [ [ [ [ 110.384408666942036, -7.954991907395059 ], [ 110.385306982226169, -7.954991907395059 ], [ 110.385306982226169, -7.955887458372901 ], [ 110.386205297510273, -7.955887458372901 ], [ 110.386205297510273, -7.956783007368792 ], [ 110.384408666942036, -7.956783007368792 ], [ 110.384408666942036, -7.954991907395059 ] ] ] ] } },
{ "type": "Feature", "properties": { "Kelas": "Cukup Rendah", "SKOR_LONGSOR": 2 }, "geometry": { "type": "MultiPolygon", "coordinates": [ [ [ [ 110.385306982226169, -7.954991907395059 ], [ 110.386205297510273, -7.954991907395059 ], [ 110.386205297510273, -7.955887458372901 ], [ 110.385306982226169, -7.955887458372901 ], [ 110.385306982226169, -7.954991907395059 ] ] ] ] } },
{ "type": "Feature", "properties": { "Kelas": "Cukup Rendah", "SKOR_LONGSOR": 2 }, "geometry": { "type": "MultiPolygon", "coordinates": [ [ [ [ 110.387103612794405, -7.954991907395059 ], [ 110.388001928078523, -7.954991907395059 ], [ 110.388001928078523, -7.95767855438251 ], [ 110.387103612794405, -7.95767855438251 ], [ 110.387103612794405, -7.954991907395059 ] ] ] ] } },
{ "type": "Feature", "properties": { "Kelas": "Cukup Rendah", "SKOR_LONGSOR": 2 }, "geometry": { "type": "MultiPolygon", "coordinates": [ [ [ [ 110.391595189214996, -7.954991907395059 ], [ 110.392493504499129, -7.954991907395059 ], [ 110.392493504499129, -7.955887458372901 ], [ 110.393391819783233, -7.955887458372901 ], [ 110.393391819783233, -7.95767855438251 ], [ 110.392493504499129, -7.95767855438251 ], [ 110.392493504499129, -7.956783007368792 ], [ 110.391595189214996, -7.956783007368792 ], [ 110.391595189214996, -7.954991907395059 ] ] ] ] } },
{ "type": "Feature", "properties": { "Kelas": "Sangat Rendah", "SKOR_LONGSOR": 1 }, "geometry": { "type": "MultiPolygon", "coordinates": [ [ [ [ 110.416748017170349, -7.954991907395059 ], [ 110.417646332454467, -7.954991907395059 ], [ 110.417646332454467, -7.955887458372901 ], [ 110.416748017170349, -7.955887458372901 ], [ 110.416748017170349, -7.954991907395059 ] ] ] ] } },
{ "type": "Feature", "properties": { "Kelas": "Sedang", "SKOR_LONGSOR": 3 }, "geometry": { "type": "MultiPolygon", "coordinates": [ [ [ [ 110.418544647738585, -7.954991907395059 ], [ 110.419442963022703, -7.954991907395059 ], [ 110.419442963022703, -7.956783007368792 ], [ 110.418544647738585, -7.956783007368792 ], [ 110.418544647738585, -7.954991907395059 ] ] ] ] } },
{ "type": "Feature", "properties": { "Kelas": "Cukup Rendah", "SKOR_LONGSOR": 2 }, "geometry": { "type": "MultiPolygon", "coordinates": [ [ [ [ 110.424832854727427, -7.954991907395059 ], [ 110.425731170011545, -7.954991907395059 ], [ 110.425731170011545, -7.955887458372901 ], [ 110.426629485295663, -7.955887458372901 ], [ 110.426629485295663, -7.95767855438251 ], [ 110.425731170011545, -7.95767855438251 ], [ 110.425731170011545, -7.956783007368792 ], [ 110.424832854727427, -7.956783007368792 ], [ 110.424832854727427, -7.954991907395059 ] ] ] ] } },
{ "type": "Feature", "properties": { "Kelas": "Sedang", "SKOR_LONGSOR": 3 }, "geometry": { "type": "MultiPolygon", "coordinates": [ [ [ [ 110.430222746432136, -7.954991907395059 ], [ 110.432019377000373, -7.954991907395059 ], [ 110.432019377000373, -7.955887458372901 ], [ 110.430222746432136, -7.955887458372901 ], [ 110.430222746432136, -7.954991907395059 ] ] ] ] } },
{ "type": "Feature", "properties": { "Kelas": "Cukup Rendah", "SKOR_LONGSOR": 2 }, "geometry": { "type": "MultiPolygon", "coordinates": [ [ [ [ 110.432019377000373, -7.954991907395059 ], [ 110.432917692284505, -7.954991907395059 ], [ 110.432917692284505, -7.955887458372901 ], [ 110.432019377000373, -7.955887458372901 ], [ 110.432019377000373, -7.954991907395059 ] ] ] ] } },
{ "type": "Feature", "properties": { "Kelas": "Cukup Rendah", "SKOR_LONGSOR": 2 }, "geometry": { "type": "MultiPolygon", "coordinates": [ [ [ [ 110.440104214557451, -7.952305242571969 ], [ 110.441002529841569, -7.952305242571969 ], [ 110.441002529841569, -7.955887458372901 ], [ 110.438307583989214, -7.955887458372901 ], [ 110.438307583989214, -7.954991907395059 ], [ 110.439205899273333, -7.954991907395059 ], [ 110.439205899273333, -7.953200799494374 ], [ 110.440104214557451, -7.953200799494374 ], [ 110.440104214557451, -7.952305242571969 ] ] ] ] } },
{ "type": "Feature", "properties": { "Kelas": "Cukup Rendah", "SKOR_LONGSOR": 2 }, "geometry": { "type": "MultiPolygon", "coordinates": [ [ [ [ 110.45986715080808, -7.951409683668476 ], [ 110.460765466092212, -7.951409683668476 ], [ 110.460765466092212, -7.954096354435476 ], [ 110.45986715080808, -7.954096354435476 ], [ 110.45986715080808, -7.954991907395059 ], [ 110.458070520239843, -7.954991907395059 ], [ 110.458070520239843, -7.955887458372901 ], [ 110.456273889671607, -7.955887458372901 ], [ 110.456273889671607, -7.956783007368792 ], [ 110.455375574387489, -7.956783007368792 ], [ 110.455375574387489, -7.954991907395059 ], [ 110.456273889671607, -7.954991907395059 ], [ 110.456273889671607, -7.954096354435476 ], [ 110.457172204955739, -7.954096354435476 ], [ 110.457172204955739, -7.953200799494374 ], [ 110.458968835523976, -7.953200799494374 ], [ 110.458968835523976, -7.952305242571969 ], [ 110.45986715080808, -7.952305242571969 ], [ 110.45986715080808, -7.951409683668476 ] ] ] ] } },
{ "type": "Feature", "properties": { "Kelas": "Cukup Tinggi", "SKOR_LONGSOR": 4 }, "geometry": { "type": "MultiPolygon", "coordinates": [ [ [ [ 110.458070520239843, -7.954991907395059 ], [ 110.458968835523976, -7.954991907395059 ], [ 110.458968835523976, -7.955887458372901 ], [ 110.458070520239843, -7.955887458372901 ], [ 110.458070520239843, -7.954991907395059 ] ] ] ] } },
{ "type": "Feature", "properties": { "Kelas": "Tinggi", "SKOR_LONGSOR": 0 }, "geometry": { "type": "MultiPolygon", "coordinates": [ [ [ [ 110.458968835523976, -7.954991907395059 ], [ 110.460765466092212, -7.954991907395059 ], [ 110.460765466092212, -7.955887458372901 ], [ 110.458968835523976, -7.955887458372901 ], [ 110.458968835523976, -7.954991907395059 ] ] ] ] } },
{ "type": "Feature", "properties": { "Kelas": "Sedang", "SKOR_LONGSOR": 3 }, "geometry": { "type": "MultiPolygon", "coordinates": [ [ [ [ 110.381713721089696, -7.955887458372901 ], [ 110.3826120363738, -7.955887458372901 ], [ 110.3826120363738, -7.95767855438251 ], [ 110.381713721089696, -7.95767855438251 ], [ 110.381713721089696, -7.955887458372901 ] ] ] ] } },
{ "type": "Feature", "properties": { "Kelas": "Cukup Rendah", "SKOR_LONGSOR": 2 }, "geometry": { "type": "MultiPolygon", "coordinates": [ [ [ [ 110.3826120363738, -7.955887458372901 ], [ 110.383510351657932, -7.955887458372901 ], [ 110.383510351657932, -7.956783007368792 ], [ 110.3826120363738, -7.956783007368792 ], [ 110.3826120363738, -7.955887458372901 ] ] ] ] } },
{ "type": "Feature", "properties": { "Kelas": "Cukup Rendah", "SKOR_LONGSOR": 2 }, "geometry": { "type": "MultiPolygon", "coordinates": [ [ [ [ 110.407764864329152, -7.955887458372901 ], [ 110.409561494897403, -7.955887458372901 ], [ 110.409561494897403, -7.95767855438251 ], [ 110.407764864329152, -7.95767855438251 ], [ 110.407764864329152, -7.955887458372901 ] ] ] ] } },
{ "type": "Feature", "properties": { "Kelas": "Sedang", "SKOR_LONGSOR": 3 }, "geometry": { "type": "MultiPolygon", "coordinates": [ [ [ [ 110.409561494897403, -7.955887458372901 ], [ 110.410459810181507, -7.955887458372901 ], [ 110.410459810181507, -7.956783007368792 ], [ 110.409561494897403, -7.956783007368792 ], [ 110.409561494897403, -7.955887458372901 ] ] ] ] } },
{ "type": "Feature", "properties": { "Kelas": "Cukup Rendah", "SKOR_LONGSOR": 2 }, "geometry": { "type": "MultiPolygon", "coordinates": [ [ [ [ 110.414951386602112, -7.955887458372901 ], [ 110.415849701886231, -7.955887458372901 ], [ 110.415849701886231, -7.959469642462557 ], [ 110.414951386602112, -7.959469642462557 ], [ 110.414951386602112, -7.955887458372901 ] ] ] ] } },
{ "type": "Feature", "properties": { "Kelas": "Sangat Rendah", "SKOR_LONGSOR": 1 }, "geometry": { "type": "MultiPolygon", "coordinates": [ [ [ [ 110.432917692284505, -7.955887458372901 ], [ 110.433816007568609, -7.955887458372901 ], [ 110.433816007568609, -7.956783007368792 ], [ 110.432917692284505, -7.956783007368792 ], [ 110.432917692284505, -7.955887458372901 ] ] ] ] } },
{ "type": "Feature", "properties": { "Kelas": "Cukup Rendah", "SKOR_LONGSOR": 2 }, "geometry": { "type": "MultiPolygon", "coordinates": [ [ [ [ 110.433816007568609, -7.955887458372901 ], [ 110.438307583989214, -7.955887458372901 ], [ 110.438307583989214, -7.956783007368792 ], [ 110.437409268705096, -7.956783007368792 ], [ 110.437409268705096, -7.958574099413836 ], [ 110.438307583989214, -7.958574099413836 ], [ 110.438307583989214, -7.960365183528459 ], [ 110.436510953420978, -7.960365183528459 ], [ 110.436510953420978, -7.959469642462557 ], [ 110.434714322852741, -7.959469642462557 ], [ 110.434714322852741, -7.958574099413836 ], [ 110.433816007568609, -7.958574099413836 ], [ 110.433816007568609, -7.955887458372901 ] ] ] ] } },
{ "type": "Feature", "properties": { "Kelas": "Cukup Tinggi", "SKOR_LONGSOR": 4 }, "geometry": { "type": "MultiPolygon", "coordinates": [ [ [ [ 110.440104214557451, -7.955887458372901 ], [ 110.441002529841569, -7.955887458372901 ], [ 110.441002529841569, -7.958574099413836 ], [ 110.440104214557451, -7.958574099413836 ], [ 110.440104214557451, -7.955887458372901 ] ] ] ] } },
{ "type": "Feature", "properties": { "Kelas": "Cukup Tinggi", "SKOR_LONGSOR": 4 }, "geometry": { "type": "MultiPolygon", "coordinates": [ [ [ [ 110.454477259103371, -7.955887458372901 ], [ 110.455375574387489, -7.955887458372901 ], [ 110.455375574387489, -7.956783007368792 ], [ 110.454477259103371, -7.956783007368792 ], [ 110.454477259103371, -7.955887458372901 ] ] ] ] } },
{ "type": "Feature", "properties": { "Kelas": "Sedang", "SKOR_LONGSOR": 3 }, "geometry": { "type": "MultiPolygon", "coordinates": [ [ [ [ 110.456273889671607, -7.955887458372901 ], [ 110.457172204955739, -7.955887458372901 ], [ 110.457172204955739, -7.956783007368792 ], [ 110.456273889671607, -7.956783007368792 ], [ 110.456273889671607, -7.955887458372901 ] ] ] ] } },
{ "type": "Feature", "properties": { "Kelas": "Tinggi", "SKOR_LONGSOR": 0 }, "geometry": { "type": "MultiPolygon", "coordinates": [ [ [ [ 110.457172204955739, -7.955887458372901 ], [ 110.458968835523976, -7.955887458372901 ], [ 110.458968835523976, -7.956783007368792 ], [ 110.457172204955739, -7.956783007368792 ], [ 110.457172204955739, -7.955887458372901 ] ] ] ] } },
{ "type": "Feature", "properties": { "Kelas": "Cukup Rendah", "SKOR_LONGSOR": 2 }, "geometry": { "type": "MultiPolygon", "coordinates": [ [ [ [ 110.473444743964421, -7.956783007368792 ], [ 110.473341880069881, -7.956783007368792 ], [ 110.473341880069881, -7.95658577373218 ], [ 110.473444743964421, -7.956783007368792 ] ] ] ] } },
{ "type": "Feature", "properties": { "Kelas": "Sangat Rendah", "SKOR_LONGSOR": 1 }, "geometry": { "type": "MultiPolygon", "coordinates": [ [ [ [ 110.380815405805564, -7.956783007368792 ], [ 110.381713721089696, -7.956783007368792 ], [ 110.381713721089696, -7.95767855438251 ], [ 110.380815405805564, -7.95767855438251 ], [ 110.380815405805564, -7.956783007368792 ] ] ] ] } },
{ "type": "Feature", "properties": { "Kelas": "Sedang", "SKOR_LONGSOR": 3 }, "geometry": { "type": "MultiPolygon", "coordinates": [ [ [ [ 110.383510351657932, -7.956783007368792 ], [ 110.384408666942036, -7.956783007368792 ], [ 110.384408666942036, -7.95767855438251 ], [ 110.383510351657932, -7.95767855438251 ], [ 110.383510351657932, -7.956783007368792 ] ] ] ] } },
{ "type": "Feature", "properties": { "Kelas": "Cukup Tinggi", "SKOR_LONGSOR": 4 }, "geometry": { "type": "MultiPolygon", "coordinates": [ [ [ [ 110.384408666942036, -7.956783007368792 ], [ 110.385306982226169, -7.956783007368792 ], [ 110.385306982226169, -7.95767855438251 ], [ 110.384408666942036, -7.95767855438251 ], [ 110.384408666942036, -7.956783007368792 ] ] ] ] } },
{ "type": "Feature", "properties": { "Kelas": "Cukup Rendah", "SKOR_LONGSOR": 2 }, "geometry": { "type": "MultiPolygon", "coordinates": [ [ [ [ 110.385306982226169, -7.956783007368792 ], [ 110.386205297510273, -7.956783007368792 ], [ 110.386205297510273, -7.95767855438251 ], [ 110.385306982226169, -7.95767855438251 ], [ 110.385306982226169, -7.956783007368792 ] ] ] ] } },
{ "type": "Feature", "properties": { "Kelas": "Tinggi", "SKOR_LONGSOR": 0 }, "geometry": { "type": "MultiPolygon", "coordinates": [ [ [ [ 110.402374972624443, -7.956783007368792 ], [ 110.40417160319268, -7.956783007368792 ], [ 110.40417160319268, -7.95767855438251 ], [ 110.405069918476798, -7.95767855438251 ], [ 110.405069918476798, -7.959469642462557 ], [ 110.40417160319268, -7.959469642462557 ], [ 110.40417160319268, -7.958574099413836 ], [ 110.403273287908561, -7.958574099413836 ], [ 110.403273287908561, -7.95767855438251 ], [ 110.402374972624443, -7.95767855438251 ], [ 110.402374972624443, -7.956783007368792 ] ] ] ] } },
{ "type": "Feature", "properties": { "Kelas": "Cukup Rendah", "SKOR_LONGSOR": 2 }, "geometry": { "type": "MultiPolygon", "coordinates": [ [ [ [ 110.412256440749744, -7.956783007368792 ], [ 110.413154756033876, -7.956783007368792 ], [ 110.413154756033876, -7.95767855438251 ], [ 110.412256440749744, -7.95767855438251 ], [ 110.412256440749744, -7.956783007368792 ] ] ] ] } },
{ "type": "Feature", "properties": { "Kelas": "Sedang", "SKOR_LONGSOR": 3 }, "geometry": { "type": "MultiPolygon", "coordinates": [ [ [ [ 110.417646332454467, -7.956783007368792 ], [ 110.418544647738585, -7.956783007368792 ], [ 110.418544647738585, -7.95767855438251 ], [ 110.417646332454467, -7.95767855438251 ], [ 110.417646332454467, -7.956783007368792 ] ] ] ] } },
{ "type": "Feature", "properties": { "Kelas": "Cukup Tinggi", "SKOR_LONGSOR": 4 }, "geometry": { "type": "MultiPolygon", "coordinates": [ [ [ [ 110.423934539443309, -7.954991907395059 ], [ 110.424832854727427, -7.954991907395059 ], [ 110.424832854727427, -7.956783007368792 ], [ 110.425731170011545, -7.956783007368792 ], [ 110.425731170011545, -7.95767855438251 ], [ 110.426629485295663, -7.95767855438251 ], [ 110.426629485295663, -7.958574099413836 ], [ 110.424832854727427, -7.958574099413836 ], [ 110.424832854727427, -7.959469642462557 ], [ 110.423934539443309, -7.959469642462557 ], [ 110.423934539443309, -7.958574099413836 ], [ 110.423036224159176, -7.958574099413836 ], [ 110.423036224159176, -7.956783007368792 ], [ 110.423934539443309, -7.956783007368792 ], [ 110.423934539443309, -7.954991907395059 ] ] ] ] } },
{ "type": "Feature", "properties": { "Kelas": "Sedang", "SKOR_LONGSOR": 3 }, "geometry": { "type": "MultiPolygon", "coordinates": [ [ [ [ 110.426629485295663, -7.956783007368792 ], [ 110.427527800579782, -7.956783007368792 ], [ 110.427527800579782, -7.958574099413836 ], [ 110.426629485295663, -7.958574099413836 ], [ 110.426629485295663, -7.956783007368792 ] ] ] ] } },
{ "type": "Feature", "properties": { "Kelas": "Cukup Tinggi", "SKOR_LONGSOR": 4 }, "geometry": { "type": "MultiPolygon", "coordinates": [ [ [ [ 110.432917692284505, -7.956783007368792 ], [ 110.433816007568609, -7.956783007368792 ], [ 110.433816007568609, -7.95767855438251 ], [ 110.432917692284505, -7.95767855438251 ], [ 110.432917692284505, -7.956783007368792 ] ] ] ] } },
{ "type": "Feature", "properties": { "Kelas": "Cukup Rendah", "SKOR_LONGSOR": 2 }, "geometry": { "type": "MultiPolygon", "coordinates": [ [ [ [ 110.438307583989214, -7.956783007368792 ], [ 110.439205899273333, -7.956783007368792 ], [ 110.439205899273333, -7.95767855438251 ], [ 110.438307583989214, -7.95767855438251 ], [ 110.438307583989214, -7.956783007368792 ] ] ] ] } },
{ "type": "Feature", "properties": { "Kelas": "Sedang", "SKOR_LONGSOR": 3 }, "geometry": { "type": "MultiPolygon", "coordinates": [ [ [ [ 110.452680628535134, -7.956783007368792 ], [ 110.453578943819252, -7.956783007368792 ], [ 110.453578943819252, -7.958574099413836 ], [ 110.452680628535134, -7.958574099413836 ], [ 110.452680628535134, -7.956783007368792 ] ] ] ] } },
{ "type": "Feature", "properties": { "Kelas": "Cukup Tinggi", "SKOR_LONGSOR": 4 }, "geometry": { "type": "MultiPolygon", "coordinates": [ [ [ [ 110.455375574387489, -7.956783007368792 ], [ 110.456273889671607, -7.956783007368792 ], [ 110.456273889671607, -7.95767855438251 ], [ 110.455375574387489, -7.95767855438251 ], [ 110.455375574387489, -7.956783007368792 ] ] ] ] } },
{ "type": "Feature", "properties": { "Kelas": "Tinggi", "SKOR_LONGSOR": 0 }, "geometry": { "type": "MultiPolygon", "coordinates": [ [ [ [ 110.457166153952201, -7.95767855438251 ], [ 110.456273889671607, -7.95767855438251 ], [ 110.456273889671607, -7.956783007368792 ], [ 110.457172204955739, -7.956783007368792 ], [ 110.457172204955739, -7.957671724056825 ], [ 110.457166153952201, -7.95767855438251 ] ] ] ] } },
{ "type": "Feature", "properties": { "Kelas": "Tinggi", "SKOR_LONGSOR": 0 }, "geometry": { "type": "MultiPolygon", "coordinates": [ [ [ [ 110.46705367308104, -7.960608041113005 ], [ 110.46705367308104, -7.960365183528459 ], [ 110.466531990312632, -7.960365183528459 ], [ 110.4657589, -7.9600355 ], [ 110.4656431, -7.9599655 ], [ 110.4653072, -7.9598121 ], [ 110.4651141, -7.9596803 ], [ 110.4650153, -7.9595391 ], [ 110.4648881, -7.9594215 ], [ 110.4647378, -7.9590077 ], [ 110.4645686, -7.958608 ], [ 110.4644324, -7.9581895 ], [ 110.4644376, -7.9577994 ], [ 110.4645006, -7.957482 ], [ 110.4646363, -7.9572921 ], [ 110.4650562, -7.9570811 ], [ 110.4655138, -7.9568514 ], [ 110.4662024, -7.9566079 ], [ 110.4668392, -7.956322 ], [ 110.4671508, -7.9559841 ], [ 110.467185704576565, -7.955887458372901 ], [ 110.467951988365172, -7.955887458372901 ], [ 110.467951988365172, -7.954991907395059 ], [ 110.468850303649276, -7.954991907395059 ], [ 110.468850303649276, -7.956783007368792 ], [ 110.467951988365172, -7.956783007368792 ], [ 110.467951988365172, -7.958574099413836 ], [ 110.466155357796922, -7.958574099413836 ], [ 110.466155357796922, -7.959469642462557 ], [ 110.467951988365172, -7.959469642462557 ], [ 110.467951988365172, -7.96096745148371 ], [ 110.4674416, -7.9607971 ], [ 110.4672306, -7.960691 ], [ 110.46705367308104, -7.960608041113005 ] ] ], [ [ [ 110.463460411944567, -7.955441706416913 ], [ 110.463460411944567, -7.954991907395059 ], [ 110.464358727228685, -7.954991907395059 ], [ 110.464358727228685, -7.955403116682533 ], [ 110.4642569, -7.9554351 ], [ 110.4638891, -7.9554582 ], [ 110.463460411944567, -7.955441706416913 ] ] ] ] } },
{ "type": "Feature", "properties": { "Kelas": "Sedang", "SKOR_LONGSOR": 3 }, "geometry": { "type": "MultiPolygon", "coordinates": [ [ [ [ 110.363747415407303, -7.95767855438251 ], [ 110.364645730691407, -7.95767855438251 ], [ 110.364645730691407, -7.958574099413836 ], [ 110.363747415407303, -7.958574099413836 ], [ 110.363747415407303, -7.95767855438251 ] ] ] ] } },
{ "type": "Feature", "properties": { "Kelas": "Cukup Tinggi", "SKOR_LONGSOR": 4 }, "geometry": { "type": "MultiPolygon", "coordinates": [ [ [ [ 110.364645730691407, -7.95767855438251 ], [ 110.36554404597554, -7.95767855438251 ], [ 110.36554404597554, -7.958574099413836 ], [ 110.364645730691407, -7.958574099413836 ], [ 110.364645730691407, -7.95767855438251 ] ] ] ] } },
{ "type": "Feature", "properties": { "Kelas": "Cukup Tinggi", "SKOR_LONGSOR": 4 }, "geometry": { "type": "MultiPolygon", "coordinates": [ [ [ [ 110.366442361259658, -7.95767855438251 ], [ 110.367340676543776, -7.95767855438251 ], [ 110.367340676543776, -7.958574099413836 ], [ 110.366442361259658, -7.958574099413836 ], [ 110.366442361259658, -7.95767855438251 ] ] ] ] } },
{ "type": "Feature", "properties": { "Kelas": "Cukup Rendah", "SKOR_LONGSOR": 2 }, "geometry": { "type": "MultiPolygon", "coordinates": [ [ [ [ 110.371832252964367, -7.95767855438251 ], [ 110.373628883532604, -7.95767855438251 ], [ 110.373628883532604, -7.958574099413836 ], [ 110.371832252964367, -7.958574099413836 ], [ 110.371832252964367, -7.95767855438251 ] ] ] ] } },
{ "type": "Feature", "properties": { "Kelas": "Sangat Rendah", "SKOR_LONGSOR": 1 }, "geometry": { "type": "MultiPolygon", "coordinates": [ [ [ [ 110.373628883532604, -7.95767855438251 ], [ 110.374527198816736, -7.95767855438251 ], [ 110.374527198816736, -7.958574099413836 ], [ 110.373628883532604, -7.958574099413836 ], [ 110.373628883532604, -7.95767855438251 ] ] ] ] } },
{ "type": "Feature", "properties": { "Kelas": "Sangat Rendah", "SKOR_LONGSOR": 1 }, "geometry": { "type": "MultiPolygon", "coordinates": [ [ [ [ 110.3826120363738, -7.956783007368792 ], [ 110.383510351657932, -7.956783007368792 ], [ 110.383510351657932, -7.95767855438251 ], [ 110.385306982226169, -7.95767855438251 ], [ 110.385306982226169, -7.958574099413836 ], [ 110.383510351657932, -7.958574099413836 ], [ 110.383510351657932, -7.959469642462557 ], [ 110.3826120363738, -7.959469642462557 ], [ 110.3826120363738, -7.958574099413836 ], [ 110.381713721089696, -7.958574099413836 ], [ 110.381713721089696, -7.95767855438251 ], [ 110.3826120363738, -7.95767855438251 ], [ 110.3826120363738, -7.956783007368792 ] ] ] ] } },
{ "type": "Feature", "properties": { "Kelas": "Sedang", "SKOR_LONGSOR": 3 }, "geometry": { "type": "MultiPolygon", "coordinates": [ [ [ [ 110.387103612794405, -7.95767855438251 ], [ 110.388001928078523, -7.95767855438251 ], [ 110.388001928078523, -7.958574099413836 ], [ 110.387103612794405, -7.958574099413836 ], [ 110.387103612794405, -7.95767855438251 ] ] ] ] } },
{ "type": "Feature", "properties": { "Kelas": "Sedang", "SKOR_LONGSOR": 3 }, "geometry": { "type": "MultiPolygon", "coordinates": [ [ [ [ 110.413154756033876, -7.95767855438251 ], [ 110.414053071317994, -7.95767855438251 ], [ 110.414053071317994, -7.958574099413836 ], [ 110.413154756033876, -7.958574099413836 ], [ 110.413154756033876, -7.95767855438251 ] ] ] ] } },
{ "type": "Feature", "properties": { "Kelas": "Cukup Tinggi", "SKOR_LONGSOR": 4 }, "geometry": { "type": "MultiPolygon", "coordinates": [ [ [ [ 110.454477259103371, -7.95767855438251 ], [ 110.455375574387489, -7.95767855438251 ], [ 110.455375574387489, -7.961260722611314 ], [ 110.454477259103371, -7.961260722611314 ], [ 110.454477259103371, -7.95767855438251 ] ] ] ] } },
{ "type": "Feature", "properties": { "Kelas": "Sangat Rendah", "SKOR_LONGSOR": 1 }, "geometry": { "type": "MultiPolygon", "coordinates": [ [ [ [ 110.35835752370258, -7.958574099413836 ], [ 110.36015415427083, -7.958574099413836 ], [ 110.36015415427083, -7.959469642462557 ], [ 110.35835752370258, -7.959469642462557 ], [ 110.35835752370258, -7.958574099413836 ] ] ] ] } },
{ "type": "Feature", "properties": { "Kelas": "Sedang", "SKOR_LONGSOR": 3 }, "geometry": { "type": "MultiPolygon", "coordinates": [ [ [ [ 110.362849100123171, -7.958574099413836 ], [ 110.363747415407303, -7.958574099413836 ], [ 110.363747415407303, -7.959469642462557 ], [ 110.362849100123171, -7.959469642462557 ], [ 110.362849100123171, -7.958574099413836 ] ] ] ] } },
{ "type": "Feature", "properties": { "Kelas": "Sedang", "SKOR_LONGSOR": 3 }, "geometry": { "type": "MultiPolygon", "coordinates": [ [ [ [ 110.366442361259658, -7.958574099413836 ], [ 110.367340676543776, -7.958574099413836 ], [ 110.367340676543776, -7.959469642462557 ], [ 110.366442361259658, -7.959469642462557 ], [ 110.366442361259658, -7.958574099413836 ] ] ] ] } },
{ "type": "Feature", "properties": { "Kelas": "Sedang", "SKOR_LONGSOR": 3 }, "geometry": { "type": "MultiPolygon", "coordinates": [ [ [ [ 110.370035622396131, -7.958574099413836 ], [ 110.370933937680263, -7.958574099413836 ], [ 110.370933937680263, -7.960365183528459 ], [ 110.370035622396131, -7.960365183528459 ], [ 110.370035622396131, -7.958574099413836 ] ] ] ] } },
{ "type": "Feature", "properties": { "Kelas": "Cukup Tinggi", "SKOR_LONGSOR": 4 }, "geometry": { "type": "MultiPolygon", "coordinates": [ [ [ [ 110.370933937680263, -7.958574099413836 ], [ 110.373628883532604, -7.958574099413836 ], [ 110.373628883532604, -7.959469642462557 ], [ 110.374527198816736, -7.959469642462557 ], [ 110.374527198816736, -7.960365183528459 ], [ 110.3727305682485, -7.960365183528459 ], [ 110.3727305682485, -7.959469642462557 ], [ 110.370933937680263, -7.959469642462557 ], [ 110.370933937680263, -7.958574099413836 ] ] ] ] } },
{ "type": "Feature", "properties": { "Kelas": "Sedang", "SKOR_LONGSOR": 3 }, "geometry": { "type": "MultiPolygon", "coordinates": [ [ [ [ 110.373628883532604, -7.958574099413836 ], [ 110.374527198816736, -7.958574099413836 ], [ 110.374527198816736, -7.959469642462557 ], [ 110.373628883532604, -7.959469642462557 ], [ 110.373628883532604, -7.958574099413836 ] ] ] ] } },
{ "type": "Feature", "properties": { "Kelas": "Cukup Rendah", "SKOR_LONGSOR": 2 }, "geometry": { "type": "MultiPolygon", "coordinates": [ [ [ [ 110.381713721089696, -7.958574099413836 ], [ 110.3826120363738, -7.958574099413836 ], [ 110.3826120363738, -7.959469642462557 ], [ 110.381713721089696, -7.959469642462557 ], [ 110.381713721089696, -7.958574099413836 ] ] ] ] } },
{ "type": "Feature", "properties": { "Kelas": "Cukup Rendah", "SKOR_LONGSOR": 2 }, "geometry": { "type": "MultiPolygon", "coordinates": [ [ [ [ 110.383510351657932, -7.958574099413836 ], [ 110.385306982226169, -7.958574099413836 ], [ 110.385306982226169, -7.959469642462557 ], [ 110.383510351657932, -7.959469642462557 ], [ 110.383510351657932, -7.958574099413836 ] ] ] ] } },
{ "type": "Feature", "properties": { "Kelas": "Tinggi", "SKOR_LONGSOR": 0 }, "geometry": { "type": "MultiPolygon", "coordinates": [ [ [ [ 110.396086765635602, -7.958574099413836 ], [ 110.39698508091972, -7.958574099413836 ], [ 110.39698508091972, -7.959469642462557 ], [ 110.397883396203838, -7.959469642462557 ], [ 110.397883396203838, -7.960365183528459 ], [ 110.39698508091972, -7.960365183528459 ], [ 110.39698508091972, -7.961260722611314 ], [ 110.396086765635602, -7.961260722611314 ], [ 110.396086765635602, -7.958574099413836 ] ] ] ] } },
{ "type": "Feature", "properties": { "Kelas": "Cukup Rendah", "SKOR_LONGSOR": 2 }, "geometry": { "type": "MultiPolygon", "coordinates": [ [ [ [ 110.41135812546564, -7.958574099413836 ], [ 110.413154756033876, -7.958574099413836 ], [ 110.413154756033876, -7.959469642462557 ], [ 110.41135812546564, -7.959469642462557 ], [ 110.41135812546564, -7.958574099413836 ] ] ] ] } },
{ "type": "Feature", "properties": { "Kelas": "Sangat Rendah", "SKOR_LONGSOR": 1 }, "geometry": { "type": "MultiPolygon", "coordinates": [ [ [ [ 110.418544647738585, -7.958574099413836 ], [ 110.419442963022703, -7.958574099413836 ], [ 110.419442963022703, -7.959469642462557 ], [ 110.418544647738585, -7.959469642462557 ], [ 110.418544647738585, -7.958574099413836 ] ] ] ] } },
{ "type": "Feature", "properties": { "Kelas": "Tinggi", "SKOR_LONGSOR": 0 }, "geometry": { "type": "MultiPolygon", "coordinates": [ [ [ [ 110.424832854727427, -7.958574099413836 ], [ 110.427527800579782, -7.958574099413836 ], [ 110.427527800579782, -7.960365183528459 ], [ 110.426629485295663, -7.960365183528459 ], [ 110.426629485295663, -7.959469642462557 ], [ 110.424832854727427, -7.959469642462557 ], [ 110.424832854727427, -7.958574099413836 ] ] ] ] } },
{ "type": "Feature", "properties": { "Kelas": "Sedang", "SKOR_LONGSOR": 3 }, "geometry": { "type": "MultiPolygon", "coordinates": [ [ [ [ 110.427527800579782, -7.958574099413836 ], [ 110.4284261158639, -7.958574099413836 ], [ 110.4284261158639, -7.959469642462557 ], [ 110.427527800579782, -7.959469642462557 ], [ 110.427527800579782, -7.958574099413836 ] ] ] ] } },
{ "type": "Feature", "properties": { "Kelas": "Cukup Tinggi", "SKOR_LONGSOR": 4 }, "geometry": { "type": "MultiPolygon", "coordinates": [ [ [ [ 110.429324431148018, -7.958574099413836 ], [ 110.430222746432136, -7.958574099413836 ], [ 110.430222746432136, -7.959469642462557 ], [ 110.429324431148018, -7.959469642462557 ], [ 110.429324431148018, -7.958574099413836 ] ] ] ] } },
{ "type": "Feature", "properties": { "Kelas": "Cukup Rendah", "SKOR_LONGSOR": 2 }, "geometry": { "type": "MultiPolygon", "coordinates": [ [ [ [ 110.439205899273333, -7.958574099413836 ], [ 110.440104214557451, -7.958574099413836 ], [ 110.440104214557451, -7.961260722611314 ], [ 110.439205899273333, -7.961260722611314 ], [ 110.439205899273333, -7.958574099413836 ] ] ] ] } },
{ "type": "Feature", "properties": { "Kelas": "Cukup Rendah", "SKOR_LONGSOR": 2 }, "geometry": { "type": "MultiPolygon", "coordinates": [ [ [ [ 110.466155357796922, -7.958574099413836 ], [ 110.467951988365172, -7.958574099413836 ], [ 110.467951988365172, -7.959469642462557 ], [ 110.466155357796922, -7.959469642462557 ], [ 110.466155357796922, -7.958574099413836 ] ] ] ] } },
{ "type": "Feature", "properties": { "Kelas": "Cukup Rendah", "SKOR_LONGSOR": 2 }, "geometry": { "type": "MultiPolygon", "coordinates": [ [ [ [ 110.35835752370258, -7.959469642462557 ], [ 110.359255838986698, -7.959469642462557 ], [ 110.359255838986698, -7.960365183528459 ], [ 110.35835752370258, -7.960365183528459 ], [ 110.35835752370258, -7.959469642462557 ] ] ] ] } },
{ "type": "Feature", "properties": { "Kelas": "Sedang", "SKOR_LONGSOR": 3 }, "geometry": { "type": "MultiPolygon", "coordinates": [ [ [ [ 110.364645730691407, -7.959469642462557 ], [ 110.36554404597554, -7.959469642462557 ], [ 110.36554404597554, -7.960365183528459 ], [ 110.364645730691407, -7.960365183528459 ], [ 110.364645730691407, -7.959469642462557 ] ] ] ] } },
{ "type": "Feature", "properties": { "Kelas": "Cukup Rendah", "SKOR_LONGSOR": 2 }, "geometry": { "type": "MultiPolygon", "coordinates": [ [ [ [ 110.366442361259658, -7.959469642462557 ], [ 110.367340676543776, -7.959469642462557 ], [ 110.367340676543776, -7.961260722611314 ], [ 110.366442361259658, -7.961260722611314 ], [ 110.366442361259658, -7.959469642462557 ] ] ] ] } },
{ "type": "Feature", "properties": { "Kelas": "Sangat Rendah", "SKOR_LONGSOR": 1 }, "geometry": { "type": "MultiPolygon", "coordinates": [ [ [ [ 110.368238991827894, -7.959469642462557 ], [ 110.369137307112013, -7.959469642462557 ], [ 110.369137307112013, -7.960365183528459 ], [ 110.368238991827894, -7.960365183528459 ], [ 110.368238991827894, -7.959469642462557 ] ] ] ] } },
{ "type": "Feature", "properties": { "Kelas": "Cukup Tinggi", "SKOR_LONGSOR": 4 }, "geometry": { "type": "MultiPolygon", "coordinates": [ [ [ [ 110.369137307112013, -7.959469642462557 ], [ 110.370035622396131, -7.959469642462557 ], [ 110.370035622396131, -7.960365183528459 ], [ 110.369137307112013, -7.960365183528459 ], [ 110.369137307112013, -7.959469642462557 ] ] ] ] } },
{ "type": "Feature", "properties": { "Kelas": "Sedang", "SKOR_LONGSOR": 3 }, "geometry": { "type": "MultiPolygon", "coordinates": [ [ [ [ 110.371832252964367, -7.959469642462557 ], [ 110.3727305682485, -7.959469642462557 ], [ 110.3727305682485, -7.960365183528459 ], [ 110.371832252964367, -7.960365183528459 ], [ 110.371832252964367, -7.959469642462557 ] ] ] ] } },
{ "type": "Feature", "properties": { "Kelas": "Cukup Rendah", "SKOR_LONGSOR": 2 }, "geometry": { "type": "MultiPolygon", "coordinates": [ [ [ [ 110.374527198816736, -7.959469642462557 ], [ 110.37542551410084, -7.959469642462557 ], [ 110.37542551410084, -7.960365183528459 ], [ 110.374527198816736, -7.960365183528459 ], [ 110.374527198816736, -7.959469642462557 ] ] ] ] } },
{ "type": "Feature", "properties": { "Kelas": "Sangat Rendah", "SKOR_LONGSOR": 1 }, "geometry": { "type": "MultiPolygon", "coordinates": [ [ [ [ 110.377222144669091, -7.959469642462557 ], [ 110.378120459953209, -7.959469642462557 ], [ 110.378120459953209, -7.960365183528459 ], [ 110.377222144669091, -7.960365183528459 ], [ 110.377222144669091, -7.959469642462557 ] ] ] ] } },
{ "type": "Feature", "properties": { "Kelas": "Cukup Rendah", "SKOR_LONGSOR": 2 }, "geometry": { "type": "MultiPolygon", "coordinates": [ [ [ [ 110.38979855864676, -7.959469642462557 ], [ 110.391595189214996, -7.959469642462557 ], [ 110.391595189214996, -7.960365183528459 ], [ 110.38979855864676, -7.960365183528459 ], [ 110.38979855864676, -7.959469642462557 ] ] ] ] } },
{ "type": "Feature", "properties": { "Kelas": "Sangat Rendah", "SKOR_LONGSOR": 1 }, "geometry": { "type": "MultiPolygon", "coordinates": [ [ [ [ 110.413154756033876, -7.959469642462557 ], [ 110.414053071317994, -7.959469642462557 ], [ 110.414053071317994, -7.960365183528459 ], [ 110.413154756033876, -7.960365183528459 ], [ 110.413154756033876, -7.959469642462557 ] ] ] ] } },
{ "type": "Feature", "properties": { "Kelas": "Sedang", "SKOR_LONGSOR": 3 }, "geometry": { "type": "MultiPolygon", "coordinates": [ [ [ [ 110.43561263813686, -7.959469642462557 ], [ 110.436510953420978, -7.959469642462557 ], [ 110.436510953420978, -7.960365183528459 ], [ 110.43561263813686, -7.960365183528459 ], [ 110.43561263813686, -7.959469642462557 ] ] ] ] } },
{ "type": "Feature", "properties": { "Kelas": "Cukup Tinggi", "SKOR_LONGSOR": 4 }, "geometry": { "type": "MultiPolygon", "coordinates": [ [ [ [ 110.440104214557451, -7.959469642462557 ], [ 110.441002529841569, -7.959469642462557 ], [ 110.441002529841569, -7.960365183528459 ], [ 110.440104214557451, -7.960365183528459 ], [ 110.440104214557451, -7.959469642462557 ] ] ] ] } },
{ "type": "Feature", "properties": { "Kelas": "Cukup Tinggi", "SKOR_LONGSOR": 4 }, "geometry": { "type": "MultiPolygon", "coordinates": [ [ [ [ 110.452680628535134, -7.959469642462557 ], [ 110.453578943819252, -7.959469642462557 ], [ 110.453578943819252, -7.960365183528459 ], [ 110.452680628535134, -7.960365183528459 ], [ 110.452680628535134, -7.959469642462557 ] ] ] ] } },
{ "type": "Feature", "properties": { "Kelas": "Sedang", "SKOR_LONGSOR": 3 }, "geometry": { "type": "MultiPolygon", "coordinates": [ [ [ [ 110.35835752370258, -7.960365183528459 ], [ 110.359255838986698, -7.960365183528459 ], [ 110.359255838986698, -7.961260722611314 ], [ 110.35835752370258, -7.961260722611314 ], [ 110.35835752370258, -7.960365183528459 ] ] ] ] } },
{ "type": "Feature", "properties": { "Kelas": "Cukup Rendah", "SKOR_LONGSOR": 2 }, "geometry": { "type": "MultiPolygon", "coordinates": [ [ [ [ 110.363747415407303, -7.956783007368792 ], [ 110.364645730691407, -7.956783007368792 ], [ 110.364645730691407, -7.955887458372901 ], [ 110.36554404597554, -7.955887458372901 ], [ 110.36554404597554, -7.956783007368792 ], [ 110.367340676543776, -7.956783007368792 ], [ 110.367340676543776, -7.955887458372901 ], [ 110.368238991827894, -7.955887458372901 ], [ 110.368238991827894, -7.958574099413836 ], [ 110.367340676543776, -7.958574099413836 ], [ 110.367340676543776, -7.95767855438251 ], [ 110.366442361259658, -7.95767855438251 ], [ 110.366442361259658, -7.959469642462557 ], [ 110.364645730691407, -7.959469642462557 ], [ 110.364645730691407, -7.961260722611314 ], [ 110.361950784839067, -7.961260722611314 ], [ 110.361950784839067, -7.960365183528459 ], [ 110.362849100123171, -7.960365183528459 ], [ 110.362849100123171, -7.959469642462557 ], [ 110.36015415427083, -7.959469642462557 ], [ 110.36015415427083, -7.958574099413836 ], [ 110.361950784839067, -7.958574099413836 ], [ 110.361950784839067, -7.955887458372901 ], [ 110.363747415407303, -7.955887458372901 ], [ 110.363747415407303, -7.956783007368792 ] ], [ [ 110.363747415407303, -7.959469642462557 ], [ 110.363747415407303, -7.958574099413836 ], [ 110.362849100123171, -7.958574099413836 ], [ 110.362849100123171, -7.959469642462557 ], [ 110.363747415407303, -7.959469642462557 ] ], [ [ 110.36554404597554, -7.958574099413836 ], [ 110.36554404597554, -7.95767855438251 ], [ 110.363747415407303, -7.95767855438251 ], [ 110.363747415407303, -7.958574099413836 ], [ 110.36554404597554, -7.958574099413836 ] ] ] ] } },
{ "type": "Feature", "properties": { "Kelas": "Cukup Tinggi", "SKOR_LONGSOR": 4 }, "geometry": { "type": "MultiPolygon", "coordinates": [ [ [ [ 110.431121061716269, -7.960365183528459 ], [ 110.432019377000373, -7.960365183528459 ], [ 110.432019377000373, -7.961260722611314 ], [ 110.431121061716269, -7.961260722611314 ], [ 110.431121061716269, -7.960365183528459 ] ] ] ] } },
{ "type": "Feature", "properties": { "Kelas": "Sangat Rendah", "SKOR_LONGSOR": 1 }, "geometry": { "type": "MultiPolygon", "coordinates": [ [ [ [ 110.4683611, -7.961104 ], [ 110.467951988365172, -7.96096745148371 ], [ 110.467951988365172, -7.960365183528459 ], [ 110.468850303649276, -7.960365183528459 ], [ 110.468850303649276, -7.9612237361029 ], [ 110.4683611, -7.961104 ] ] ] ] } },
{ "type": "Feature", "properties": { "Kelas": "Cukup Rendah", "SKOR_LONGSOR": 2 }, "geometry": { "type": "MultiPolygon", "coordinates": [ [ [ [ 110.453578943819252, -7.956783007368792 ], [ 110.455375574387489, -7.956783007368792 ], [ 110.455375574387489, -7.95767855438251 ], [ 110.454477259103371, -7.95767855438251 ], [ 110.454477259103371, -7.962156259710917 ], [ 110.455375574387489, -7.962156259710917 ], [ 110.455375574387489, -7.963051794827043 ], [ 110.453578943819252, -7.963051794827043 ], [ 110.453578943819252, -7.956783007368792 ] ] ] ] } },
{ "type": "Feature", "properties": { "Kelas": "Tinggi", "SKOR_LONGSOR": 0 }, "geometry": { "type": "MultiPolygon", "coordinates": [ [ [ [ 110.455375574387489, -7.95767855438251 ], [ 110.456273889671607, -7.95767855438251 ], [ 110.456273889671607, -7.962156259710917 ], [ 110.455375574387489, -7.962156259710917 ], [ 110.455375574387489, -7.95767855438251 ] ] ] ] } },
{ "type": "Feature", "properties": { "Kelas": "Cukup Rendah", "SKOR_LONGSOR": 2 }, "geometry": { "type": "MultiPolygon", "coordinates": [ [ [ [ 110.4336548, -7.9652431 ], [ 110.4329819, -7.9643887 ], [ 110.432902, -7.9643121 ], [ 110.4328855, -7.9643655 ], [ 110.4325809, -7.964977 ], [ 110.4321461, -7.9657219 ], [ 110.432137488203708, -7.965738388272406 ], [ 110.431121061716269, -7.965738388272406 ], [ 110.431121061716269, -7.964842859108003 ], [ 110.430222746432136, -7.964842859108003 ], [ 110.430222746432136, -7.963051794827043 ], [ 110.429324431148018, -7.963051794827043 ], [ 110.429324431148018, -7.960365183528459 ], [ 110.4284261158639, -7.960365183528459 ], [ 110.4284261158639, -7.958574099413836 ], [ 110.429324431148018, -7.958574099413836 ], [ 110.429324431148018, -7.959469642462557 ], [ 110.430222746432136, -7.959469642462557 ], [ 110.430222746432136, -7.960365183528459 ], [ 110.431121061716269, -7.960365183528459 ], [ 110.431121061716269, -7.962156259710917 ], [ 110.432019377000373, -7.962156259710917 ], [ 110.432019377000373, -7.963051794827043 ], [ 110.432917692284505, -7.963051794827043 ], [ 110.432917692284505, -7.963947327959476 ], [ 110.433816007568609, -7.963947327959476 ], [ 110.433816007568609, -7.964842859108003 ], [ 110.434714322852741, -7.964842859108003 ], [ 110.434714322852741, -7.965738388272406 ], [ 110.434117140874193, -7.965738388272406 ], [ 110.4336548, -7.9652431 ] ] ] ] } },
{ "type": "Feature", "properties": { "Kelas": "Cukup Tinggi", "SKOR_LONGSOR": 4 }, "geometry": { "type": "MultiPolygon", "coordinates": [ [ [ [ 110.433816007568609, -7.958574099413836 ], [ 110.434714322852741, -7.958574099413836 ], [ 110.434714322852741, -7.959469642462557 ], [ 110.43561263813686, -7.959469642462557 ], [ 110.43561263813686, -7.960365183528459 ], [ 110.436510953420978, -7.960365183528459 ], [ 110.436510953420978, -7.962156259710917 ], [ 110.43561263813686, -7.962156259710917 ], [ 110.43561263813686, -7.961260722611314 ], [ 110.434714322852741, -7.961260722611314 ], [ 110.434714322852741, -7.960365183528459 ], [ 110.433816007568609, -7.960365183528459 ], [ 110.433816007568609, -7.958574099413836 ] ] ] ] } },
{ "type": "Feature", "properties": { "Kelas": "Cukup Rendah", "SKOR_LONGSOR": 2 }, "geometry": { "type": "MultiPolygon", "coordinates": [ [ [ [ 110.3727305682485, -7.960365183528459 ], [ 110.374527198816736, -7.960365183528459 ], [ 110.374527198816736, -7.961260722611314 ], [ 110.37542551410084, -7.961260722611314 ], [ 110.37542551410084, -7.962156259710917 ], [ 110.3727305682485, -7.962156259710917 ], [ 110.3727305682485, -7.960365183528459 ] ] ] ] } },
{ "type": "Feature", "properties": { "Kelas": "Cukup Rendah", "SKOR_LONGSOR": 2 }, "geometry": { "type": "MultiPolygon", "coordinates": [ [ [ [ 110.413154756033876, -7.960365183528459 ], [ 110.414951386602112, -7.960365183528459 ], [ 110.414951386602112, -7.963051794827043 ], [ 110.415849701886231, -7.963051794827043 ], [ 110.415849701886231, -7.961260722611314 ], [ 110.416748017170349, -7.961260722611314 ], [ 110.416748017170349, -7.963947327959476 ], [ 110.417646332454467, -7.963947327959476 ], [ 110.417646332454467, -7.965738388272406 ], [ 110.415849701886231, -7.965738388272406 ], [ 110.415849701886231, -7.964842859108003 ], [ 110.413154756033876, -7.964842859108003 ], [ 110.413154756033876, -7.960365183528459 ] ] ] ] } },
{ "type": "Feature", "properties": { "Kelas": "Sangat Rendah", "SKOR_LONGSOR": 1 }, "geometry": { "type": "MultiPolygon", "coordinates": [ [ [ [ 110.440104214557451, -7.958574099413836 ], [ 110.439205899273333, -7.958574099413836 ], [ 110.439205899273333, -7.962156259710917 ], [ 110.437409268705096, -7.962156259710917 ], [ 110.437409268705096, -7.961260722611314 ], [ 110.436510953420978, -7.961260722611314 ], [ 110.436510953420978, -7.960365183528459 ], [ 110.438307583989214, -7.960365183528459 ], [ 110.438307583989214, -7.958574099413836 ], [ 110.437409268705096, -7.958574099413836 ], [ 110.437409268705096, -7.956783007368792 ], [ 110.438307583989214, -7.956783007368792 ], [ 110.438307583989214, -7.955887458372901 ], [ 110.440104214557451, -7.955887458372901 ], [ 110.440104214557451, -7.958574099413836 ] ], [ [ 110.438307583989214, -7.95767855438251 ], [ 110.439205899273333, -7.95767855438251 ], [ 110.439205899273333, -7.956783007368792 ], [ 110.438307583989214, -7.956783007368792 ], [ 110.438307583989214, -7.95767855438251 ] ] ] ] } },
{ "type": "Feature", "properties": { "Kelas": "Sangat Rendah", "SKOR_LONGSOR": 1 }, "geometry": { "type": "MultiPolygon", "coordinates": [ [ [ [ 110.356560893134343, -7.961260722611314 ], [ 110.357459208418462, -7.961260722611314 ], [ 110.357459208418462, -7.962156259710917 ], [ 110.356560893134343, -7.962156259710917 ], [ 110.356560893134343, -7.961260722611314 ] ] ] ] } },
{ "type": "Feature", "properties": { "Kelas": "Cukup Rendah", "SKOR_LONGSOR": 2 }, "geometry": { "type": "MultiPolygon", "coordinates": [ [ [ [ 110.370933937680263, -7.959469642462557 ], [ 110.371832252964367, -7.959469642462557 ], [ 110.371832252964367, -7.961260722611314 ], [ 110.370035622396131, -7.961260722611314 ], [ 110.370035622396131, -7.962156259710917 ], [ 110.368238991827894, -7.962156259710917 ], [ 110.368238991827894, -7.961260722611314 ], [ 110.369137307112013, -7.961260722611314 ], [ 110.369137307112013, -7.960365183528459 ], [ 110.370933937680263, -7.960365183528459 ], [ 110.370933937680263, -7.959469642462557 ] ] ] ] } },
{ "type": "Feature", "properties": { "Kelas": "Sedang", "SKOR_LONGSOR": 3 }, "geometry": { "type": "MultiPolygon", "coordinates": [ [ [ [ 110.370035622396131, -7.961260722611314 ], [ 110.370933937680263, -7.961260722611314 ], [ 110.370933937680263, -7.962156259710917 ], [ 110.370035622396131, -7.962156259710917 ], [ 110.370035622396131, -7.961260722611314 ] ] ] ] } },
{ "type": "Feature", "properties": { "Kelas": "Cukup Rendah", "SKOR_LONGSOR": 2 }, "geometry": { "type": "MultiPolygon", "coordinates": [ [ [ [ 110.386205297510273, -7.961260722611314 ], [ 110.388001928078523, -7.961260722611314 ], [ 110.388001928078523, -7.962156259710917 ], [ 110.386205297510273, -7.962156259710917 ], [ 110.386205297510273, -7.961260722611314 ] ] ] ] } },
{ "type": "Feature", "properties": { "Kelas": "Cukup Tinggi", "SKOR_LONGSOR": 4 }, "geometry": { "type": "MultiPolygon", "coordinates": [ [ [ [ 110.42123959359094, -7.961260722611314 ], [ 110.422137908875072, -7.961260722611314 ], [ 110.422137908875072, -7.962156259710917 ], [ 110.42123959359094, -7.962156259710917 ], [ 110.42123959359094, -7.961260722611314 ] ] ] ] } },
{ "type": "Feature", "properties": { "Kelas": "Tinggi", "SKOR_LONGSOR": 0 }, "geometry": { "type": "MultiPolygon", "coordinates": [ [ [ [ 110.4284261158639, -7.961260722611314 ], [ 110.429324431148018, -7.961260722611314 ], [ 110.429324431148018, -7.964842859108003 ], [ 110.4284261158639, -7.964842859108003 ], [ 110.4284261158639, -7.961260722611314 ] ] ] ] } },
{ "type": "Feature", "properties": { "Kelas": "Sedang", "SKOR_LONGSOR": 3 }, "geometry": { "type": "MultiPolygon", "coordinates": [ [ [ [ 110.431121061716269, -7.961260722611314 ], [ 110.432019377000373, -7.961260722611314 ], [ 110.432019377000373, -7.962156259710917 ], [ 110.431121061716269, -7.962156259710917 ], [ 110.431121061716269, -7.961260722611314 ] ] ] ] } },
{ "type": "Feature", "properties": { "Kelas": "Cukup Tinggi", "SKOR_LONGSOR": 4 }, "geometry": { "type": "MultiPolygon", "coordinates": [ [ [ [ 110.432019377000373, -7.961260722611314 ], [ 110.432917692284505, -7.961260722611314 ], [ 110.432917692284505, -7.962156259710917 ], [ 110.433816007568609, -7.962156259710917 ], [ 110.433816007568609, -7.963051794827043 ], [ 110.434714322852741, -7.963051794827043 ], [ 110.434714322852741, -7.963947327959476 ], [ 110.432917692284505, -7.963947327959476 ], [ 110.432917692284505, -7.963051794827043 ], [ 110.432019377000373, -7.963051794827043 ], [ 110.432019377000373, -7.961260722611314 ] ] ] ] } },
{ "type": "Feature", "properties": { "Kelas": "Cukup Rendah", "SKOR_LONGSOR": 2 }, "geometry": { "type": "MultiPolygon", "coordinates": [ [ [ [ 110.436510953420978, -7.961260722611314 ], [ 110.437409268705096, -7.961260722611314 ], [ 110.437409268705096, -7.962156259710917 ], [ 110.436510953420978, -7.962156259710917 ], [ 110.436510953420978, -7.961260722611314 ] ] ] ] } },
{ "type": "Feature", "properties": { "Kelas": "Sedang", "SKOR_LONGSOR": 3 }, "geometry": { "type": "MultiPolygon", "coordinates": [ [ [ [ 110.44442, -7.9621479 ], [ 110.444419010049756, -7.962156259710917 ], [ 110.443697475693938, -7.962156259710917 ], [ 110.443697475693938, -7.961260722611314 ], [ 110.444523199112453, -7.961260722611314 ], [ 110.44442, -7.9621479 ] ] ] ] } },
{ "type": "Feature", "properties": { "Kelas": "Cukup Tinggi", "SKOR_LONGSOR": 4 }, "geometry": { "type": "MultiPolygon", "coordinates": [ [ [ [ 110.452680628535134, -7.961260722611314 ], [ 110.453578943819252, -7.961260722611314 ], [ 110.453578943819252, -7.962156259710917 ], [ 110.452680628535134, -7.962156259710917 ], [ 110.452680628535134, -7.961260722611314 ] ] ] ] } },
{ "type": "Feature", "properties": { "Kelas": "Sedang", "SKOR_LONGSOR": 3 }, "geometry": { "type": "MultiPolygon", "coordinates": [ [ [ [ 110.454477259103371, -7.961260722611314 ], [ 110.455375574387489, -7.961260722611314 ], [ 110.455375574387489, -7.962156259710917 ], [ 110.454477259103371, -7.962156259710917 ], [ 110.454477259103371, -7.961260722611314 ] ] ] ] } },
{ "type": "Feature", "properties": { "Kelas": "Tinggi", "SKOR_LONGSOR": 0 }, "geometry": { "type": "MultiPolygon", "coordinates": [ [ [ [ 110.4695055, -7.9614583 ], [ 110.4690859, -7.9612814 ], [ 110.469001418763696, -7.961260722611314 ], [ 110.469748618933409, -7.961260722611314 ], [ 110.469748618933409, -7.96158665334187 ], [ 110.4695055, -7.9614583 ] ] ] ] } },
{ "type": "Feature", "properties": { "Kelas": "Sangat Rendah", "SKOR_LONGSOR": 1 }, "geometry": { "type": "MultiPolygon", "coordinates": [ [ [ [ 110.355662577850225, -7.962156259710917 ], [ 110.356560893134343, -7.962156259710917 ], [ 110.356560893134343, -7.963051794827043 ], [ 110.355662577850225, -7.963051794827043 ], [ 110.355662577850225, -7.962156259710917 ] ] ] ] } },
{ "type": "Feature", "properties": { "Kelas": "Sangat Rendah", "SKOR_LONGSOR": 1 }, "geometry": { "type": "MultiPolygon", "coordinates": [ [ [ [ 110.384408666942036, -7.962156259710917 ], [ 110.385306982226169, -7.962156259710917 ], [ 110.385306982226169, -7.963051794827043 ], [ 110.384408666942036, -7.963051794827043 ], [ 110.384408666942036, -7.962156259710917 ] ] ] ] } },
{ "type": "Feature", "properties": { "Kelas": "Sedang", "SKOR_LONGSOR": 3 }, "geometry": { "type": "MultiPolygon", "coordinates": [ [ [ [ 110.385306982226169, -7.962156259710917 ], [ 110.386205297510273, -7.962156259710917 ], [ 110.386205297510273, -7.963051794827043 ], [ 110.385306982226169, -7.963051794827043 ], [ 110.385306982226169, -7.962156259710917 ] ] ] ] } },
{ "type": "Feature", "properties": { "Kelas": "Sangat Rendah", "SKOR_LONGSOR": 1 }, "geometry": { "type": "MultiPolygon", "coordinates": [ [ [ [ 110.414951386602112, -7.962156259710917 ], [ 110.415849701886231, -7.962156259710917 ], [ 110.415849701886231, -7.963051794827043 ], [ 110.414951386602112, -7.963051794827043 ], [ 110.414951386602112, -7.962156259710917 ] ] ] ] } },
{ "type": "Feature", "properties": { "Kelas": "Cukup Tinggi", "SKOR_LONGSOR": 4 }, "geometry": { "type": "MultiPolygon", "coordinates": [ [ [ [ 110.436510953420978, -7.962156259710917 ], [ 110.437409268705096, -7.962156259710917 ], [ 110.437409268705096, -7.963051794827043 ], [ 110.436510953420978, -7.963051794827043 ], [ 110.436510953420978, -7.962156259710917 ] ] ] ] } },
{ "type": "Feature", "properties": { "Kelas": "Cukup Rendah", "SKOR_LONGSOR": 2 }, "geometry": { "type": "MultiPolygon", "coordinates": [ [ [ [ 110.437409268705096, -7.962156259710917 ], [ 110.439205899273333, -7.962156259710917 ], [ 110.439205899273333, -7.963051794827043 ], [ 110.437409268705096, -7.963051794827043 ], [ 110.437409268705096, -7.962156259710917 ] ] ] ] } },
{ "type": "Feature", "properties": { "Kelas": "Sedang", "SKOR_LONGSOR": 3 }, "geometry": { "type": "MultiPolygon", "coordinates": [ [ [ [ 110.442799160409805, -7.962156259710917 ], [ 110.443697475693938, -7.962156259710917 ], [ 110.443697475693938, -7.963051794827043 ], [ 110.442799160409805, -7.963051794827043 ], [ 110.442799160409805, -7.962156259710917 ] ] ] ] } },
{ "type": "Feature", "properties": { "Kelas": "Tinggi", "SKOR_LONGSOR": 0 }, "geometry": { "type": "MultiPolygon", "coordinates": [ [ [ [ 110.4706041, -7.9631769 ], [ 110.470646934217513, -7.96300957382448 ], [ 110.470646934217513, -7.963051794827043 ], [ 110.471545249501645, -7.963051794827043 ], [ 110.471545249501645, -7.963947327959476 ], [ 110.470646934217513, -7.963947327959476 ], [ 110.470646934217513, -7.964842859108003 ], [ 110.469748618933409, -7.964842859108003 ], [ 110.469748618933409, -7.963998502581662 ], [ 110.4700014, -7.9638659 ], [ 110.4703066, -7.9636094 ], [ 110.4706041, -7.9631769 ] ] ], [ [ [ 110.470646934217513, -7.962156259710917 ], [ 110.470646934217513, -7.96250417220837 ], [ 110.4706346, -7.9624549 ], [ 110.470499184844854, -7.962156259710917 ], [ 110.470646934217513, -7.962156259710917 ] ] ] ] } },
{ "type": "Feature", "properties": { "Kelas": "Sangat Rendah", "SKOR_LONGSOR": 1 }, "geometry": { "type": "MultiPolygon", "coordinates": [ [ [ [ 110.472443564785749, -7.962156259710917 ], [ 110.473341880069881, -7.962156259710917 ], [ 110.473341880069881, -7.963051794827043 ], [ 110.472443564785749, -7.963051794827043 ], [ 110.472443564785749, -7.962156259710917 ] ] ] ] } },
{ "type": "Feature", "properties": { "Kelas": "Sangat Rendah", "SKOR_LONGSOR": 1 }, "geometry": { "type": "MultiPolygon", "coordinates": [ [ [ [ 110.354764262566107, -7.963051794827043 ], [ 110.355662577850225, -7.963051794827043 ], [ 110.355662577850225, -7.963947327959476 ], [ 110.354764262566107, -7.963947327959476 ], [ 110.354764262566107, -7.963051794827043 ] ] ] ] } },
{ "type": "Feature", "properties": { "Kelas": "Sangat Rendah", "SKOR_LONGSOR": 1 }, "geometry": { "type": "MultiPolygon", "coordinates": [ [ [ [ 110.366442361259658, -7.963947327959476 ], [ 110.368238991827894, -7.963947327959476 ], [ 110.368238991827894, -7.963051794827043 ], [ 110.369137307112013, -7.963051794827043 ], [ 110.369137307112013, -7.963947327959476 ], [ 110.370035622396131, -7.963947327959476 ], [ 110.370035622396131, -7.964842859108003 ], [ 110.369137307112013, -7.964842859108003 ], [ 110.369137307112013, -7.96663391545246 ], [ 110.36554404597554, -7.96663391545246 ], [ 110.36554404597554, -7.965738388272406 ], [ 110.364645730691407, -7.965738388272406 ], [ 110.364645730691407, -7.963947327959476 ], [ 110.363747415407303, -7.963947327959476 ], [ 110.363747415407303, -7.963051794827043 ], [ 110.366442361259658, -7.963051794827043 ], [ 110.366442361259658, -7.963947327959476 ] ], [ [ 110.368238991827894, -7.965738388272406 ], [ 110.368238991827894, -7.964842859108003 ], [ 110.367340676543776, -7.964842859108003 ], [ 110.367340676543776, -7.965738388272406 ], [ 110.368238991827894, -7.965738388272406 ] ] ] ] } },
{ "type": "Feature", "properties": { "Kelas": "Cukup Rendah", "SKOR_LONGSOR": 2 }, "geometry": { "type": "MultiPolygon", "coordinates": [ [ [ [ 110.366442361259658, -7.963051794827043 ], [ 110.367340676543776, -7.963051794827043 ], [ 110.367340676543776, -7.963947327959476 ], [ 110.366442361259658, -7.963947327959476 ], [ 110.366442361259658, -7.963051794827043 ] ] ] ] } },
{ "type": "Feature", "properties": { "Kelas": "Cukup Rendah", "SKOR_LONGSOR": 2 }, "geometry": { "type": "MultiPolygon", "coordinates": [ [ [ [ 110.369137307112013, -7.963051794827043 ], [ 110.370035622396131, -7.963051794827043 ], [ 110.370035622396131, -7.963947327959476 ], [ 110.369137307112013, -7.963947327959476 ], [ 110.369137307112013, -7.963051794827043 ] ] ] ] } },
{ "type": "Feature", "properties": { "Kelas": "Sedang", "SKOR_LONGSOR": 3 }, "geometry": { "type": "MultiPolygon", "coordinates": [ [ [ [ 110.37542551410084, -7.963051794827043 ], [ 110.376323829384972, -7.963051794827043 ], [ 110.376323829384972, -7.965738388272406 ], [ 110.37542551410084, -7.965738388272406 ], [ 110.37542551410084, -7.963051794827043 ] ] ] ] } },
{ "type": "Feature", "properties": { "Kelas": "Cukup Rendah", "SKOR_LONGSOR": 2 }, "geometry": { "type": "MultiPolygon", "coordinates": [ [ [ [ 110.380815405805564, -7.963051794827043 ], [ 110.381713721089696, -7.963051794827043 ], [ 110.381713721089696, -7.963947327959476 ], [ 110.380815405805564, -7.963947327959476 ], [ 110.380815405805564, -7.963051794827043 ] ] ] ] } },
{ "type": "Feature", "properties": { "Kelas": "Sedang", "SKOR_LONGSOR": 3 }, "geometry": { "type": "MultiPolygon", "coordinates": [ [ [ [ 110.392493504499129, -7.963051794827043 ], [ 110.393391819783233, -7.963051794827043 ], [ 110.393391819783233, -7.963947327959476 ], [ 110.392493504499129, -7.963947327959476 ], [ 110.392493504499129, -7.963051794827043 ] ] ] ] } },
{ "type": "Feature", "properties": { "Kelas": "Cukup Rendah", "SKOR_LONGSOR": 2 }, "geometry": { "type": "MultiPolygon", "coordinates": [ [ [ [ 110.41135812546564, -7.960365183528459 ], [ 110.412256440749744, -7.960365183528459 ], [ 110.412256440749744, -7.964842859108003 ], [ 110.410459810181507, -7.964842859108003 ], [ 110.410459810181507, -7.963947327959476 ], [ 110.408663179613271, -7.963947327959476 ], [ 110.408663179613271, -7.963051794827043 ], [ 110.409561494897403, -7.963051794827043 ], [ 110.409561494897403, -7.962156259710917 ], [ 110.410459810181507, -7.962156259710917 ], [ 110.410459810181507, -7.961260722611314 ], [ 110.41135812546564, -7.961260722611314 ], [ 110.41135812546564, -7.960365183528459 ] ] ] ] } },
{ "type": "Feature", "properties": { "Kelas": "Sangat Rendah", "SKOR_LONGSOR": 1 }, "geometry": { "type": "MultiPolygon", "coordinates": [ [ [ [ 110.416748017170349, -7.963051794827043 ], [ 110.417646332454467, -7.963051794827043 ], [ 110.417646332454467, -7.963947327959476 ], [ 110.416748017170349, -7.963947327959476 ], [ 110.416748017170349, -7.963051794827043 ] ] ] ] } },
{ "type": "Feature", "properties": { "Kelas": "Cukup Tinggi", "SKOR_LONGSOR": 4 }, "geometry": { "type": "MultiPolygon", "coordinates": [ [ [ [ 110.439205899273333, -7.961260722611314 ], [ 110.440104214557451, -7.961260722611314 ], [ 110.440104214557451, -7.963947327959476 ], [ 110.437409268705096, -7.963947327959476 ], [ 110.437409268705096, -7.963051794827043 ], [ 110.439205899273333, -7.963051794827043 ], [ 110.439205899273333, -7.961260722611314 ] ] ] ] } },
{ "type": "Feature", "properties": { "Kelas": "Cukup Rendah", "SKOR_LONGSOR": 2 }, "geometry": { "type": "MultiPolygon", "coordinates": [ [ [ [ 110.442799160409805, -7.963051794827043 ], [ 110.443697475693938, -7.963051794827043 ], [ 110.443697475693938, -7.963947327959476 ], [ 110.442799160409805, -7.963947327959476 ], [ 110.442799160409805, -7.963051794827043 ] ] ] ] } },
{ "type": "Feature", "properties": { "Kelas": "Cukup Rendah", "SKOR_LONGSOR": 2 }, "geometry": { "type": "MultiPolygon", "coordinates": [ [ [ [ 110.471545249501645, -7.963051794827043 ], [ 110.472443564785749, -7.963051794827043 ], [ 110.472443564785749, -7.964842859108003 ], [ 110.471545249501645, -7.964842859108003 ], [ 110.471545249501645, -7.963051794827043 ] ] ] ] } },
{ "type": "Feature", "properties": { "Kelas": "Sedang", "SKOR_LONGSOR": 3 }, "geometry": { "type": "MultiPolygon", "coordinates": [ [ [ [ 110.35835752370258, -7.963947327959476 ], [ 110.359255838986698, -7.963947327959476 ], [ 110.359255838986698, -7.964842859108003 ], [ 110.35835752370258, -7.964842859108003 ], [ 110.35835752370258, -7.963947327959476 ] ] ] ] } },
{ "type": "Feature", "properties": { "Kelas": "Sedang", "SKOR_LONGSOR": 3 }, "geometry": { "type": "MultiPolygon", "coordinates": [ [ [ [ 110.36015415427083, -7.963947327959476 ], [ 110.361950784839067, -7.963947327959476 ], [ 110.361950784839067, -7.964842859108003 ], [ 110.36015415427083, -7.964842859108003 ], [ 110.36015415427083, -7.963947327959476 ] ] ] ] } },
{ "type": "Feature", "properties": { "Kelas": "Sedang", "SKOR_LONGSOR": 3 }, "geometry": { "type": "MultiPolygon", "coordinates": [ [ [ [ 110.363747415407303, -7.963947327959476 ], [ 110.364645730691407, -7.963947327959476 ], [ 110.364645730691407, -7.964842859108003 ], [ 110.363747415407303, -7.964842859108003 ], [ 110.363747415407303, -7.963947327959476 ] ] ] ] } },
{ "type": "Feature", "properties": { "Kelas": "Cukup Rendah", "SKOR_LONGSOR": 2 }, "geometry": { "type": "MultiPolygon", "coordinates": [ [ [ [ 110.393391819783233, -7.963947327959476 ], [ 110.394290135067365, -7.963947327959476 ], [ 110.394290135067365, -7.964842859108003 ], [ 110.393391819783233, -7.964842859108003 ], [ 110.393391819783233, -7.963947327959476 ] ] ] ] } },
{ "type": "Feature", "properties": { "Kelas": "Sedang", "SKOR_LONGSOR": 3 }, "geometry": { "type": "MultiPolygon", "coordinates": [ [ [ [ 110.408663179613271, -7.963947327959476 ], [ 110.409561494897403, -7.963947327959476 ], [ 110.409561494897403, -7.964842859108003 ], [ 110.408663179613271, -7.964842859108003 ], [ 110.408663179613271, -7.963947327959476 ] ] ] ] } },
{ "type": "Feature", "properties": { "Kelas": "Sangat Rendah", "SKOR_LONGSOR": 1 }, "geometry": { "type": "MultiPolygon", "coordinates": [ [ [ [ 110.417646332454467, -7.963947327959476 ], [ 110.418544647738585, -7.963947327959476 ], [ 110.418544647738585, -7.965738388272406 ], [ 110.417646332454467, -7.965738388272406 ], [ 110.417646332454467, -7.963947327959476 ] ] ] ] } },
{ "type": "Feature", "properties": { "Kelas": "Sedang", "SKOR_LONGSOR": 3 }, "geometry": { "type": "MultiPolygon", "coordinates": [ [ [ [ 110.433816007568609, -7.963947327959476 ], [ 110.434714322852741, -7.963947327959476 ], [ 110.434714322852741, -7.964842859108003 ], [ 110.433816007568609, -7.964842859108003 ], [ 110.433816007568609, -7.963947327959476 ] ] ] ] } },
{ "type": "Feature", "properties": { "Kelas": "Cukup Tinggi", "SKOR_LONGSOR": 4 }, "geometry": { "type": "MultiPolygon", "coordinates": [ [ [ [ 110.434714322852741, -7.963947327959476 ], [ 110.43561263813686, -7.963947327959476 ], [ 110.43561263813686, -7.964842859108003 ], [ 110.436510953420978, -7.964842859108003 ], [ 110.436510953420978, -7.965738388272406 ], [ 110.434714322852741, -7.965738388272406 ], [ 110.434714322852741, -7.963947327959476 ] ] ] ] } },
{ "type": "Feature", "properties": { "Kelas": "Cukup Tinggi", "SKOR_LONGSOR": 4 }, "geometry": { "type": "MultiPolygon", "coordinates": [ [ [ [ 110.470646934217513, -7.963947327959476 ], [ 110.471545249501645, -7.963947327959476 ], [ 110.471545249501645, -7.964842859108003 ], [ 110.470646934217513, -7.964842859108003 ], [ 110.470646934217513, -7.963947327959476 ] ] ] ] } },
{ "type": "Feature", "properties": { "Kelas": "Sangat Rendah", "SKOR_LONGSOR": 1 }, "geometry": { "type": "MultiPolygon", "coordinates": [ [ [ [ 110.355662577850225, -7.964842859108003 ], [ 110.356560893134343, -7.964842859108003 ], [ 110.356560893134343, -7.965738388272406 ], [ 110.355662577850225, -7.965738388272406 ], [ 110.355662577850225, -7.964842859108003 ] ] ] ] } },
{ "type": "Feature", "properties": { "Kelas": "Cukup Rendah", "SKOR_LONGSOR": 2 }, "geometry": { "type": "MultiPolygon", "coordinates": [ [ [ [ 110.36015415427083, -7.964842859108003 ], [ 110.361950784839067, -7.964842859108003 ], [ 110.361950784839067, -7.965738388272406 ], [ 110.36015415427083, -7.965738388272406 ], [ 110.36015415427083, -7.964842859108003 ] ] ] ] } },
{ "type": "Feature", "properties": { "Kelas": "Sangat Rendah", "SKOR_LONGSOR": 1 }, "geometry": { "type": "MultiPolygon", "coordinates": [ [ [ [ 110.362849100123171, -7.964842859108003 ], [ 110.363747415407303, -7.964842859108003 ], [ 110.363747415407303, -7.965738388272406 ], [ 110.362849100123171, -7.965738388272406 ], [ 110.362849100123171, -7.964842859108003 ] ] ] ] } },
{ "type": "Feature", "properties": { "Kelas": "Cukup Tinggi", "SKOR_LONGSOR": 4 }, "geometry": { "type": "MultiPolygon", "coordinates": [ [ [ [ 110.363747415407303, -7.964842859108003 ], [ 110.364645730691407, -7.964842859108003 ], [ 110.364645730691407, -7.965738388272406 ], [ 110.363747415407303, -7.965738388272406 ], [ 110.363747415407303, -7.964842859108003 ] ] ] ] } },
{ "type": "Feature", "properties": { "Kelas": "Sedang", "SKOR_LONGSOR": 3 }, "geometry": { "type": "MultiPolygon", "coordinates": [ [ [ [ 110.367340676543776, -7.964842859108003 ], [ 110.368238991827894, -7.964842859108003 ], [ 110.368238991827894, -7.965738388272406 ], [ 110.367340676543776, -7.965738388272406 ], [ 110.367340676543776, -7.964842859108003 ] ] ] ] } },
{ "type": "Feature", "properties": { "Kelas": "Cukup Rendah", "SKOR_LONGSOR": 2 }, "geometry": { "type": "MultiPolygon", "coordinates": [ [ [ [ 110.369137307112013, -7.964842859108003 ], [ 110.370035622396131, -7.964842859108003 ], [ 110.370035622396131, -7.96663391545246 ], [ 110.369137307112013, -7.96663391545246 ], [ 110.369137307112013, -7.964842859108003 ] ] ] ] } },
{ "type": "Feature", "properties": { "Kelas": "Sangat Rendah", "SKOR_LONGSOR": 1 }, "geometry": { "type": "MultiPolygon", "coordinates": [ [ [ [ 110.379917090521445, -7.964842859108003 ], [ 110.380815405805564, -7.964842859108003 ], [ 110.380815405805564, -7.965738388272406 ], [ 110.379917090521445, -7.965738388272406 ], [ 110.379917090521445, -7.964842859108003 ] ] ] ] } },
{ "type": "Feature", "properties": { "Kelas": "Sangat Rendah", "SKOR_LONGSOR": 1 }, "geometry": { "type": "MultiPolygon", "coordinates": [ [ [ [ 110.381713721089696, -7.964842859108003 ], [ 110.3826120363738, -7.964842859108003 ], [ 110.3826120363738, -7.965738388272406 ], [ 110.381713721089696, -7.965738388272406 ], [ 110.381713721089696, -7.964842859108003 ] ] ] ] } },
{ "type": "Feature", "properties": { "Kelas": "Tinggi", "SKOR_LONGSOR": 0 }, "geometry": { "type": "MultiPolygon", "coordinates": [ [ [ [ 110.39698508091972, -7.964842859108003 ], [ 110.398781711487956, -7.964842859108003 ], [ 110.398781711487956, -7.965738388272406 ], [ 110.400578342056193, -7.965738388272406 ], [ 110.400578342056193, -7.967529440647958 ], [ 110.399680026772074, -7.967529440647958 ], [ 110.399680026772074, -7.96663391545246 ], [ 110.397883396203838, -7.96663391545246 ], [ 110.397883396203838, -7.965738388272406 ], [ 110.39698508091972, -7.965738388272406 ], [ 110.39698508091972, -7.964842859108003 ] ] ] ] } },
{ "type": "Feature", "properties": { "Kelas": "Sangat Rendah", "SKOR_LONGSOR": 1 }, "geometry": { "type": "MultiPolygon", "coordinates": [ [ [ [ 110.410459810181507, -7.964842859108003 ], [ 110.41135812546564, -7.964842859108003 ], [ 110.41135812546564, -7.965738388272406 ], [ 110.410459810181507, -7.965738388272406 ], [ 110.410459810181507, -7.964842859108003 ] ] ] ] } },
{ "type": "Feature", "properties": { "Kelas": "Sedang", "SKOR_LONGSOR": 3 }, "geometry": { "type": "MultiPolygon", "coordinates": [ [ [ [ 110.413154756033876, -7.964842859108003 ], [ 110.414053071317994, -7.964842859108003 ], [ 110.414053071317994, -7.965738388272406 ], [ 110.413154756033876, -7.965738388272406 ], [ 110.413154756033876, -7.964842859108003 ] ] ] ] } },
{ "type": "Feature", "properties": { "Kelas": "Cukup Rendah", "SKOR_LONGSOR": 2 }, "geometry": { "type": "MultiPolygon", "coordinates": [ [ [ [ 110.418544647738585, -7.964842859108003 ], [ 110.419442963022703, -7.964842859108003 ], [ 110.419442963022703, -7.965738388272406 ], [ 110.420341278306836, -7.965738388272406 ], [ 110.420341278306836, -7.96663391545246 ], [ 110.418544647738585, -7.96663391545246 ], [ 110.418544647738585, -7.964842859108003 ] ] ] ] } },
{ "type": "Feature", "properties": { "Kelas": "Sangat Rendah", "SKOR_LONGSOR": 1 }, "geometry": { "type": "MultiPolygon", "coordinates": [ [ [ [ 110.419442963022703, -7.964842859108003 ], [ 110.420341278306836, -7.964842859108003 ], [ 110.420341278306836, -7.965738388272406 ], [ 110.419442963022703, -7.965738388272406 ], [ 110.419442963022703, -7.964842859108003 ] ] ] ] } },
{ "type": "Feature", "properties": { "Kelas": "Cukup Rendah", "SKOR_LONGSOR": 2 }, "geometry": { "type": "MultiPolygon", "coordinates": [ [ [ [ 110.42123959359094, -7.964842859108003 ], [ 110.422137908875072, -7.964842859108003 ], [ 110.422137908875072, -7.965738388272406 ], [ 110.42123959359094, -7.965738388272406 ], [ 110.42123959359094, -7.964842859108003 ] ] ] ] } },
{ "type": "Feature", "properties": { "Kelas": "Cukup Tinggi", "SKOR_LONGSOR": 4 }, "geometry": { "type": "MultiPolygon", "coordinates": [ [ [ [ 110.456491, -7.9599463 ], [ 110.4566981, -7.9602145 ], [ 110.4569006, -7.9603746 ], [ 110.4570796, -7.9604923 ], [ 110.4573151, -7.9606571 ], [ 110.4575648, -7.9608031 ], [ 110.4577155, -7.960902 ], [ 110.457852, -7.9610761 ], [ 110.4579164, -7.9612109 ], [ 110.4579162, -7.9613511 ], [ 110.4578783, -7.961517 ], [ 110.4578249, -7.9617721 ], [ 110.4577181, -7.962002 ], [ 110.457657, -7.9622823 ], [ 110.4576036, -7.9626142 ], [ 110.4575121, -7.9630739 ], [ 110.4574739, -7.9632908 ], [ 110.4574129, -7.9636222 ], [ 110.4573243, -7.9639932 ], [ 110.4572839, -7.9642994 ], [ 110.4573634, -7.9647923 ], [ 110.4574509, -7.9651009 ], [ 110.4574357, -7.9653088 ], [ 110.4573442, -7.9655706 ], [ 110.4572679, -7.9657785 ], [ 110.4571611, -7.9659683 ], [ 110.4570467, -7.9661581 ], [ 110.4569472, -7.9663365 ], [ 110.4567465, -7.9665627 ], [ 110.456695915295597, -7.96663391545246 ], [ 110.456273889671607, -7.96663391545246 ], [ 110.456273889671607, -7.967058082315935 ], [ 110.4561179, -7.9671744 ], [ 110.455904, -7.9672807 ], [ 110.4555699, -7.9673735 ], [ 110.4552156, -7.9673807 ], [ 110.4550554, -7.9674198 ], [ 110.4549028, -7.9674198 ], [ 110.4546663, -7.9672619 ], [ 110.4545824, -7.9669863 ], [ 110.454477259103371, -7.966720407832721 ], [ 110.454477259103371, -7.96663391545246 ], [ 110.454451111362346, -7.96663391545246 ], [ 110.4544298, -7.9663068 ], [ 110.4543154, -7.9660098 ], [ 110.4541323, -7.9655806 ], [ 110.4539339, -7.9651958 ], [ 110.453780747572907, -7.964842859108003 ], [ 110.454477259103371, -7.964842859108003 ], [ 110.454477259103371, -7.963051794827043 ], [ 110.455375574387489, -7.963051794827043 ], [ 110.455375574387489, -7.962156259710917 ], [ 110.456273889671607, -7.962156259710917 ], [ 110.456273889671607, -7.95767855438251 ], [ 110.457166153952201, -7.95767855438251 ], [ 110.4568471, -7.9580387 ], [ 110.4566439, -7.9583815 ], [ 110.4564516, -7.9589602 ], [ 110.4563973, -7.9594715 ], [ 110.456491, -7.9599463 ] ], [ [ 110.454477259103371, -7.965738388272406 ], [ 110.455375574387489, -7.965738388272406 ], [ 110.455375574387489, -7.964842859108003 ], [ 110.454477259103371, -7.964842859108003 ], [ 110.454477259103371, -7.965738388272406 ] ] ], [ [ [ 110.4670628, -7.9547714 ], [ 110.4667426, -7.9544796 ], [ 110.46654, -7.9543994 ], [ 110.4661676, -7.9543754 ], [ 110.4658422, -7.9543985 ], [ 110.4656489, -7.9544124 ], [ 110.4653518, -7.9545295 ], [ 110.465161, -7.9546309 ], [ 110.4651489, -7.9546373 ], [ 110.4651433, -7.9546449 ], [ 110.4649458, -7.9549143 ], [ 110.4647947, -7.955135 ], [ 110.4646294, -7.9553181 ], [ 110.464358727228685, -7.955403116682533 ], [ 110.464358727228685, -7.954991907395059 ], [ 110.463460411944567, -7.954991907395059 ], [ 110.463460411944567, -7.955441706416913 ], [ 110.4630028, -7.9554241 ], [ 110.4624511, -7.9555127 ], [ 110.4620079, -7.9555967 ], [ 110.4616495, -7.9556856 ], [ 110.4612485, -7.9558918 ], [ 110.4604463, -7.9564266 ], [ 110.4600311, -7.9566798 ], [ 110.4594888, -7.9568389 ], [ 110.4587295, -7.9570165 ], [ 110.4580928, -7.9572178 ], [ 110.4576353, -7.9573911 ], [ 110.4571965, -7.9576443 ], [ 110.457172204955739, -7.957671724056825 ], [ 110.457172204955739, -7.956783007368792 ], [ 110.458968835523976, -7.956783007368792 ], [ 110.458968835523976, -7.955887458372901 ], [ 110.460765466092212, -7.955887458372901 ], [ 110.460765466092212, -7.954991907395059 ], [ 110.462562096660449, -7.954991907395059 ], [ 110.462562096660449, -7.954096354435476 ], [ 110.464358727228685, -7.954096354435476 ], [ 110.464358727228685, -7.953200799494374 ], [ 110.465257042512803, -7.953200799494374 ], [ 110.465257042512803, -7.952305242571969 ], [ 110.464358727228685, -7.952305242571969 ], [ 110.464358727228685, -7.951409683668476 ], [ 110.466155357796922, -7.951409683668476 ], [ 110.466155357796922, -7.952305242571969 ], [ 110.46705367308104, -7.952305242571969 ], [ 110.46705367308104, -7.953200799494374 ], [ 110.468850303649276, -7.953200799494374 ], [ 110.468850303649276, -7.954991907395059 ], [ 110.467951988365172, -7.954991907395059 ], [ 110.467951988365172, -7.955887458372901 ], [ 110.467185704576565, -7.955887458372901 ], [ 110.4673069, -7.9555519 ], [ 110.4672885, -7.9552276 ], [ 110.4670628, -7.9547714 ] ] ] ] } },
{ "type": "Feature", "properties": { "Kelas": "Tinggi", "SKOR_LONGSOR": 0 }, "geometry": { "type": "MultiPolygon", "coordinates": [ [ [ [ 110.454477259103371, -7.964842859108003 ], [ 110.455375574387489, -7.964842859108003 ], [ 110.455375574387489, -7.965738388272406 ], [ 110.454477259103371, -7.965738388272406 ], [ 110.454477259103371, -7.964842859108003 ] ] ] ] } },
{ "type": "Feature", "properties": { "Kelas": "Cukup Rendah", "SKOR_LONGSOR": 2 }, "geometry": { "type": "MultiPolygon", "coordinates": [ [ [ [ 110.470646934217513, -7.964842859108003 ], [ 110.471545249501645, -7.964842859108003 ], [ 110.471545249501645, -7.965738388272406 ], [ 110.470646934217513, -7.965738388272406 ], [ 110.470646934217513, -7.964842859108003 ] ] ] ] } },
{ "type": "Feature", "properties": { "Kelas": "Cukup Rendah", "SKOR_LONGSOR": 2 }, "geometry": { "type": "MultiPolygon", "coordinates": [ [ [ [ 110.356560893134343, -7.962156259710917 ], [ 110.357459208418462, -7.962156259710917 ], [ 110.357459208418462, -7.963051794827043 ], [ 110.35835752370258, -7.963051794827043 ], [ 110.35835752370258, -7.965738388272406 ], [ 110.357459208418462, -7.965738388272406 ], [ 110.357459208418462, -7.96663391545246 ], [ 110.355662577850225, -7.96663391545246 ], [ 110.355662577850225, -7.965738388272406 ], [ 110.356560893134343, -7.965738388272406 ], [ 110.356560893134343, -7.964842859108003 ], [ 110.355662577850225, -7.964842859108003 ], [ 110.355662577850225, -7.963051794827043 ], [ 110.356560893134343, -7.963051794827043 ], [ 110.356560893134343, -7.962156259710917 ] ] ] ] } },
{ "type": "Feature", "properties": { "Kelas": "Sangat Rendah", "SKOR_LONGSOR": 1 }, "geometry": { "type": "MultiPolygon", "coordinates": [ [ [ [ 110.357459208418462, -7.965738388272406 ], [ 110.35835752370258, -7.965738388272406 ], [ 110.35835752370258, -7.96663391545246 ], [ 110.357459208418462, -7.96663391545246 ], [ 110.357459208418462, -7.965738388272406 ] ] ] ] } },
{ "type": "Feature", "properties": { "Kelas": "Sedang", "SKOR_LONGSOR": 3 }, "geometry": { "type": "MultiPolygon", "coordinates": [ [ [ [ 110.361950784839067, -7.965738388272406 ], [ 110.362849100123171, -7.965738388272406 ], [ 110.362849100123171, -7.96663391545246 ], [ 110.361950784839067, -7.96663391545246 ], [ 110.361950784839067, -7.965738388272406 ] ] ] ] } },
{ "type": "Feature", "properties": { "Kelas": "Sangat Rendah", "SKOR_LONGSOR": 1 }, "geometry": { "type": "MultiPolygon", "coordinates": [ [ [ [ 110.363747415407303, -7.965738388272406 ], [ 110.364645730691407, -7.965738388272406 ], [ 110.364645730691407, -7.96663391545246 ], [ 110.363747415407303, -7.96663391545246 ], [ 110.363747415407303, -7.965738388272406 ] ] ] ] } },
{ "type": "Feature", "properties": { "Kelas": "Cukup Rendah", "SKOR_LONGSOR": 2 }, "geometry": { "type": "MultiPolygon", "coordinates": [ [ [ [ 110.374527198816736, -7.965738388272406 ], [ 110.37542551410084, -7.965738388272406 ], [ 110.37542551410084, -7.96663391545246 ], [ 110.374527198816736, -7.96663391545246 ], [ 110.374527198816736, -7.965738388272406 ] ] ] ] } },
{ "type": "Feature", "properties": { "Kelas": "Cukup Tinggi", "SKOR_LONGSOR": 4 }, "geometry": { "type": "MultiPolygon", "coordinates": [ [ [ [ 110.37542551410084, -7.965738388272406 ], [ 110.376323829384972, -7.965738388272406 ], [ 110.376323829384972, -7.96663391545246 ], [ 110.37542551410084, -7.96663391545246 ], [ 110.37542551410084, -7.965738388272406 ] ] ] ] } },
{ "type": "Feature", "properties": { "Kelas": "Cukup Tinggi", "SKOR_LONGSOR": 4 }, "geometry": { "type": "MultiPolygon", "coordinates": [ [ [ [ 110.379018775237327, -7.965738388272406 ], [ 110.379917090521445, -7.965738388272406 ], [ 110.379917090521445, -7.96663391545246 ], [ 110.379018775237327, -7.96663391545246 ], [ 110.379018775237327, -7.965738388272406 ] ] ] ] } },
{ "type": "Feature", "properties": { "Kelas": "Sedang", "SKOR_LONGSOR": 3 }, "geometry": { "type": "MultiPolygon", "coordinates": [ [ [ [ 110.406866549045034, -7.965738388272406 ], [ 110.407764864329152, -7.965738388272406 ], [ 110.407764864329152, -7.967529440647958 ], [ 110.406866549045034, -7.967529440647958 ], [ 110.406866549045034, -7.965738388272406 ] ] ] ] } },
{ "type": "Feature", "properties": { "Kelas": "Sangat Rendah", "SKOR_LONGSOR": 1 }, "geometry": { "type": "MultiPolygon", "coordinates": [ [ [ [ 110.420341278306836, -7.965738388272406 ], [ 110.42123959359094, -7.965738388272406 ], [ 110.42123959359094, -7.96663391545246 ], [ 110.420341278306836, -7.96663391545246 ], [ 110.420341278306836, -7.965738388272406 ] ] ] ] } },
{ "type": "Feature", "properties": { "Kelas": "Sangat Rendah", "SKOR_LONGSOR": 1 }, "geometry": { "type": "MultiPolygon", "coordinates": [ [ [ [ 110.422137908875072, -7.965738388272406 ], [ 110.423036224159176, -7.965738388272406 ], [ 110.423036224159176, -7.96663391545246 ], [ 110.422137908875072, -7.96663391545246 ], [ 110.422137908875072, -7.965738388272406 ] ] ] ] } },
{ "type": "Feature", "properties": { "Kelas": "Cukup Rendah", "SKOR_LONGSOR": 2 }, "geometry": { "type": "MultiPolygon", "coordinates": [ [ [ [ 110.423036224159176, -7.965738388272406 ], [ 110.424832854727427, -7.965738388272406 ], [ 110.424832854727427, -7.96663391545246 ], [ 110.423934539443309, -7.96663391545246 ], [ 110.423934539443309, -7.967529440647958 ], [ 110.423036224159176, -7.967529440647958 ], [ 110.423036224159176, -7.965738388272406 ] ] ] ] } },
{ "type": "Feature", "properties": { "Kelas": "Cukup Tinggi", "SKOR_LONGSOR": 4 }, "geometry": { "type": "MultiPolygon", "coordinates": [ [ [ [ 110.4346848, -7.9663465 ], [ 110.434117140874193, -7.965738388272406 ], [ 110.434714322852741, -7.965738388272406 ], [ 110.434714322852741, -7.966360172800052 ], [ 110.4346848, -7.9663465 ] ] ] ] } },
{ "type": "Feature", "properties": { "Kelas": "Cukup Rendah", "SKOR_LONGSOR": 2 }, "geometry": { "type": "MultiPolygon", "coordinates": [ [ [ [ 110.434714322852741, -7.966360172800052 ], [ 110.434714322852741, -7.965738388272406 ], [ 110.436510953420978, -7.965738388272406 ], [ 110.436510953420978, -7.96663391545246 ], [ 110.435305398856585, -7.96663391545246 ], [ 110.434714322852741, -7.966360172800052 ] ] ] ] } },
{ "type": "Feature", "properties": { "Kelas": "Cukup Tinggi", "SKOR_LONGSOR": 4 }, "geometry": { "type": "MultiPolygon", "coordinates": [ [ [ [ 110.436510953420978, -7.966789129804874 ], [ 110.436510953420978, -7.965738388272406 ], [ 110.439205899273333, -7.965738388272406 ], [ 110.439205899273333, -7.964842859108003 ], [ 110.441002529841569, -7.964842859108003 ], [ 110.441002529841569, -7.963051794827043 ], [ 110.442799160409805, -7.963051794827043 ], [ 110.442799160409805, -7.964842859108003 ], [ 110.441900845125701, -7.964842859108003 ], [ 110.441900845125701, -7.965738388272406 ], [ 110.441002529841569, -7.965738388272406 ], [ 110.441002529841569, -7.96663391545246 ], [ 110.437409268705096, -7.96663391545246 ], [ 110.437409268705096, -7.966858989080853 ], [ 110.436510953420978, -7.966789129804874 ] ] ] ] } },
{ "type": "Feature", "properties": { "Kelas": "Cukup Rendah", "SKOR_LONGSOR": 2 }, "geometry": { "type": "MultiPolygon", "coordinates": [ [ [ [ 110.441002529841569, -7.965738388272406 ], [ 110.441900845125701, -7.965738388272406 ], [ 110.441900845125701, -7.96663391545246 ], [ 110.441002529841569, -7.96663391545246 ], [ 110.441002529841569, -7.965738388272406 ] ] ] ] } },
{ "type": "Feature", "properties": { "Kelas": "Cukup Rendah", "SKOR_LONGSOR": 2 }, "geometry": { "type": "MultiPolygon", "coordinates": [ [ [ [ 110.469748618933409, -7.965738388272406 ], [ 110.470646934217513, -7.965738388272406 ], [ 110.470646934217513, -7.96663391545246 ], [ 110.469748618933409, -7.96663391545246 ], [ 110.469748618933409, -7.965738388272406 ] ] ] ] } },
{ "type": "Feature", "properties": { "Kelas": "Cukup Rendah", "SKOR_LONGSOR": 2 }, "geometry": { "type": "MultiPolygon", "coordinates": [ [ [ [ 110.361950784839067, -7.96663391545246 ], [ 110.362849100123171, -7.96663391545246 ], [ 110.362849100123171, -7.967529440647958 ], [ 110.361950784839067, -7.967529440647958 ], [ 110.361950784839067, -7.96663391545246 ] ] ] ] } },
{ "type": "Feature", "properties": { "Kelas": "Sedang", "SKOR_LONGSOR": 3 }, "geometry": { "type": "MultiPolygon", "coordinates": [ [ [ [ 110.369137307112013, -7.96663391545246 ], [ 110.370035622396131, -7.96663391545246 ], [ 110.370035622396131, -7.967529440647958 ], [ 110.369137307112013, -7.967529440647958 ], [ 110.369137307112013, -7.96663391545246 ] ] ] ] } },
{ "type": "Feature", "properties": { "Kelas": "Sedang", "SKOR_LONGSOR": 3 }, "geometry": { "type": "MultiPolygon", "coordinates": [ [ [ [ 110.371832252964367, -7.96663391545246 ], [ 110.3727305682485, -7.96663391545246 ], [ 110.3727305682485, -7.967529440647958 ], [ 110.371832252964367, -7.967529440647958 ], [ 110.371832252964367, -7.96663391545246 ] ] ] ] } },
{ "type": "Feature", "properties": { "Kelas": "Cukup Tinggi", "SKOR_LONGSOR": 4 }, "geometry": { "type": "MultiPolygon", "coordinates": [ [ [ [ 110.373628883532604, -7.96663391545246 ], [ 110.374527198816736, -7.96663391545246 ], [ 110.374527198816736, -7.967529440647958 ], [ 110.373628883532604, -7.967529440647958 ], [ 110.373628883532604, -7.96663391545246 ] ] ] ] } },
{ "type": "Feature", "properties": { "Kelas": "Tinggi", "SKOR_LONGSOR": 0 }, "geometry": { "type": "MultiPolygon", "coordinates": [ [ [ [ 110.394290135067365, -7.96663391545246 ], [ 110.395188450351469, -7.96663391545246 ], [ 110.395188450351469, -7.967529440647958 ], [ 110.394290135067365, -7.967529440647958 ], [ 110.394290135067365, -7.96663391545246 ] ] ] ] } },
{ "type": "Feature", "properties": { "Kelas": "Sedang", "SKOR_LONGSOR": 3 }, "geometry": { "type": "MultiPolygon", "coordinates": [ [ [ [ 110.396086765635602, -7.96663391545246 ], [ 110.397883396203838, -7.96663391545246 ], [ 110.397883396203838, -7.967529440647958 ], [ 110.396086765635602, -7.967529440647958 ], [ 110.396086765635602, -7.96663391545246 ] ] ] ] } },
{ "type": "Feature", "properties": { "Kelas": "Cukup Tinggi", "SKOR_LONGSOR": 4 }, "geometry": { "type": "MultiPolygon", "coordinates": [ [ [ [ 110.397883396203838, -7.96663391545246 ], [ 110.399680026772074, -7.96663391545246 ], [ 110.399680026772074, -7.967529440647958 ], [ 110.397883396203838, -7.967529440647958 ], [ 110.397883396203838, -7.96663391545246 ] ] ] ] } },
{ "type": "Feature", "properties": { "Kelas": "Sedang", "SKOR_LONGSOR": 3 }, "geometry": { "type": "MultiPolygon", "coordinates": [ [ [ [ 110.413154756033876, -7.96663391545246 ], [ 110.414053071317994, -7.96663391545246 ], [ 110.414053071317994, -7.967529440647958 ], [ 110.413154756033876, -7.967529440647958 ], [ 110.413154756033876, -7.96663391545246 ] ] ] ] } },
{ "type": "Feature", "properties": { "Kelas": "Sedang", "SKOR_LONGSOR": 3 }, "geometry": { "type": "MultiPolygon", "coordinates": [ [ [ [ 110.419442963022703, -7.96663391545246 ], [ 110.420341278306836, -7.96663391545246 ], [ 110.420341278306836, -7.96842496385868 ], [ 110.419442963022703, -7.96842496385868 ], [ 110.419442963022703, -7.96663391545246 ] ] ] ] } },
{ "type": "Feature", "properties": { "Kelas": "Sangat Rendah", "SKOR_LONGSOR": 1 }, "geometry": { "type": "MultiPolygon", "coordinates": [ [ [ [ 110.42123959359094, -7.96663391545246 ], [ 110.422137908875072, -7.96663391545246 ], [ 110.422137908875072, -7.967529440647958 ], [ 110.42123959359094, -7.967529440647958 ], [ 110.42123959359094, -7.96663391545246 ] ] ] ] } },
{ "type": "Feature", "properties": { "Kelas": "Cukup Rendah", "SKOR_LONGSOR": 2 }, "geometry": { "type": "MultiPolygon", "coordinates": [ [ [ [ 110.4382401, -7.9669807 ], [ 110.4374467, -7.9668619 ], [ 110.437409268705096, -7.966858989080853 ], [ 110.437409268705096, -7.96663391545246 ], [ 110.438307583989214, -7.96663391545246 ], [ 110.438307583989214, -7.966991690265466 ], [ 110.4382401, -7.9669807 ] ] ] ] } },
{ "type": "Feature", "properties": { "Kelas": "Sangat Rendah", "SKOR_LONGSOR": 1 }, "geometry": { "type": "MultiPolygon", "coordinates": [ [ [ [ 110.4443361, -7.9628564 ], [ 110.444214, -7.964194 ], [ 110.4441378, -7.9650203 ], [ 110.4440996, -7.9656106 ], [ 110.4438555, -7.9662401 ], [ 110.443604493601214, -7.96663391545246 ], [ 110.442799160409805, -7.96663391545246 ], [ 110.442799160409805, -7.96718614721464 ], [ 110.442116, -7.9673792 ], [ 110.4410139, -7.9674574 ], [ 110.440999, -7.9674584 ], [ 110.4394608, -7.9671795 ], [ 110.438307583989214, -7.966991690265466 ], [ 110.438307583989214, -7.96663391545246 ], [ 110.441900845125701, -7.96663391545246 ], [ 110.441900845125701, -7.964842859108003 ], [ 110.442799160409805, -7.964842859108003 ], [ 110.442799160409805, -7.963947327959476 ], [ 110.443697475693938, -7.963947327959476 ], [ 110.443697475693938, -7.962156259710917 ], [ 110.444419010049756, -7.962156259710917 ], [ 110.4443361, -7.9628564 ] ] ] ] } },
{ "type": "Feature", "properties": { "Kelas": "Cukup Rendah", "SKOR_LONGSOR": 2 }, "geometry": { "type": "MultiPolygon", "coordinates": [ [ [ [ 110.4645082, -7.9666921 ], [ 110.464649067851937, -7.96663391545246 ], [ 110.466290554664326, -7.96663391545246 ], [ 110.4666368, -7.9668333 ], [ 110.46705367308104, -7.966870968821256 ], [ 110.46705367308104, -7.967529440647958 ], [ 110.464358727228685, -7.967529440647958 ], [ 110.464358727228685, -7.966780735418546 ], [ 110.4645082, -7.9666921 ] ] ] ] } },
{ "type": "Feature", "properties": { "Kelas": "Cukup Rendah", "SKOR_LONGSOR": 2 }, "geometry": { "type": "MultiPolygon", "coordinates": [ [ [ [ 110.468850303649276, -7.96663391545246 ], [ 110.469748618933409, -7.96663391545246 ], [ 110.469748618933409, -7.967529440647958 ], [ 110.468850303649276, -7.967529440647958 ], [ 110.468850303649276, -7.96663391545246 ] ] ] ] } },
{ "type": "Feature", "properties": { "Kelas": "Cukup Tinggi", "SKOR_LONGSOR": 4 }, "geometry": { "type": "MultiPolygon", "coordinates": [ [ [ [ 110.3727305682485, -7.967529440647958 ], [ 110.373628883532604, -7.967529440647958 ], [ 110.373628883532604, -7.96842496385868 ], [ 110.3727305682485, -7.96842496385868 ], [ 110.3727305682485, -7.967529440647958 ] ] ] ] } },
{ "type": "Feature", "properties": { "Kelas": "Cukup Rendah", "SKOR_LONGSOR": 2 }, "geometry": { "type": "MultiPolygon", "coordinates": [ [ [ [ 110.3826120363738, -7.967529440647958 ], [ 110.383510351657932, -7.967529440647958 ], [ 110.383510351657932, -7.96842496385868 ], [ 110.3826120363738, -7.96842496385868 ], [ 110.3826120363738, -7.967529440647958 ] ] ] ] } },
{ "type": "Feature", "properties": { "Kelas": "Sedang", "SKOR_LONGSOR": 3 }, "geometry": { "type": "MultiPolygon", "coordinates": [ [ [ [ 110.414951386602112, -7.967529440647958 ], [ 110.415849701886231, -7.967529440647958 ], [ 110.415849701886231, -7.96842496385868 ], [ 110.414951386602112, -7.96842496385868 ], [ 110.414951386602112, -7.967529440647958 ] ] ] ] } },
{ "type": "Feature", "properties": { "Kelas": "Sedang", "SKOR_LONGSOR": 3 }, "geometry": { "type": "MultiPolygon", "coordinates": [ [ [ [ 110.464358727228685, -7.967529440647958 ], [ 110.465257042512803, -7.967529440647958 ], [ 110.465257042512803, -7.96842496385868 ], [ 110.464358727228685, -7.96842496385868 ], [ 110.464358727228685, -7.967529440647958 ] ] ] ] } },
{ "type": "Feature", "properties": { "Kelas": "Cukup Tinggi", "SKOR_LONGSOR": 4 }, "geometry": { "type": "MultiPolygon", "coordinates": [ [ [ [ 110.4660646, -7.9665038 ], [ 110.466290554664326, -7.96663391545246 ], [ 110.464649067851937, -7.96663391545246 ], [ 110.4651338, -7.9664337 ], [ 110.4655687, -7.966365 ], [ 110.4660646, -7.9665038 ] ] ], [ [ [ 110.4684526, -7.9647943 ], [ 110.4686815, -7.964554 ], [ 110.4693605, -7.9642021 ], [ 110.469748618933409, -7.963998502581662 ], [ 110.469748618933409, -7.96663391545246 ], [ 110.468850303649276, -7.96663391545246 ], [ 110.468850303649276, -7.967529440647958 ], [ 110.467951988365172, -7.967529440647958 ], [ 110.467951988365172, -7.96842496385868 ], [ 110.465257042512803, -7.96842496385868 ], [ 110.465257042512803, -7.967529440647958 ], [ 110.46705367308104, -7.967529440647958 ], [ 110.46705367308104, -7.966870968821256 ], [ 110.4672167, -7.9668857 ], [ 110.4677507, -7.9665581 ], [ 110.4679643, -7.9660222 ], [ 110.4682543, -7.9652797 ], [ 110.4684526, -7.9647943 ] ] ], [ [ [ 110.4665733, -7.9603828 ], [ 110.466531990312632, -7.960365183528459 ], [ 110.46705367308104, -7.960365183528459 ], [ 110.46705367308104, -7.960608041113005 ], [ 110.4665733, -7.9603828 ] ] ] ] } },
{ "type": "Feature", "properties": { "Kelas": "Cukup Rendah", "SKOR_LONGSOR": 2 }, "geometry": { "type": "MultiPolygon", "coordinates": [ [ [ [ 110.467951988365172, -7.967529440647958 ], [ 110.468850303649276, -7.967529440647958 ], [ 110.468850303649276, -7.96842496385868 ], [ 110.467951988365172, -7.96842496385868 ], [ 110.467951988365172, -7.967529440647958 ] ] ] ] } },
{ "type": "Feature", "properties": { "Kelas": "Sangat Rendah", "SKOR_LONGSOR": 1 }, "geometry": { "type": "MultiPolygon", "coordinates": [ [ [ [ 110.468850303649276, -7.967529440647958 ], [ 110.469748618933409, -7.967529440647958 ], [ 110.469748618933409, -7.96842496385868 ], [ 110.468850303649276, -7.96842496385868 ], [ 110.468850303649276, -7.967529440647958 ] ] ] ] } },
{ "type": "Feature", "properties": { "Kelas": "Cukup Tinggi", "SKOR_LONGSOR": 4 }, "geometry": { "type": "MultiPolygon", "coordinates": [ [ [ [ 110.386205297510273, -7.954991907395059 ], [ 110.384408666942036, -7.954991907395059 ], [ 110.384408666942036, -7.956783007368792 ], [ 110.383510351657932, -7.956783007368792 ], [ 110.383510351657932, -7.955887458372901 ], [ 110.381713721089696, -7.955887458372901 ], [ 110.381713721089696, -7.956783007368792 ], [ 110.380815405805564, -7.956783007368792 ], [ 110.380815405805564, -7.95767855438251 ], [ 110.381713721089696, -7.95767855438251 ], [ 110.381713721089696, -7.961260722611314 ], [ 110.379917090521445, -7.961260722611314 ], [ 110.379917090521445, -7.962156259710917 ], [ 110.379018775237327, -7.962156259710917 ], [ 110.379018775237327, -7.964842859108003 ], [ 110.378120459953209, -7.964842859108003 ], [ 110.378120459953209, -7.965738388272406 ], [ 110.376323829384972, -7.965738388272406 ], [ 110.376323829384972, -7.963051794827043 ], [ 110.37542551410084, -7.963051794827043 ], [ 110.37542551410084, -7.964842859108003 ], [ 110.373628883532604, -7.964842859108003 ], [ 110.373628883532604, -7.96663391545246 ], [ 110.370933937680263, -7.96663391545246 ], [ 110.370933937680263, -7.967529440647958 ], [ 110.370035622396131, -7.967529440647958 ], [ 110.370035622396131, -7.963051794827043 ], [ 110.368238991827894, -7.963051794827043 ], [ 110.368238991827894, -7.963947327959476 ], [ 110.367340676543776, -7.963947327959476 ], [ 110.367340676543776, -7.963051794827043 ], [ 110.363747415407303, -7.963051794827043 ], [ 110.363747415407303, -7.964842859108003 ], [ 110.362849100123171, -7.964842859108003 ], [ 110.362849100123171, -7.965738388272406 ], [ 110.361950784839067, -7.965738388272406 ], [ 110.361950784839067, -7.967529440647958 ], [ 110.36015415427083, -7.967529440647958 ], [ 110.36015415427083, -7.971111521580011 ], [ 110.359255838986698, -7.971111521580011 ], [ 110.359255838986698, -7.96663391545246 ], [ 110.35835752370258, -7.96663391545246 ], [ 110.35835752370258, -7.964842859108003 ], [ 110.359255838986698, -7.964842859108003 ], [ 110.359255838986698, -7.963947327959476 ], [ 110.35835752370258, -7.963947327959476 ], [ 110.35835752370258, -7.961260722611314 ], [ 110.359255838986698, -7.961260722611314 ], [ 110.359255838986698, -7.959469642462557 ], [ 110.362849100123171, -7.959469642462557 ], [ 110.362849100123171, -7.960365183528459 ], [ 110.361950784839067, -7.960365183528459 ], [ 110.361950784839067, -7.961260722611314 ], [ 110.364645730691407, -7.961260722611314 ], [ 110.364645730691407, -7.960365183528459 ], [ 110.36554404597554, -7.960365183528459 ], [ 110.36554404597554, -7.959469642462557 ], [ 110.366442361259658, -7.959469642462557 ], [ 110.366442361259658, -7.961260722611314 ], [ 110.367340676543776, -7.961260722611314 ], [ 110.367340676543776, -7.958574099413836 ], [ 110.368238991827894, -7.958574099413836 ], [ 110.368238991827894, -7.960365183528459 ], [ 110.369137307112013, -7.960365183528459 ], [ 110.369137307112013, -7.961260722611314 ], [ 110.368238991827894, -7.961260722611314 ], [ 110.368238991827894, -7.962156259710917 ], [ 110.370933937680263, -7.962156259710917 ], [ 110.370933937680263, -7.961260722611314 ], [ 110.371832252964367, -7.961260722611314 ], [ 110.371832252964367, -7.960365183528459 ], [ 110.3727305682485, -7.960365183528459 ], [ 110.3727305682485, -7.962156259710917 ], [ 110.37542551410084, -7.962156259710917 ], [ 110.37542551410084, -7.961260722611314 ], [ 110.374527198816736, -7.961260722611314 ], [ 110.374527198816736, -7.960365183528459 ], [ 110.376323829384972, -7.960365183528459 ], [ 110.376323829384972, -7.961260722611314 ], [ 110.377222144669091, -7.961260722611314 ], [ 110.377222144669091, -7.960365183528459 ], [ 110.378120459953209, -7.960365183528459 ], [ 110.378120459953209, -7.959469642462557 ], [ 110.379917090521445, -7.959469642462557 ], [ 110.379917090521445, -7.955887458372901 ], [ 110.380815405805564, -7.955887458372901 ], [ 110.380815405805564, -7.954096354435476 ], [ 110.381713721089696, -7.954096354435476 ], [ 110.381713721089696, -7.953200799494374 ], [ 110.386205297510273, -7.953200799494374 ], [ 110.386205297510273, -7.954991907395059 ] ], [ [ 110.361950784839067, -7.963947327959476 ], [ 110.36015415427083, -7.963947327959476 ], [ 110.36015415427083, -7.965738388272406 ], [ 110.361950784839067, -7.965738388272406 ], [ 110.361950784839067, -7.963947327959476 ] ] ] ] } },
{ "type": "Feature", "properties": { "Kelas": "Tinggi", "SKOR_LONGSOR": 0 }, "geometry": { "type": "MultiPolygon", "coordinates": [ [ [ [ 110.403273287908561, -7.96896686726749 ], [ 110.403273287908561, -7.967529440647958 ], [ 110.402374972624443, -7.967529440647958 ], [ 110.402374972624443, -7.96663391545246 ], [ 110.405069918476798, -7.96663391545246 ], [ 110.405069918476798, -7.967529440647958 ], [ 110.40417160319268, -7.967529440647958 ], [ 110.40417160319268, -7.969144996759152 ], [ 110.403273287908561, -7.96896686726749 ] ] ] ] } },
{ "type": "Feature", "properties": { "Kelas": "Sedang", "SKOR_LONGSOR": 3 }, "geometry": { "type": "MultiPolygon", "coordinates": [ [ [ [ 110.35835752370258, -7.967529440647958 ], [ 110.359255838986698, -7.967529440647958 ], [ 110.359255838986698, -7.969320485084405 ], [ 110.35835752370258, -7.969320485084405 ], [ 110.35835752370258, -7.967529440647958 ] ] ] ] } },
{ "type": "Feature", "properties": { "Kelas": "Cukup Tinggi", "SKOR_LONGSOR": 4 }, "geometry": { "type": "MultiPolygon", "coordinates": [ [ [ [ 110.362849100123171, -7.965738388272406 ], [ 110.363747415407303, -7.965738388272406 ], [ 110.363747415407303, -7.96663391545246 ], [ 110.364645730691407, -7.96663391545246 ], [ 110.364645730691407, -7.965738388272406 ], [ 110.36554404597554, -7.965738388272406 ], [ 110.36554404597554, -7.96663391545246 ], [ 110.369137307112013, -7.96663391545246 ], [ 110.369137307112013, -7.967529440647958 ], [ 110.370035622396131, -7.967529440647958 ], [ 110.370035622396131, -7.969320485084405 ], [ 110.369137307112013, -7.969320485084405 ], [ 110.369137307112013, -7.970216004324921 ], [ 110.368238991827894, -7.970216004324921 ], [ 110.368238991827894, -7.971111521580011 ], [ 110.367340676543776, -7.971111521580011 ], [ 110.367340676543776, -7.972007036849451 ], [ 110.366442361259658, -7.972007036849451 ], [ 110.366442361259658, -7.969320485084405 ], [ 110.36554404597554, -7.969320485084405 ], [ 110.36554404597554, -7.970216004324921 ], [ 110.364645730691407, -7.970216004324921 ], [ 110.364645730691407, -7.972902550133032 ], [ 110.363747415407303, -7.972902550133032 ], [ 110.363747415407303, -7.971111521580011 ], [ 110.361950784839067, -7.971111521580011 ], [ 110.361950784839067, -7.967529440647958 ], [ 110.362849100123171, -7.967529440647958 ], [ 110.362849100123171, -7.965738388272406 ] ] ] ] } },
{ "type": "Feature", "properties": { "Kelas": "Cukup Rendah", "SKOR_LONGSOR": 2 }, "geometry": { "type": "MultiPolygon", "coordinates": [ [ [ [ 110.399661312665145, -7.969320485084405 ], [ 110.398781711487956, -7.969320485084405 ], [ 110.398781711487956, -7.96842496385868 ], [ 110.39698508091972, -7.96842496385868 ], [ 110.39698508091972, -7.967529440647958 ], [ 110.399680026772074, -7.967529440647958 ], [ 110.399680026772074, -7.969314102458532 ], [ 110.399661312665145, -7.969320485084405 ] ] ] ] } },
{ "type": "Feature", "properties": { "Kelas": "Tinggi", "SKOR_LONGSOR": 0 }, "geometry": { "type": "MultiPolygon", "coordinates": [ [ [ [ 110.405968233760916, -7.967529440647958 ], [ 110.407764864329152, -7.967529440647958 ], [ 110.407764864329152, -7.969320485084405 ], [ 110.405968233760916, -7.969320485084405 ], [ 110.405968233760916, -7.967529440647958 ] ] ] ] } },
{ "type": "Feature", "properties": { "Kelas": "Cukup Rendah", "SKOR_LONGSOR": 2 }, "geometry": { "type": "MultiPolygon", "coordinates": [ [ [ [ 110.4435045, -7.9667908 ], [ 110.4429476, -7.9671442 ], [ 110.442799160409805, -7.96718614721464 ], [ 110.442799160409805, -7.96663391545246 ], [ 110.443604493601214, -7.96663391545246 ], [ 110.4435045, -7.9667908 ] ] ] ] } },
{ "type": "Feature", "properties": { "Kelas": "Cukup Tinggi", "SKOR_LONGSOR": 4 }, "geometry": { "type": "MultiPolygon", "coordinates": [ [ [ [ 110.463460411944567, -7.96757913267104 ], [ 110.463460411944567, -7.968517062801625 ], [ 110.4633943, -7.9684536 ], [ 110.4633562, -7.9680215 ], [ 110.463460411944567, -7.96757913267104 ] ] ], [ [ [ 110.464358727228685, -7.966780735418546 ], [ 110.464358727228685, -7.967529440647958 ], [ 110.463472118284557, -7.967529440647958 ], [ 110.4634783, -7.9675032 ], [ 110.4638979, -7.967054 ], [ 110.464358727228685, -7.966780735418546 ] ] ] ] } },
{ "type": "Feature", "properties": { "Kelas": "Cukup Rendah", "SKOR_LONGSOR": 2 }, "geometry": { "type": "MultiPolygon", "coordinates": [ [ [ [ 110.465257042512803, -7.969320485084405 ], [ 110.465257042512803, -7.969652790373884 ], [ 110.4648821, -7.9695274 ], [ 110.464527777279841, -7.969320485084405 ], [ 110.465257042512803, -7.969320485084405 ] ] ], [ [ [ 110.463460411944567, -7.968517062801625 ], [ 110.463460411944567, -7.96757913267104 ], [ 110.463472118284557, -7.967529440647958 ], [ 110.464358727228685, -7.967529440647958 ], [ 110.464358727228685, -7.969221764412332 ], [ 110.464348, -7.9692155 ], [ 110.4637911, -7.9688345 ], [ 110.463460411944567, -7.968517062801625 ] ] ] ] } },
{ "type": "Feature", "properties": { "Kelas": "Cukup Tinggi", "SKOR_LONGSOR": 4 }, "geometry": { "type": "MultiPolygon", "coordinates": [ [ [ [ 110.373628883532604, -7.96842496385868 ], [ 110.374527198816736, -7.96842496385868 ], [ 110.374527198816736, -7.969320485084405 ], [ 110.373628883532604, -7.969320485084405 ], [ 110.373628883532604, -7.96842496385868 ] ] ] ] } },
{ "type": "Feature", "properties": { "Kelas": "Sangat Rendah", "SKOR_LONGSOR": 1 }, "geometry": { "type": "MultiPolygon", "coordinates": [ [ [ [ 110.374527198816736, -7.96842496385868 ], [ 110.37542551410084, -7.96842496385868 ], [ 110.37542551410084, -7.969320485084405 ], [ 110.374527198816736, -7.969320485084405 ], [ 110.374527198816736, -7.96842496385868 ] ] ] ] } },
{ "type": "Feature", "properties": { "Kelas": "Cukup Tinggi", "SKOR_LONGSOR": 4 }, "geometry": { "type": "MultiPolygon", "coordinates": [ [ [ [ 110.383510351657932, -7.967529440647958 ], [ 110.384408666942036, -7.967529440647958 ], [ 110.384408666942036, -7.970216004324921 ], [ 110.383510351657932, -7.970216004324921 ], [ 110.383510351657932, -7.969320485084405 ], [ 110.3826120363738, -7.969320485084405 ], [ 110.3826120363738, -7.96842496385868 ], [ 110.383510351657932, -7.96842496385868 ], [ 110.383510351657932, -7.967529440647958 ] ] ] ] } },
{ "type": "Feature", "properties": { "Kelas": "Tinggi", "SKOR_LONGSOR": 0 }, "geometry": { "type": "MultiPolygon", "coordinates": [ [ [ [ 110.4002251, -7.9691282 ], [ 110.399680026772074, -7.969314102458532 ], [ 110.399680026772074, -7.96842496385868 ], [ 110.400578342056193, -7.96842496385868 ], [ 110.400578342056193, -7.969092170723181 ], [ 110.4002251, -7.9691282 ] ] ] ] } },
{ "type": "Feature", "properties": { "Kelas": "Cukup Tinggi", "SKOR_LONGSOR": 4 }, "geometry": { "type": "MultiPolygon", "coordinates": [ [ [ [ 110.407764864329152, -7.96842496385868 ], [ 110.408663179613271, -7.96842496385868 ], [ 110.408663179613271, -7.969320485084405 ], [ 110.407764864329152, -7.969320485084405 ], [ 110.407764864329152, -7.96842496385868 ] ] ] ] } },
{ "type": "Feature", "properties": { "Kelas": "Cukup Tinggi", "SKOR_LONGSOR": 4 }, "geometry": { "type": "MultiPolygon", "coordinates": [ [ [ [ 110.414951386602112, -7.96842496385868 ], [ 110.415849701886231, -7.96842496385868 ], [ 110.415849701886231, -7.969320485084405 ], [ 110.414951386602112, -7.969320485084405 ], [ 110.414951386602112, -7.96842496385868 ] ] ] ] } },
{ "type": "Feature", "properties": { "Kelas": "Cukup Rendah", "SKOR_LONGSOR": 2 }, "geometry": { "type": "MultiPolygon", "coordinates": [ [ [ [ 110.4246845, -7.9723466 ], [ 110.4237079, -7.9727014 ], [ 110.423258954144757, -7.972902550133032 ], [ 110.423036224159176, -7.972902550133032 ], [ 110.423036224159176, -7.971111521580011 ], [ 110.42123959359094, -7.971111521580011 ], [ 110.42123959359094, -7.970216004324921 ], [ 110.420341278306836, -7.970216004324921 ], [ 110.420341278306836, -7.969320485084405 ], [ 110.419442963022703, -7.969320485084405 ], [ 110.419442963022703, -7.96842496385868 ], [ 110.420341278306836, -7.96842496385868 ], [ 110.420341278306836, -7.96663391545246 ], [ 110.42123959359094, -7.96663391545246 ], [ 110.42123959359094, -7.967529440647958 ], [ 110.422137908875072, -7.967529440647958 ], [ 110.422137908875072, -7.969320485084405 ], [ 110.423036224159176, -7.969320485084405 ], [ 110.423036224159176, -7.970216004324921 ], [ 110.424832854727427, -7.970216004324921 ], [ 110.424832854727427, -7.972266655495407 ], [ 110.4246845, -7.9723466 ] ] ] ] } },
{ "type": "Feature", "properties": { "Kelas": "Cukup Tinggi", "SKOR_LONGSOR": 4 }, "geometry": { "type": "MultiPolygon", "coordinates": [ [ [ [ 110.464358727228685, -7.969221764412332 ], [ 110.464358727228685, -7.96842496385868 ], [ 110.465257042512803, -7.96842496385868 ], [ 110.465257042512803, -7.969320485084405 ], [ 110.464527777279841, -7.969320485084405 ], [ 110.464358727228685, -7.969221764412332 ] ] ] ] } },
{ "type": "Feature", "properties": { "Kelas": "Cukup Rendah", "SKOR_LONGSOR": 2 }, "geometry": { "type": "MultiPolygon", "coordinates": [ [ [ [ 110.465257042512803, -7.96842496385868 ], [ 110.466155357796922, -7.96842496385868 ], [ 110.466155357796922, -7.969320485084405 ], [ 110.465257042512803, -7.969320485084405 ], [ 110.465257042512803, -7.96842496385868 ] ] ] ] } },
{ "type": "Feature", "properties": { "Kelas": "Sangat Rendah", "SKOR_LONGSOR": 1 }, "geometry": { "type": "MultiPolygon", "coordinates": [ [ [ [ 110.35835752370258, -7.969320485084405 ], [ 110.359255838986698, -7.969320485084405 ], [ 110.359255838986698, -7.971111521580011 ], [ 110.35835752370258, -7.971111521580011 ], [ 110.35835752370258, -7.969320485084405 ] ] ] ] } },
{ "type": "Feature", "properties": { "Kelas": "Sedang", "SKOR_LONGSOR": 3 }, "geometry": { "type": "MultiPolygon", "coordinates": [ [ [ [ 110.36554404597554, -7.969320485084405 ], [ 110.366442361259658, -7.969320485084405 ], [ 110.366442361259658, -7.970216004324921 ], [ 110.36554404597554, -7.970216004324921 ], [ 110.36554404597554, -7.969320485084405 ] ] ] ] } },
{ "type": "Feature", "properties": { "Kelas": "Cukup Rendah", "SKOR_LONGSOR": 2 }, "geometry": { "type": "MultiPolygon", "coordinates": [ [ [ [ 110.37542551410084, -7.969320485084405 ], [ 110.376323829384972, -7.969320485084405 ], [ 110.376323829384972, -7.970216004324921 ], [ 110.37542551410084, -7.970216004324921 ], [ 110.37542551410084, -7.969320485084405 ] ] ] ] } },
{ "type": "Feature", "properties": { "Kelas": "Tinggi", "SKOR_LONGSOR": 0 }, "geometry": { "type": "MultiPolygon", "coordinates": [ [ [ [ 110.3974146, -7.9699001 ], [ 110.3971222, -7.9699058 ], [ 110.3971211, -7.9699035 ], [ 110.3967897, -7.969808 ], [ 110.39642, -7.9697961 ], [ 110.3966065, -7.9700167 ], [ 110.3968921, -7.9701387 ], [ 110.397020073853724, -7.970216004324921 ], [ 110.395188450351469, -7.970216004324921 ], [ 110.395188450351469, -7.969320485084405 ], [ 110.396086765635602, -7.969320485084405 ], [ 110.396086765635602, -7.96842496385868 ], [ 110.39698508091972, -7.96842496385868 ], [ 110.39698508091972, -7.969320485084405 ], [ 110.397883396203838, -7.969320485084405 ], [ 110.397883396203838, -7.969809093825187 ], [ 110.3974146, -7.9699001 ] ] ] ] } },
{ "type": "Feature", "properties": { "Kelas": "Tinggi", "SKOR_LONGSOR": 0 }, "geometry": { "type": "MultiPolygon", "coordinates": [ [ [ [ 110.4058046, -7.9698796 ], [ 110.404769406184627, -7.969320485084405 ], [ 110.405968233760916, -7.969320485084405 ], [ 110.405968233760916, -7.969988685571265 ], [ 110.4058046, -7.9698796 ] ] ] ] } },
{ "type": "Feature", "properties": { "Kelas": "Tinggi", "SKOR_LONGSOR": 0 }, "geometry": { "type": "MultiPolygon", "coordinates": [ [ [ [ 110.407764864329152, -7.969320485084405 ], [ 110.408663179613271, -7.969320485084405 ], [ 110.408663179613271, -7.971111521580011 ], [ 110.407764864329152, -7.971111521580011 ], [ 110.407764864329152, -7.969320485084405 ] ] ] ] } },
{ "type": "Feature", "properties": { "Kelas": "Sedang", "SKOR_LONGSOR": 3 }, "geometry": { "type": "MultiPolygon", "coordinates": [ [ [ [ 110.408663179613271, -7.969320485084405 ], [ 110.409561494897403, -7.969320485084405 ], [ 110.409561494897403, -7.970216004324921 ], [ 110.408663179613271, -7.970216004324921 ], [ 110.408663179613271, -7.969320485084405 ] ] ] ] } },
{ "type": "Feature", "properties": { "Kelas": "Sedang", "SKOR_LONGSOR": 3 }, "geometry": { "type": "MultiPolygon", "coordinates": [ [ [ [ 110.413154756033876, -7.969320485084405 ], [ 110.414053071317994, -7.969320485084405 ], [ 110.414053071317994, -7.970216004324921 ], [ 110.413154756033876, -7.970216004324921 ], [ 110.413154756033876, -7.969320485084405 ] ] ] ] } },
{ "type": "Feature", "properties": { "Kelas": "Sedang", "SKOR_LONGSOR": 3 }, "geometry": { "type": "MultiPolygon", "coordinates": [ [ [ [ 110.417646332454467, -7.969320485084405 ], [ 110.418544647738585, -7.969320485084405 ], [ 110.418544647738585, -7.970216004324921 ], [ 110.417646332454467, -7.970216004324921 ], [ 110.417646332454467, -7.969320485084405 ] ] ] ] } },
{ "type": "Feature", "properties": { "Kelas": "Cukup Tinggi", "SKOR_LONGSOR": 4 }, "geometry": { "type": "MultiPolygon", "coordinates": [ [ [ [ 110.4668581, -7.9699213 ], [ 110.4666979, -7.9698435 ], [ 110.4664385, -7.9697973 ], [ 110.4661256, -7.9697968 ], [ 110.4658815, -7.9698273 ], [ 110.4654009, -7.9697009 ], [ 110.465257042512803, -7.969652790373884 ], [ 110.465257042512803, -7.969320485084405 ], [ 110.46705367308104, -7.969320485084405 ], [ 110.46705367308104, -7.970216004324921 ], [ 110.466969262799111, -7.970216004324921 ], [ 110.4668581, -7.9699213 ] ] ] ] } },
{ "type": "Feature", "properties": { "Kelas": "Cukup Rendah", "SKOR_LONGSOR": 2 }, "geometry": { "type": "MultiPolygon", "coordinates": [ [ [ [ 110.364645730691407, -7.970216004324921 ], [ 110.366442361259658, -7.970216004324921 ], [ 110.366442361259658, -7.971111521580011 ], [ 110.364645730691407, -7.971111521580011 ], [ 110.364645730691407, -7.970216004324921 ] ] ] ] } },
{ "type": "Feature", "properties": { "Kelas": "Cukup Tinggi", "SKOR_LONGSOR": 4 }, "geometry": { "type": "MultiPolygon", "coordinates": [ [ [ [ 110.369137307112013, -7.970216004324921 ], [ 110.370035622396131, -7.970216004324921 ], [ 110.370035622396131, -7.972007036849451 ], [ 110.369137307112013, -7.972007036849451 ], [ 110.369137307112013, -7.970216004324921 ] ] ] ] } },
{ "type": "Feature", "properties": { "Kelas": "Sedang", "SKOR_LONGSOR": 3 }, "geometry": { "type": "MultiPolygon", "coordinates": [ [ [ [ 110.371832252964367, -7.970216004324921 ], [ 110.3727305682485, -7.970216004324921 ], [ 110.3727305682485, -7.971111521580011 ], [ 110.371832252964367, -7.971111521580011 ], [ 110.371832252964367, -7.970216004324921 ] ] ] ] } },
{ "type": "Feature", "properties": { "Kelas": "Sangat Rendah", "SKOR_LONGSOR": 1 }, "geometry": { "type": "MultiPolygon", "coordinates": [ [ [ [ 110.3727305682485, -7.970216004324921 ], [ 110.373628883532604, -7.970216004324921 ], [ 110.373628883532604, -7.971111521580011 ], [ 110.3727305682485, -7.971111521580011 ], [ 110.3727305682485, -7.970216004324921 ] ] ] ] } },
{ "type": "Feature", "properties": { "Kelas": "Sangat Rendah", "SKOR_LONGSOR": 1 }, "geometry": { "type": "MultiPolygon", "coordinates": [ [ [ [ 110.374527198816736, -7.970216004324921 ], [ 110.37542551410084, -7.970216004324921 ], [ 110.37542551410084, -7.971111521580011 ], [ 110.374527198816736, -7.971111521580011 ], [ 110.374527198816736, -7.970216004324921 ] ] ] ] } },
{ "type": "Feature", "properties": { "Kelas": "Cukup Tinggi", "SKOR_LONGSOR": 4 }, "geometry": { "type": "MultiPolygon", "coordinates": [ [ [ [ 110.37542551410084, -7.970216004324921 ], [ 110.376323829384972, -7.970216004324921 ], [ 110.376323829384972, -7.971111521580011 ], [ 110.377222144669091, -7.971111521580011 ], [ 110.377222144669091, -7.972007036849451 ], [ 110.379018775237327, -7.972007036849451 ], [ 110.379018775237327, -7.973798061430529 ], [ 110.376323829384972, -7.973798061430529 ], [ 110.376323829384972, -7.972007036849451 ], [ 110.37542551410084, -7.972007036849451 ], [ 110.37542551410084, -7.970216004324921 ] ] ] ] } },
{ "type": "Feature", "properties": { "Kelas": "Sedang", "SKOR_LONGSOR": 3 }, "geometry": { "type": "MultiPolygon", "coordinates": [ [ [ [ 110.386205297510273, -7.970216004324921 ], [ 110.387103612794405, -7.970216004324921 ], [ 110.387103612794405, -7.972007036849451 ], [ 110.386205297510273, -7.972007036849451 ], [ 110.386205297510273, -7.970216004324921 ] ] ] ] } },
{ "type": "Feature", "properties": { "Kelas": "Tinggi", "SKOR_LONGSOR": 0 }, "geometry": { "type": "MultiPolygon", "coordinates": [ [ [ [ 110.4279194, -7.9705875 ], [ 110.4272785, -7.9710367 ], [ 110.427156715408273, -7.971111521580011 ], [ 110.426629485295663, -7.971111521580011 ], [ 110.426629485295663, -7.970216004324921 ], [ 110.428409824940758, -7.970216004324921 ], [ 110.4279194, -7.9705875 ] ] ] ] } },
{ "type": "Feature", "properties": { "Kelas": "Cukup Rendah", "SKOR_LONGSOR": 2 }, "geometry": { "type": "MultiPolygon", "coordinates": [ [ [ [ 110.35835752370258, -7.971111521580011 ], [ 110.359255838986698, -7.971111521580011 ], [ 110.359255838986698, -7.972007036849451 ], [ 110.35835752370258, -7.972007036849451 ], [ 110.35835752370258, -7.971111521580011 ] ] ] ] } },
{ "type": "Feature", "properties": { "Kelas": "Tinggi", "SKOR_LONGSOR": 0 }, "geometry": { "type": "MultiPolygon", "coordinates": [ [ [ [ 110.370035622396131, -7.971111521580011 ], [ 110.370933937680263, -7.971111521580011 ], [ 110.370933937680263, -7.972007036849451 ], [ 110.370035622396131, -7.972007036849451 ], [ 110.370035622396131, -7.971111521580011 ] ] ] ] } },
{ "type": "Feature", "properties": { "Kelas": "Sangat Rendah", "SKOR_LONGSOR": 1 }, "geometry": { "type": "MultiPolygon", "coordinates": [ [ [ [ 110.377222144669091, -7.971111521580011 ], [ 110.378120459953209, -7.971111521580011 ], [ 110.378120459953209, -7.972007036849451 ], [ 110.377222144669091, -7.972007036849451 ], [ 110.377222144669091, -7.971111521580011 ] ] ] ] } },
{ "type": "Feature", "properties": { "Kelas": "Sangat Rendah", "SKOR_LONGSOR": 1 }, "geometry": { "type": "MultiPolygon", "coordinates": [ [ [ [ 110.347577740293133, -7.972007036849451 ], [ 110.350272686145502, -7.972007036849451 ], [ 110.350272686145502, -7.972902550133032 ], [ 110.347577740293133, -7.972902550133032 ], [ 110.347577740293133, -7.972007036849451 ] ] ] ] } },
{ "type": "Feature", "properties": { "Kelas": "Sangat Rendah", "SKOR_LONGSOR": 1 }, "geometry": { "type": "MultiPolygon", "coordinates": [ [ [ [ 110.357459208418462, -7.972007036849451 ], [ 110.35835752370258, -7.972007036849451 ], [ 110.35835752370258, -7.973798061430529 ], [ 110.357459208418462, -7.973798061430529 ], [ 110.357459208418462, -7.972007036849451 ] ] ] ] } },
{ "type": "Feature", "properties": { "Kelas": "Sedang", "SKOR_LONGSOR": 3 }, "geometry": { "type": "MultiPolygon", "coordinates": [ [ [ [ 110.35835752370258, -7.972007036849451 ], [ 110.359255838986698, -7.972007036849451 ], [ 110.359255838986698, -7.972902550133032 ], [ 110.35835752370258, -7.972902550133032 ], [ 110.35835752370258, -7.972007036849451 ] ] ] ] } },
{ "type": "Feature", "properties": { "Kelas": "Cukup Tinggi", "SKOR_LONGSOR": 4 }, "geometry": { "type": "MultiPolygon", "coordinates": [ [ [ [ 110.370933937680263, -7.971111521580011 ], [ 110.373628883532604, -7.971111521580011 ], [ 110.373628883532604, -7.972902550133032 ], [ 110.3727305682485, -7.972902550133032 ], [ 110.3727305682485, -7.973798061430529 ], [ 110.371832252964367, -7.973798061430529 ], [ 110.371832252964367, -7.972902550133032 ], [ 110.370035622396131, -7.972902550133032 ], [ 110.370035622396131, -7.972007036849451 ], [ 110.370933937680263, -7.972007036849451 ], [ 110.370933937680263, -7.971111521580011 ] ] ] ] } },
{ "type": "Feature", "properties": { "Kelas": "Sangat Rendah", "SKOR_LONGSOR": 1 }, "geometry": { "type": "MultiPolygon", "coordinates": [ [ [ [ 110.374527198816736, -7.972007036849451 ], [ 110.37542551410084, -7.972007036849451 ], [ 110.37542551410084, -7.972902550133032 ], [ 110.374527198816736, -7.972902550133032 ], [ 110.374527198816736, -7.972007036849451 ] ] ] ] } },
{ "type": "Feature", "properties": { "Kelas": "Sedang", "SKOR_LONGSOR": 3 }, "geometry": { "type": "MultiPolygon", "coordinates": [ [ [ [ 110.393391819783233, -7.971111521580011 ], [ 110.394290135067365, -7.971111521580011 ], [ 110.394290135067365, -7.972902550133032 ], [ 110.392493504499129, -7.972902550133032 ], [ 110.392493504499129, -7.972007036849451 ], [ 110.393391819783233, -7.972007036849451 ], [ 110.393391819783233, -7.971111521580011 ] ] ] ] } },
{ "type": "Feature", "properties": { "Kelas": "Sedang", "SKOR_LONGSOR": 3 }, "geometry": { "type": "MultiPolygon", "coordinates": [ [ [ [ 110.4102752, -7.9723319 ], [ 110.409561494897403, -7.972171546693682 ], [ 110.409561494897403, -7.972007036849451 ], [ 110.410459810181507, -7.972007036849451 ], [ 110.410459810181507, -7.972281382080142 ], [ 110.4102752, -7.9723319 ] ] ] ] } },
{ "type": "Feature", "properties": { "Kelas": "Sedang", "SKOR_LONGSOR": 3 }, "geometry": { "type": "MultiPolygon", "coordinates": [ [ [ [ 110.4169177, -7.9724891 ], [ 110.4164829, -7.9723061 ], [ 110.415781, -7.9721225 ], [ 110.415410191080085, -7.972007036849451 ], [ 110.417646332454467, -7.972007036849451 ], [ 110.417646332454467, -7.972784178115837 ], [ 110.4169177, -7.9724891 ] ] ] ] } },
{ "type": "Feature", "properties": { "Kelas": "Cukup Rendah", "SKOR_LONGSOR": 2 }, "geometry": { "type": "MultiPolygon", "coordinates": [ [ [ [ 110.347577740293133, -7.972902550133032 ], [ 110.350272686145502, -7.972902550133032 ], [ 110.350272686145502, -7.973798061430529 ], [ 110.347577740293133, -7.973798061430529 ], [ 110.347577740293133, -7.972902550133032 ] ] ] ] } },
{ "type": "Feature", "properties": { "Kelas": "Sangat Rendah", "SKOR_LONGSOR": 1 }, "geometry": { "type": "MultiPolygon", "coordinates": [ [ [ [ 110.350272686145502, -7.972902550133032 ], [ 110.35117100142962, -7.972902550133032 ], [ 110.35117100142962, -7.973798061430529 ], [ 110.350272686145502, -7.973798061430529 ], [ 110.350272686145502, -7.972902550133032 ] ] ] ] } },
{ "type": "Feature", "properties": { "Kelas": "Cukup Tinggi", "SKOR_LONGSOR": 4 }, "geometry": { "type": "MultiPolygon", "coordinates": [ [ [ [ 110.359255838986698, -7.972007036849451 ], [ 110.36015415427083, -7.972007036849451 ], [ 110.36015415427083, -7.974693570741735 ], [ 110.359255838986698, -7.974693570741735 ], [ 110.359255838986698, -7.973798061430529 ], [ 110.35835752370258, -7.973798061430529 ], [ 110.35835752370258, -7.972902550133032 ], [ 110.359255838986698, -7.972902550133032 ], [ 110.359255838986698, -7.972007036849451 ] ] ] ] } },
{ "type": "Feature", "properties": { "Kelas": "Cukup Tinggi", "SKOR_LONGSOR": 4 }, "geometry": { "type": "MultiPolygon", "coordinates": [ [ [ [ 110.373628883532604, -7.972902550133032 ], [ 110.37542551410084, -7.972902550133032 ], [ 110.37542551410084, -7.973798061430529 ], [ 110.373628883532604, -7.973798061430529 ], [ 110.373628883532604, -7.972902550133032 ] ] ] ] } },
{ "type": "Feature", "properties": { "Kelas": "Sedang", "SKOR_LONGSOR": 3 }, "geometry": { "type": "MultiPolygon", "coordinates": [ [ [ [ 110.379018775237327, -7.972902550133032 ], [ 110.379917090521445, -7.972902550133032 ], [ 110.379917090521445, -7.973798061430529 ], [ 110.379018775237327, -7.973798061430529 ], [ 110.379018775237327, -7.972902550133032 ] ] ] ] } },
{ "type": "Feature", "properties": { "Kelas": "Sangat Rendah", "SKOR_LONGSOR": 1 }, "geometry": { "type": "MultiPolygon", "coordinates": [ [ [ [ 110.379917090521445, -7.972902550133032 ], [ 110.380815405805564, -7.972902550133032 ], [ 110.380815405805564, -7.973798061430529 ], [ 110.379917090521445, -7.973798061430529 ], [ 110.379917090521445, -7.972902550133032 ] ] ] ] } },
{ "type": "Feature", "properties": { "Kelas": "Cukup Rendah", "SKOR_LONGSOR": 2 }, "geometry": { "type": "MultiPolygon", "coordinates": [ [ [ [ 110.388900243362642, -7.972902550133032 ], [ 110.390696873930878, -7.972902550133032 ], [ 110.390696873930878, -7.974693570741735 ], [ 110.38979855864676, -7.974693570741735 ], [ 110.38979855864676, -7.973798061430529 ], [ 110.388900243362642, -7.973798061430529 ], [ 110.388900243362642, -7.972902550133032 ] ] ] ] } },
{ "type": "Feature", "properties": { "Kelas": "Sangat Rendah", "SKOR_LONGSOR": 1 }, "geometry": { "type": "MultiPolygon", "coordinates": [ [ [ [ 110.4207401, -7.9733703 ], [ 110.4203052, -7.9732249 ], [ 110.4196414, -7.9731667 ], [ 110.4192066, -7.9730342 ], [ 110.418544647738585, -7.97299475915047 ], [ 110.418544647738585, -7.972902550133032 ], [ 110.420341278306836, -7.972902550133032 ], [ 110.420341278306836, -7.972007036849451 ], [ 110.42123959359094, -7.972007036849451 ], [ 110.42123959359094, -7.973389150944562 ], [ 110.4207401, -7.9733703 ] ] ] ] } },
{ "type": "Feature", "properties": { "Kelas": "Sangat Rendah", "SKOR_LONGSOR": 1 }, "geometry": { "type": "MultiPolygon", "coordinates": [ [ [ [ 110.352967631997856, -7.973798061430529 ], [ 110.353865947281975, -7.973798061430529 ], [ 110.353865947281975, -7.974693570741735 ], [ 110.352967631997856, -7.974693570741735 ], [ 110.352967631997856, -7.973798061430529 ] ] ] ] } },
{ "type": "Feature", "properties": { "Kelas": "Cukup Rendah", "SKOR_LONGSOR": 2 }, "geometry": { "type": "MultiPolygon", "coordinates": [ [ [ [ 110.355662577850225, -7.973798061430529 ], [ 110.356560893134343, -7.973798061430529 ], [ 110.356560893134343, -7.974693570741735 ], [ 110.355662577850225, -7.974693570741735 ], [ 110.355662577850225, -7.973798061430529 ] ] ] ] } },
{ "type": "Feature", "properties": { "Kelas": "Sangat Rendah", "SKOR_LONGSOR": 1 }, "geometry": { "type": "MultiPolygon", "coordinates": [ [ [ [ 110.377222144669091, -7.973798061430529 ], [ 110.379917090521445, -7.973798061430529 ], [ 110.379917090521445, -7.974693570741735 ], [ 110.377222144669091, -7.974693570741735 ], [ 110.377222144669091, -7.973798061430529 ] ] ] ] } },
{ "type": "Feature", "properties": { "Kelas": "Sedang", "SKOR_LONGSOR": 3 }, "geometry": { "type": "MultiPolygon", "coordinates": [ [ [ [ 110.388900243362642, -7.973798061430529 ], [ 110.38979855864676, -7.973798061430529 ], [ 110.38979855864676, -7.974693570741735 ], [ 110.388900243362642, -7.974693570741735 ], [ 110.388900243362642, -7.973798061430529 ] ] ] ] } },
{ "type": "Feature", "properties": { "Kelas": "Sangat Rendah", "SKOR_LONGSOR": 1 }, "geometry": { "type": "MultiPolygon", "coordinates": [ [ [ [ 110.353865947281975, -7.974693570741735 ], [ 110.354764262566107, -7.974693570741735 ], [ 110.354764262566107, -7.975589078066425 ], [ 110.353865947281975, -7.975589078066425 ], [ 110.353865947281975, -7.974693570741735 ] ] ] ] } },
{ "type": "Feature", "properties": { "Kelas": "Cukup Rendah", "SKOR_LONGSOR": 2 }, "geometry": { "type": "MultiPolygon", "coordinates": [ [ [ [ 110.354764262566107, -7.974693570741735 ], [ 110.355662577850225, -7.974693570741735 ], [ 110.355662577850225, -7.975589078066425 ], [ 110.354764262566107, -7.975589078066425 ], [ 110.354764262566107, -7.974693570741735 ] ] ] ] } },
{ "type": "Feature", "properties": { "Kelas": "Cukup Tinggi", "SKOR_LONGSOR": 4 }, "geometry": { "type": "MultiPolygon", "coordinates": [ [ [ [ 110.355662577850225, -7.974693570741735 ], [ 110.357459208418462, -7.974693570741735 ], [ 110.357459208418462, -7.975589078066425 ], [ 110.355662577850225, -7.975589078066425 ], [ 110.355662577850225, -7.974693570741735 ] ] ] ] } },
{ "type": "Feature", "properties": { "Kelas": "Cukup Tinggi", "SKOR_LONGSOR": 4 }, "geometry": { "type": "MultiPolygon", "coordinates": [ [ [ [ 110.378120459953209, -7.974693570741735 ], [ 110.379917090521445, -7.974693570741735 ], [ 110.379917090521445, -7.975589078066425 ], [ 110.378120459953209, -7.975589078066425 ], [ 110.378120459953209, -7.974693570741735 ] ] ] ] } },
{ "type": "Feature", "properties": { "Kelas": "Sangat Rendah", "SKOR_LONGSOR": 1 }, "geometry": { "type": "MultiPolygon", "coordinates": [ [ [ [ 110.385306982226169, -7.974693570741735 ], [ 110.386205297510273, -7.974693570741735 ], [ 110.386205297510273, -7.975589078066425 ], [ 110.385306982226169, -7.975589078066425 ], [ 110.385306982226169, -7.974693570741735 ] ] ] ] } },
{ "type": "Feature", "properties": { "Kelas": "Cukup Rendah", "SKOR_LONGSOR": 2 }, "geometry": { "type": "MultiPolygon", "coordinates": [ [ [ [ 110.4684984, -7.9704629 ], [ 110.4681856, -7.9708482 ], [ 110.4679872, -7.9710638 ], [ 110.4677507, -7.971233 ], [ 110.4675523, -7.9712793 ], [ 110.4673311, -7.9712326 ], [ 110.4671175, -7.9707696 ], [ 110.4669802, -7.970245 ], [ 110.466969262799111, -7.970216004324921 ], [ 110.468705348509673, -7.970216004324921 ], [ 110.4684984, -7.9704629 ] ] ] ] } },
{ "type": "Feature", "properties": { "Kelas": "Tinggi", "SKOR_LONGSOR": 0 }, "geometry": { "type": "MultiPolygon", "coordinates": [ [ [ [ 110.456273889671607, -7.96663391545246 ], [ 110.456695915295597, -7.96663391545246 ], [ 110.4565859, -7.9667888 ], [ 110.456347, -7.9670014 ], [ 110.4563318, -7.9670149 ], [ 110.456273889671607, -7.967058082315935 ], [ 110.456273889671607, -7.96663391545246 ] ] ], [ [ [ 110.4544527, -7.9666583 ], [ 110.454451111362346, -7.96663391545246 ], [ 110.454477259103371, -7.96663391545246 ], [ 110.454477259103371, -7.966720407832721 ], [ 110.4544527, -7.9666583 ] ] ], [ [ [ 110.4517017, -7.9629603 ], [ 110.4512213, -7.9626001 ], [ 110.4509545, -7.9622802 ], [ 110.4508079, -7.9620403 ], [ 110.4507815, -7.9618005 ], [ 110.4507685, -7.9615208 ], [ 110.4507402, -7.9613286 ], [ 110.4507155, -7.9611612 ], [ 110.4507292, -7.9609215 ], [ 110.4508231, -7.9606286 ], [ 110.4509571, -7.9603625 ], [ 110.4509174, -7.9600428 ], [ 110.451025, -7.9595103 ], [ 110.4513066, -7.9587249 ], [ 110.451307, -7.9583653 ], [ 110.4512676, -7.9578992 ], [ 110.4511899, -7.9576019 ], [ 110.4511214, -7.9573397 ], [ 110.4511647, -7.9570404 ], [ 110.4512158, -7.9566872 ], [ 110.4512033, -7.956008 ], [ 110.4513242, -7.9555021 ], [ 110.4515249, -7.9552893 ], [ 110.4518323, -7.9551166 ], [ 110.4523266, -7.9551172 ], [ 110.4527411, -7.9548514 ], [ 110.4537437, -7.9543068 ], [ 110.4543324, -7.9535751 ], [ 110.4549212, -7.9528301 ], [ 110.4550018, -7.9523465 ], [ 110.45488, -7.9516379 ], [ 110.4546053, -7.9510471 ], [ 110.4540102, -7.9502198 ], [ 110.4534609, -7.9492351 ], [ 110.4527895, -7.9483291 ], [ 110.4522401, -7.9477384 ], [ 110.4518025, -7.9473925 ], [ 110.4511615, -7.9472318 ], [ 110.4503202, -7.9470443 ], [ 110.4494707, -7.9469474 ], [ 110.449087367398647, -7.94703526900822 ], [ 110.449087367398647, -7.946931859442319 ], [ 110.447290736830411, -7.946931859442319 ], [ 110.447290736830411, -7.948481090668164 ], [ 110.4470598, -7.9485575 ], [ 110.4460756, -7.9489109 ], [ 110.4454946, -7.9490632 ], [ 110.445494106262174, -7.949063652701069 ], [ 110.445494106262174, -7.948722995073655 ], [ 110.444595790978042, -7.948722995073655 ], [ 110.444595790978042, -7.949618559919101 ], [ 110.444888897429436, -7.949618559919101 ], [ 110.4448473, -7.9496567 ], [ 110.4445301, -7.9500204 ], [ 110.4445268, -7.9500243 ], [ 110.4441911, -7.9504291 ], [ 110.4439905, -7.9506695 ], [ 110.4437563, -7.9510561 ], [ 110.4436157, -7.9513254 ], [ 110.4435722, -7.9516948 ], [ 110.443575, -7.9520544 ], [ 110.4440199, -7.9533579 ], [ 110.4443665, -7.9539458 ], [ 110.4444811, -7.9545366 ], [ 110.4446031, -7.955599 ], [ 110.4446413, -7.9565832 ], [ 110.4447023, -7.9576222 ], [ 110.4445421, -7.9583308 ], [ 110.4444963, -7.9595505 ], [ 110.4445802, -7.9607707 ], [ 110.444523199112453, -7.961260722611314 ], [ 110.443697475693938, -7.961260722611314 ], [ 110.443697475693938, -7.962156259710917 ], [ 110.442799160409805, -7.962156259710917 ], [ 110.442799160409805, -7.963051794827043 ], [ 110.441002529841569, -7.963051794827043 ], [ 110.441002529841569, -7.964842859108003 ], [ 110.439205899273333, -7.964842859108003 ], [ 110.439205899273333, -7.965738388272406 ], [ 110.436510953420978, -7.965738388272406 ], [ 110.436510953420978, -7.964842859108003 ], [ 110.43561263813686, -7.964842859108003 ], [ 110.43561263813686, -7.963947327959476 ], [ 110.434714322852741, -7.963947327959476 ], [ 110.434714322852741, -7.963051794827043 ], [ 110.433816007568609, -7.963051794827043 ], [ 110.433816007568609, -7.962156259710917 ], [ 110.432917692284505, -7.962156259710917 ], [ 110.432917692284505, -7.961260722611314 ], [ 110.432019377000373, -7.961260722611314 ], [ 110.432019377000373, -7.960365183528459 ], [ 110.430222746432136, -7.960365183528459 ], [ 110.430222746432136, -7.958574099413836 ], [ 110.427527800579782, -7.958574099413836 ], [ 110.427527800579782, -7.956783007368792 ], [ 110.426629485295663, -7.956783007368792 ], [ 110.426629485295663, -7.955887458372901 ], [ 110.425731170011545, -7.955887458372901 ], [ 110.425731170011545, -7.954991907395059 ], [ 110.423934539443309, -7.954991907395059 ], [ 110.423934539443309, -7.956783007368792 ], [ 110.423036224159176, -7.956783007368792 ], [ 110.423036224159176, -7.958574099413836 ], [ 110.423934539443309, -7.958574099413836 ], [ 110.423934539443309, -7.959469642462557 ], [ 110.424832854727427, -7.959469642462557 ], [ 110.424832854727427, -7.960365183528459 ], [ 110.423934539443309, -7.960365183528459 ], [ 110.423934539443309, -7.961260722611314 ], [ 110.424832854727427, -7.961260722611314 ], [ 110.424832854727427, -7.963051794827043 ], [ 110.423036224159176, -7.963051794827043 ], [ 110.423036224159176, -7.962156259710917 ], [ 110.422137908875072, -7.962156259710917 ], [ 110.422137908875072, -7.961260722611314 ], [ 110.42123959359094, -7.961260722611314 ], [ 110.42123959359094, -7.95767855438251 ], [ 110.420341278306836, -7.95767855438251 ], [ 110.420341278306836, -7.954096354435476 ], [ 110.42123959359094, -7.954096354435476 ], [ 110.42123959359094, -7.951409683668476 ], [ 110.422137908875072, -7.951409683668476 ], [ 110.422137908875072, -7.950514122784115 ], [ 110.42123959359094, -7.950514122784115 ], [ 110.42123959359094, -7.949618559919101 ], [ 110.420341278306836, -7.949618559919101 ], [ 110.420341278306836, -7.950514122784115 ], [ 110.418544647738585, -7.950514122784115 ], [ 110.418544647738585, -7.951409683668476 ], [ 110.414951386602112, -7.951409683668476 ], [ 110.414951386602112, -7.950514122784115 ], [ 110.414053071317994, -7.950514122784115 ], [ 110.414053071317994, -7.953200799494374 ], [ 110.413154756033876, -7.953200799494374 ], [ 110.413154756033876, -7.954096354435476 ], [ 110.412256440749744, -7.954096354435476 ], [ 110.412256440749744, -7.950514122784115 ], [ 110.410459810181507, -7.950514122784115 ], [ 110.410459810181507, -7.949618559919101 ], [ 110.409561494897403, -7.949618559919101 ], [ 110.409561494897403, -7.950514122784115 ], [ 110.408663179613271, -7.950514122784115 ], [ 110.408663179613271, -7.949618559919101 ], [ 110.407764864329152, -7.949618559919101 ], [ 110.407764864329152, -7.951409683668476 ], [ 110.406866549045034, -7.951409683668476 ], [ 110.406866549045034, -7.952305242571969 ], [ 110.407764864329152, -7.952305242571969 ], [ 110.407764864329152, -7.953200799494374 ], [ 110.408663179613271, -7.953200799494374 ], [ 110.408663179613271, -7.954096354435476 ], [ 110.407764864329152, -7.954096354435476 ], [ 110.407764864329152, -7.954991907395059 ], [ 110.408663179613271, -7.954991907395059 ], [ 110.408663179613271, -7.955887458372901 ], [ 110.405968233760916, -7.955887458372901 ], [ 110.405968233760916, -7.954991907395059 ], [ 110.40417160319268, -7.954991907395059 ], [ 110.40417160319268, -7.954096354435476 ], [ 110.403273287908561, -7.954096354435476 ], [ 110.403273287908561, -7.953200799494374 ], [ 110.402374972624443, -7.953200799494374 ], [ 110.402374972624443, -7.952305242571969 ], [ 110.401476657340311, -7.952305242571969 ], [ 110.401476657340311, -7.951409683668476 ], [ 110.400578342056193, -7.951409683668476 ], [ 110.400578342056193, -7.950514122784115 ], [ 110.399680026772074, -7.950514122784115 ], [ 110.399680026772074, -7.948722995073655 ], [ 110.400578342056193, -7.948722995073655 ], [ 110.400578342056193, -7.947827428247987 ], [ 110.403273287908561, -7.947827428247987 ], [ 110.403273287908561, -7.948722995073655 ], [ 110.40417160319268, -7.948722995073655 ], [ 110.40417160319268, -7.946036288656869 ], [ 110.405069918476798, -7.946036288656869 ], [ 110.405069918476798, -7.946931859442319 ], [ 110.405968233760916, -7.946931859442319 ], [ 110.405968233760916, -7.946036288656869 ], [ 110.407764864329152, -7.946036288656869 ], [ 110.407764864329152, -7.944245141147486 ], [ 110.408663179613271, -7.944245141147486 ], [ 110.408663179613271, -7.946036288656869 ], [ 110.413154756033876, -7.946036288656869 ], [ 110.413154756033876, -7.945140715891855 ], [ 110.414053071317994, -7.945140715891855 ], [ 110.414053071317994, -7.946036288656869 ], [ 110.417646332454467, -7.946036288656869 ], [ 110.417646332454467, -7.945140715891855 ], [ 110.416748017170349, -7.945140715891855 ], [ 110.416748017170349, -7.944245141147486 ], [ 110.409561494897403, -7.944245141147486 ], [ 110.409561494897403, -7.943349564423987 ], [ 110.407764864329152, -7.943349564423987 ], [ 110.407764864329152, -7.941558405040463 ], [ 110.405069918476798, -7.941558405040463 ], [ 110.405069918476798, -7.943349564423987 ], [ 110.403273287908561, -7.943349564423987 ], [ 110.403273287908561, -7.945140715891855 ], [ 110.400578342056193, -7.945140715891855 ], [ 110.400578342056193, -7.946036288656869 ], [ 110.399680026772074, -7.946036288656869 ], [ 110.399680026772074, -7.945140715891855 ], [ 110.39698508091972, -7.945140715891855 ], [ 110.39698508091972, -7.946036288656869 ], [ 110.394290135067365, -7.946036288656869 ], [ 110.394290135067365, -7.945140715891855 ], [ 110.395188450351469, -7.945140715891855 ], [ 110.395188450351469, -7.944245141147486 ], [ 110.39698508091972, -7.944245141147486 ], [ 110.39698508091972, -7.943349564423987 ], [ 110.398781711487956, -7.943349564423987 ], [ 110.398781711487956, -7.941558405040463 ], [ 110.401476657340311, -7.941558405040463 ], [ 110.401476657340311, -7.940662822380868 ], [ 110.402374972624443, -7.940662822380868 ], [ 110.402374972624443, -7.937976062533377 ], [ 110.403273287908561, -7.937976062533377 ], [ 110.403273287908561, -7.936184879413294 ], [ 110.405069918476798, -7.936184879413294 ], [ 110.405069918476798, -7.935289284887379 ], [ 110.405968233760916, -7.935289284887379 ], [ 110.405968233760916, -7.937080471962033 ], [ 110.406866549045034, -7.937080471962033 ], [ 110.406866549045034, -7.937976062533377 ], [ 110.408663179613271, -7.937976062533377 ], [ 110.408663179613271, -7.938871651127108 ], [ 110.410459810181507, -7.938871651127108 ], [ 110.410459810181507, -7.939767237743012 ], [ 110.41135812546564, -7.939767237743012 ], [ 110.41135812546564, -7.937976062533377 ], [ 110.412256440749744, -7.937976062533377 ], [ 110.412256440749744, -7.938871651127108 ], [ 110.413154756033876, -7.938871651127108 ], [ 110.413154756033876, -7.939767237743012 ], [ 110.414053071317994, -7.939767237743012 ], [ 110.414053071317994, -7.938871651127108 ], [ 110.416748017170349, -7.938871651127108 ], [ 110.416748017170349, -7.937976062533377 ], [ 110.417646332454467, -7.937976062533377 ], [ 110.417646332454467, -7.938871651127108 ], [ 110.418544647738585, -7.938871651127108 ], [ 110.418544647738585, -7.937976062533377 ], [ 110.419442963022703, -7.937976062533377 ], [ 110.419442963022703, -7.938871651127108 ], [ 110.420341278306836, -7.938871651127108 ], [ 110.420341278306836, -7.940662822380868 ], [ 110.419442963022703, -7.940662822380868 ], [ 110.419442963022703, -7.942453985721572 ], [ 110.420341278306836, -7.942453985721572 ], [ 110.420341278306836, -7.941558405040463 ], [ 110.42123959359094, -7.941558405040463 ], [ 110.42123959359094, -7.940662822380868 ], [ 110.422137908875072, -7.940662822380868 ], [ 110.422137908875072, -7.941558405040463 ], [ 110.423036224159176, -7.941558405040463 ], [ 110.423036224159176, -7.942453985721572 ], [ 110.423934539443309, -7.942453985721572 ], [ 110.423934539443309, -7.941558405040463 ], [ 110.424832854727427, -7.941558405040463 ], [ 110.424832854727427, -7.940662822380868 ], [ 110.4284261158639, -7.940662822380868 ], [ 110.4284261158639, -7.939767237743012 ], [ 110.429324431148018, -7.939767237743012 ], [ 110.429324431148018, -7.940662822380868 ], [ 110.430222746432136, -7.940662822380868 ], [ 110.430222746432136, -7.945140715891855 ], [ 110.431121061716269, -7.945140715891855 ], [ 110.431121061716269, -7.946036288656869 ], [ 110.430222746432136, -7.946036288656869 ], [ 110.430222746432136, -7.952305242571969 ], [ 110.427527800579782, -7.952305242571969 ], [ 110.427527800579782, -7.953200799494374 ], [ 110.429324431148018, -7.953200799494374 ], [ 110.429324431148018, -7.954096354435476 ], [ 110.430222746432136, -7.954096354435476 ], [ 110.430222746432136, -7.955887458372901 ], [ 110.432917692284505, -7.955887458372901 ], [ 110.432917692284505, -7.95767855438251 ], [ 110.433816007568609, -7.95767855438251 ], [ 110.433816007568609, -7.960365183528459 ], [ 110.434714322852741, -7.960365183528459 ], [ 110.434714322852741, -7.961260722611314 ], [ 110.43561263813686, -7.961260722611314 ], [ 110.43561263813686, -7.962156259710917 ], [ 110.436510953420978, -7.962156259710917 ], [ 110.436510953420978, -7.963051794827043 ], [ 110.437409268705096, -7.963051794827043 ], [ 110.437409268705096, -7.963947327959476 ], [ 110.440104214557451, -7.963947327959476 ], [ 110.440104214557451, -7.960365183528459 ], [ 110.441002529841569, -7.960365183528459 ], [ 110.441002529841569, -7.959469642462557 ], [ 110.440104214557451, -7.959469642462557 ], [ 110.440104214557451, -7.958574099413836 ], [ 110.441002529841569, -7.958574099413836 ], [ 110.441002529841569, -7.954991907395059 ], [ 110.441900845125701, -7.954991907395059 ], [ 110.441900845125701, -7.954096354435476 ], [ 110.441002529841569, -7.954096354435476 ], [ 110.441002529841569, -7.953200799494374 ], [ 110.441900845125701, -7.953200799494374 ], [ 110.441900845125701, -7.952305242571969 ], [ 110.441002529841569, -7.952305242571969 ], [ 110.441002529841569, -7.946931859442319 ], [ 110.441900845125701, -7.946931859442319 ], [ 110.441900845125701, -7.946036288656869 ], [ 110.442799160409805, -7.946036288656869 ], [ 110.442799160409805, -7.945140715891855 ], [ 110.444595790978042, -7.945140715891855 ], [ 110.444595790978042, -7.944245141147486 ], [ 110.446392421546292, -7.944245141147486 ], [ 110.446392421546292, -7.943349564423987 ], [ 110.448189052114529, -7.943349564423987 ], [ 110.448189052114529, -7.942453985721572 ], [ 110.451782313251016, -7.942453985721572 ], [ 110.451782313251016, -7.943349564423987 ], [ 110.453578943819252, -7.943349564423987 ], [ 110.453578943819252, -7.944245141147486 ], [ 110.454477259103371, -7.944245141147486 ], [ 110.454477259103371, -7.942453985721572 ], [ 110.457172204955739, -7.942453985721572 ], [ 110.457172204955739, -7.944245141147486 ], [ 110.458968835523976, -7.944245141147486 ], [ 110.458968835523976, -7.945140715891855 ], [ 110.456273889671607, -7.945140715891855 ], [ 110.456273889671607, -7.946036288656869 ], [ 110.455375574387489, -7.946036288656869 ], [ 110.455375574387489, -7.946931859442319 ], [ 110.454477259103371, -7.946931859442319 ], [ 110.454477259103371, -7.948722995073655 ], [ 110.455375574387489, -7.948722995073655 ], [ 110.455375574387489, -7.951409683668476 ], [ 110.456273889671607, -7.951409683668476 ], [ 110.456273889671607, -7.954991907395059 ], [ 110.455375574387489, -7.954991907395059 ], [ 110.455375574387489, -7.955887458372901 ], [ 110.454477259103371, -7.955887458372901 ], [ 110.454477259103371, -7.956783007368792 ], [ 110.452680628535134, -7.956783007368792 ], [ 110.452680628535134, -7.958574099413836 ], [ 110.453578943819252, -7.958574099413836 ], [ 110.453578943819252, -7.959469642462557 ], [ 110.452680628535134, -7.959469642462557 ], [ 110.452680628535134, -7.960365183528459 ], [ 110.453578943819252, -7.960365183528459 ], [ 110.453578943819252, -7.961260722611314 ], [ 110.452680628535134, -7.961260722611314 ], [ 110.452680628535134, -7.962156259710917 ], [ 110.453578943819252, -7.962156259710917 ], [ 110.453578943819252, -7.963051794827043 ], [ 110.454477259103371, -7.963051794827043 ], [ 110.454477259103371, -7.964842859108003 ], [ 110.453780747572907, -7.964842859108003 ], [ 110.4537431, -7.9647561 ], [ 110.4535906, -7.9644591 ], [ 110.4534837, -7.9643051 ], [ 110.4532498, -7.9640944 ], [ 110.4526226, -7.9636274 ], [ 110.4521155, -7.9631606 ], [ 110.4517017, -7.9629603 ] ], [ [ 110.405968233760916, -7.952305242571969 ], [ 110.405968233760916, -7.953200799494374 ], [ 110.406866549045034, -7.953200799494374 ], [ 110.406866549045034, -7.952305242571969 ], [ 110.405968233760916, -7.952305242571969 ] ], [ [ 110.405968233760916, -7.951409683668476 ], [ 110.405069918476798, -7.951409683668476 ], [ 110.405069918476798, -7.952305242571969 ], [ 110.405968233760916, -7.952305242571969 ], [ 110.405968233760916, -7.951409683668476 ] ], [ [ 110.427527800579782, -7.951409683668476 ], [ 110.426629485295663, -7.951409683668476 ], [ 110.426629485295663, -7.952305242571969 ], [ 110.427527800579782, -7.952305242571969 ], [ 110.427527800579782, -7.951409683668476 ] ], [ [ 110.427527800579782, -7.946931859442319 ], [ 110.426629485295663, -7.946931859442319 ], [ 110.426629485295663, -7.947827428247987 ], [ 110.427527800579782, -7.947827428247987 ], [ 110.427527800579782, -7.946931859442319 ] ], [ [ 110.426629485295663, -7.946036288656869 ], [ 110.425731170011545, -7.946036288656869 ], [ 110.425731170011545, -7.946931859442319 ], [ 110.426629485295663, -7.946931859442319 ], [ 110.426629485295663, -7.946036288656869 ] ], [ [ 110.425731170011545, -7.945140715891855 ], [ 110.424832854727427, -7.945140715891855 ], [ 110.424832854727427, -7.946036288656869 ], [ 110.425731170011545, -7.946036288656869 ], [ 110.425731170011545, -7.945140715891855 ] ], [ [ 110.445494106262174, -7.947827428247987 ], [ 110.446392421546292, -7.947827428247987 ], [ 110.446392421546292, -7.946931859442319 ], [ 110.445494106262174, -7.946931859442319 ], [ 110.445494106262174, -7.947827428247987 ] ], [ [ 110.402374972624443, -7.942453985721572 ], [ 110.403273287908561, -7.942453985721572 ], [ 110.403273287908561, -7.941558405040463 ], [ 110.402374972624443, -7.941558405040463 ], [ 110.402374972624443, -7.942453985721572 ] ] ], [ [ [ 110.4482027, -7.9479013 ], [ 110.448189052114529, -7.947921654578325 ], [ 110.448189052114529, -7.947827428247987 ], [ 110.448268493742518, -7.947827428247987 ], [ 110.4482027, -7.9479013 ] ] ] ] } },
{ "type": "Feature", "properties": { "Kelas": "Cukup Tinggi", "SKOR_LONGSOR": 4 }, "geometry": { "type": "MultiPolygon", "coordinates": [ [ [ [ 110.376323829384972, -7.974693570741735 ], [ 110.377222144669091, -7.974693570741735 ], [ 110.377222144669091, -7.975589078066425 ], [ 110.378120459953209, -7.975589078066425 ], [ 110.378120459953209, -7.976484583404382 ], [ 110.380815405805564, -7.976484583404382 ], [ 110.380815405805564, -7.977380086755393 ], [ 110.381713721089696, -7.977380086755393 ], [ 110.381713721089696, -7.978275588119243 ], [ 110.377222144669091, -7.978275588119243 ], [ 110.377222144669091, -7.976484583404382 ], [ 110.376323829384972, -7.976484583404382 ], [ 110.376323829384972, -7.974693570741735 ] ] ] ] } },
{ "type": "Feature", "properties": { "Kelas": "Cukup Rendah", "SKOR_LONGSOR": 2 }, "geometry": { "type": "MultiPolygon", "coordinates": [ [ [ [ 110.396691, -7.973031 ], [ 110.3965728, -7.9735384 ], [ 110.3965501, -7.9738578 ], [ 110.3966625, -7.9740171 ], [ 110.3967769, -7.9741568 ], [ 110.3969677, -7.9743361 ], [ 110.39698508091972, -7.974347704428005 ], [ 110.39698508091972, -7.975589078066425 ], [ 110.397883396203838, -7.975589078066425 ], [ 110.397883396203838, -7.976484583404382 ], [ 110.396086765635602, -7.976484583404382 ], [ 110.396086765635602, -7.977380086755393 ], [ 110.394290135067365, -7.977380086755393 ], [ 110.394290135067365, -7.974693570741735 ], [ 110.396086765635602, -7.974693570741735 ], [ 110.396086765635602, -7.972902550133032 ], [ 110.396707290721025, -7.972902550133032 ], [ 110.396691, -7.973031 ] ] ] ] } },
{ "type": "Feature", "properties": { "Kelas": "Cukup Tinggi", "SKOR_LONGSOR": 4 }, "geometry": { "type": "MultiPolygon", "coordinates": [ [ [ [ 110.352967631997856, -7.975589078066425 ], [ 110.353865947281975, -7.975589078066425 ], [ 110.353865947281975, -7.976484583404382 ], [ 110.352967631997856, -7.976484583404382 ], [ 110.352967631997856, -7.975589078066425 ] ] ] ] } },
{ "type": "Feature", "properties": { "Kelas": "Cukup Rendah", "SKOR_LONGSOR": 2 }, "geometry": { "type": "MultiPolygon", "coordinates": [ [ [ [ 110.353865947281975, -7.975589078066425 ], [ 110.354764262566107, -7.975589078066425 ], [ 110.354764262566107, -7.976484583404382 ], [ 110.353865947281975, -7.976484583404382 ], [ 110.353865947281975, -7.975589078066425 ] ] ] ] } },
{ "type": "Feature", "properties": { "Kelas": "Sangat Rendah", "SKOR_LONGSOR": 1 }, "geometry": { "type": "MultiPolygon", "coordinates": [ [ [ [ 110.378120459953209, -7.975589078066425 ], [ 110.379917090521445, -7.975589078066425 ], [ 110.379917090521445, -7.976484583404382 ], [ 110.378120459953209, -7.976484583404382 ], [ 110.378120459953209, -7.975589078066425 ] ] ] ] } },
{ "type": "Feature", "properties": { "Kelas": "Sangat Rendah", "SKOR_LONGSOR": 1 }, "geometry": { "type": "MultiPolygon", "coordinates": [ [ [ [ 110.384408666942036, -7.975589078066425 ], [ 110.385306982226169, -7.975589078066425 ], [ 110.385306982226169, -7.976484583404382 ], [ 110.384408666942036, -7.976484583404382 ], [ 110.384408666942036, -7.975589078066425 ] ] ] ] } },
{ "type": "Feature", "properties": { "Kelas": "Cukup Rendah", "SKOR_LONGSOR": 2 }, "geometry": { "type": "MultiPolygon", "coordinates": [ [ [ [ 110.385306982226169, -7.975589078066425 ], [ 110.386205297510273, -7.975589078066425 ], [ 110.386205297510273, -7.976484583404382 ], [ 110.385306982226169, -7.976484583404382 ], [ 110.385306982226169, -7.975589078066425 ] ] ] ] } },
{ "type": "Feature", "properties": { "Kelas": "Sedang", "SKOR_LONGSOR": 3 }, "geometry": { "type": "MultiPolygon", "coordinates": [ [ [ [ 110.386205297510273, -7.975589078066425 ], [ 110.388001928078523, -7.975589078066425 ], [ 110.388001928078523, -7.976484583404382 ], [ 110.386205297510273, -7.976484583404382 ], [ 110.386205297510273, -7.975589078066425 ] ] ] ] } },
{ "type": "Feature", "properties": { "Kelas": "Sedang", "SKOR_LONGSOR": 3 }, "geometry": { "type": "MultiPolygon", "coordinates": [ [ [ [ 110.393391819783233, -7.975589078066425 ], [ 110.394290135067365, -7.975589078066425 ], [ 110.394290135067365, -7.977380086755393 ], [ 110.393391819783233, -7.977380086755393 ], [ 110.393391819783233, -7.975589078066425 ] ] ] ] } },
{ "type": "Feature", "properties": { "Kelas": "Cukup Tinggi", "SKOR_LONGSOR": 4 }, "geometry": { "type": "MultiPolygon", "coordinates": [ [ [ [ 110.3542325, -7.9779998 ], [ 110.353865947281975, -7.977793185804797 ], [ 110.353865947281975, -7.976484583404382 ], [ 110.354764262566107, -7.976484583404382 ], [ 110.354764262566107, -7.978176543904465 ], [ 110.3542325, -7.9779998 ] ] ] ] } },
{ "type": "Feature", "properties": { "Kelas": "Sangat Rendah", "SKOR_LONGSOR": 1 }, "geometry": { "type": "MultiPolygon", "coordinates": [ [ [ [ 110.380815405805564, -7.976484583404382 ], [ 110.381713721089696, -7.976484583404382 ], [ 110.381713721089696, -7.977380086755393 ], [ 110.380815405805564, -7.977380086755393 ], [ 110.380815405805564, -7.976484583404382 ] ] ] ] } },
{ "type": "Feature", "properties": { "Kelas": "Cukup Rendah", "SKOR_LONGSOR": 2 }, "geometry": { "type": "MultiPolygon", "coordinates": [ [ [ [ 110.3826120363738, -7.976484583404382 ], [ 110.383510351657932, -7.976484583404382 ], [ 110.383510351657932, -7.977380086755393 ], [ 110.3826120363738, -7.977380086755393 ], [ 110.3826120363738, -7.976484583404382 ] ] ] ] } },
{ "type": "Feature", "properties": { "Kelas": "Cukup Tinggi", "SKOR_LONGSOR": 4 }, "geometry": { "type": "MultiPolygon", "coordinates": [ [ [ [ 110.383510351657932, -7.976484583404382 ], [ 110.387103612794405, -7.976484583404382 ], [ 110.387103612794405, -7.977380086755393 ], [ 110.385306982226169, -7.977380086755393 ], [ 110.385306982226169, -7.978275588119243 ], [ 110.384408666942036, -7.978275588119243 ], [ 110.384408666942036, -7.977380086755393 ], [ 110.383510351657932, -7.977380086755393 ], [ 110.383510351657932, -7.976484583404382 ] ] ] ] } },
{ "type": "Feature", "properties": { "Kelas": "Sedang", "SKOR_LONGSOR": 3 }, "geometry": { "type": "MultiPolygon", "coordinates": [ [ [ [ 110.396086765635602, -7.976484583404382 ], [ 110.39698508091972, -7.976484583404382 ], [ 110.39698508091972, -7.977380086755393 ], [ 110.396086765635602, -7.977380086755393 ], [ 110.396086765635602, -7.976484583404382 ] ] ] ] } },
{ "type": "Feature", "properties": { "Kelas": "Cukup Tinggi", "SKOR_LONGSOR": 4 }, "geometry": { "type": "MultiPolygon", "coordinates": [ [ [ [ 110.3826120363738, -7.977380086755393 ], [ 110.383510351657932, -7.977380086755393 ], [ 110.383510351657932, -7.978275588119243 ], [ 110.3826120363738, -7.978275588119243 ], [ 110.3826120363738, -7.977380086755393 ] ] ] ] } },
{ "type": "Feature", "properties": { "Kelas": "Cukup Tinggi", "SKOR_LONGSOR": 4 }, "geometry": { "type": "MultiPolygon", "coordinates": [ [ [ [ 110.4216251, -7.9734037 ], [ 110.42123959359094, -7.973389150944562 ], [ 110.42123959359094, -7.972007036849451 ], [ 110.419442963022703, -7.972007036849451 ], [ 110.419442963022703, -7.971111521580011 ], [ 110.418544647738585, -7.971111521580011 ], [ 110.418544647738585, -7.969320485084405 ], [ 110.417646332454467, -7.969320485084405 ], [ 110.417646332454467, -7.96842496385868 ], [ 110.415849701886231, -7.96842496385868 ], [ 110.415849701886231, -7.967529440647958 ], [ 110.414951386602112, -7.967529440647958 ], [ 110.414951386602112, -7.96663391545246 ], [ 110.413154756033876, -7.96663391545246 ], [ 110.413154756033876, -7.965738388272406 ], [ 110.414053071317994, -7.965738388272406 ], [ 110.414053071317994, -7.964842859108003 ], [ 110.415849701886231, -7.964842859108003 ], [ 110.415849701886231, -7.965738388272406 ], [ 110.418544647738585, -7.965738388272406 ], [ 110.418544647738585, -7.96663391545246 ], [ 110.419442963022703, -7.96663391545246 ], [ 110.419442963022703, -7.969320485084405 ], [ 110.420341278306836, -7.969320485084405 ], [ 110.420341278306836, -7.970216004324921 ], [ 110.42123959359094, -7.970216004324921 ], [ 110.42123959359094, -7.971111521580011 ], [ 110.423036224159176, -7.971111521580011 ], [ 110.423036224159176, -7.972902550133032 ], [ 110.423258954144757, -7.972902550133032 ], [ 110.4230823, -7.9729817 ], [ 110.4220447, -7.9735053 ], [ 110.4216251, -7.9734037 ] ] ], [ [ [ 110.4311543, -7.9673178 ], [ 110.4307957, -7.9677179 ], [ 110.4307804, -7.9677365 ], [ 110.430315, -7.9683435 ], [ 110.430225580228495, -7.96842496385868 ], [ 110.430222746432136, -7.96842496385868 ], [ 110.430222746432136, -7.967529440647958 ], [ 110.4284261158639, -7.967529440647958 ], [ 110.4284261158639, -7.970203170674785 ], [ 110.4284229, -7.9702061 ], [ 110.428409824940758, -7.970216004324921 ], [ 110.426629485295663, -7.970216004324921 ], [ 110.426629485295663, -7.971111521580011 ], [ 110.427156715408273, -7.971111521580011 ], [ 110.4267902, -7.9713367 ], [ 110.4262638, -7.9715169 ], [ 110.4257145, -7.9717911 ], [ 110.4256916, -7.9718039 ], [ 110.424832854727427, -7.972266655495407 ], [ 110.424832854727427, -7.970216004324921 ], [ 110.423036224159176, -7.970216004324921 ], [ 110.423036224159176, -7.969320485084405 ], [ 110.422137908875072, -7.969320485084405 ], [ 110.422137908875072, -7.967529440647958 ], [ 110.423934539443309, -7.967529440647958 ], [ 110.423934539443309, -7.96663391545246 ], [ 110.424832854727427, -7.96663391545246 ], [ 110.424832854727427, -7.965738388272406 ], [ 110.423934539443309, -7.965738388272406 ], [ 110.423934539443309, -7.964842859108003 ], [ 110.422137908875072, -7.964842859108003 ], [ 110.422137908875072, -7.962156259710917 ], [ 110.423036224159176, -7.962156259710917 ], [ 110.423036224159176, -7.963051794827043 ], [ 110.424832854727427, -7.963051794827043 ], [ 110.424832854727427, -7.961260722611314 ], [ 110.423934539443309, -7.961260722611314 ], [ 110.423934539443309, -7.960365183528459 ], [ 110.424832854727427, -7.960365183528459 ], [ 110.424832854727427, -7.959469642462557 ], [ 110.426629485295663, -7.959469642462557 ], [ 110.426629485295663, -7.960365183528459 ], [ 110.427527800579782, -7.960365183528459 ], [ 110.427527800579782, -7.959469642462557 ], [ 110.4284261158639, -7.959469642462557 ], [ 110.4284261158639, -7.960365183528459 ], [ 110.429324431148018, -7.960365183528459 ], [ 110.429324431148018, -7.961260722611314 ], [ 110.4284261158639, -7.961260722611314 ], [ 110.4284261158639, -7.964842859108003 ], [ 110.429324431148018, -7.964842859108003 ], [ 110.429324431148018, -7.963051794827043 ], [ 110.430222746432136, -7.963051794827043 ], [ 110.430222746432136, -7.964842859108003 ], [ 110.431121061716269, -7.964842859108003 ], [ 110.431121061716269, -7.965738388272406 ], [ 110.432019377000373, -7.965738388272406 ], [ 110.432019377000373, -7.965964525727239 ], [ 110.4318943, -7.966204 ], [ 110.4314899, -7.9667609 ], [ 110.4311543, -7.9673178 ] ] ] ] } },
{ "type": "Feature", "properties": { "Kelas": "Sangat Rendah", "SKOR_LONGSOR": 1 }, "geometry": { "type": "MultiPolygon", "coordinates": [ [ [ [ 110.345781109724896, -7.978275588119243 ], [ 110.346679425009029, -7.978275588119243 ], [ 110.346679425009029, -7.979171087495708 ], [ 110.345781109724896, -7.979171087495708 ], [ 110.345781109724896, -7.978275588119243 ] ] ] ] } },
{ "type": "Feature", "properties": { "Kelas": "Cukup Tinggi", "SKOR_LONGSOR": 4 }, "geometry": { "type": "MultiPolygon", "coordinates": [ [ [ [ 110.351108, -7.9777602 ], [ 110.3513203, -7.9779278 ], [ 110.3518179, -7.9781406 ], [ 110.352069316713738, -7.978681887002542 ], [ 110.352069316713738, -7.979171087495708 ], [ 110.352438221897344, -7.979171087495708 ], [ 110.3524447, -7.9791772 ], [ 110.352482, -7.9792124 ], [ 110.352967631997856, -7.979490979595672 ], [ 110.352967631997856, -7.980066584884573 ], [ 110.352069316713738, -7.980066584884573 ], [ 110.352069316713738, -7.980962080285627 ], [ 110.35117100142962, -7.980962080285627 ], [ 110.35117100142962, -7.980066584884573 ], [ 110.349374370861383, -7.980066584884573 ], [ 110.349374370861383, -7.978275588119243 ], [ 110.350272686145502, -7.978275588119243 ], [ 110.350272686145502, -7.977380086755393 ], [ 110.350902714924061, -7.977380086755393 ], [ 110.351108, -7.9777602 ] ] ] ] } },
{ "type": "Feature", "properties": { "Kelas": "Cukup Tinggi", "SKOR_LONGSOR": 4 }, "geometry": { "type": "MultiPolygon", "coordinates": [ [ [ [ 110.390696873930878, -7.979171087495708 ], [ 110.391595189214996, -7.979171087495708 ], [ 110.391595189214996, -7.980066584884573 ], [ 110.390696873930878, -7.980066584884573 ], [ 110.390696873930878, -7.979171087495708 ] ] ] ] } },
{ "type": "Feature", "properties": { "Kelas": "Tinggi", "SKOR_LONGSOR": 0 }, "geometry": { "type": "MultiPolygon", "coordinates": [ [ [ [ 110.3980281, -7.979289 ], [ 110.397883396203838, -7.979566198969529 ], [ 110.397883396203838, -7.979171087495708 ], [ 110.398070040582837, -7.979171087495708 ], [ 110.3980281, -7.979289 ] ] ] ] } },
{ "type": "Feature", "properties": { "Kelas": "Sangat Rendah", "SKOR_LONGSOR": 1 }, "geometry": { "type": "MultiPolygon", "coordinates": [ [ [ [ 110.347577740293133, -7.980066584884573 ], [ 110.348476055577265, -7.980066584884573 ], [ 110.348476055577265, -7.980962080285627 ], [ 110.347577740293133, -7.980962080285627 ], [ 110.347577740293133, -7.980066584884573 ] ] ] ] } },
{ "type": "Feature", "properties": { "Kelas": "Cukup Tinggi", "SKOR_LONGSOR": 4 }, "geometry": { "type": "MultiPolygon", "coordinates": [ [ [ [ 110.3770854, -7.9804048 ], [ 110.376698554242978, -7.980066584884573 ], [ 110.377222144669091, -7.980066584884573 ], [ 110.377222144669091, -7.980475645423164 ], [ 110.3770854, -7.9804048 ] ] ] ] } },
{ "type": "Feature", "properties": { "Kelas": "Cukup Tinggi", "SKOR_LONGSOR": 4 }, "geometry": { "type": "MultiPolygon", "coordinates": [ [ [ [ 110.387045886895905, -7.981857573698641 ], [ 110.380287109015555, -7.981857573698641 ], [ 110.3802211, -7.9818358 ], [ 110.3800075, -7.98176 ], [ 110.3786419, -7.9812112 ], [ 110.378161053229888, -7.980962080285627 ], [ 110.387103612794405, -7.980962080285627 ], [ 110.387103612794405, -7.981843256457325 ], [ 110.387045886895905, -7.981857573698641 ] ] ] ] } },
{ "type": "Feature", "properties": { "Kelas": "Sedang", "SKOR_LONGSOR": 3 }, "geometry": { "type": "MultiPolygon", "coordinates": [ [ [ [ 110.387103612794405, -7.981843256457325 ], [ 110.387103612794405, -7.980962080285627 ], [ 110.388001928078523, -7.980962080285627 ], [ 110.388001928078523, -7.981620455305062 ], [ 110.387103612794405, -7.981843256457325 ] ] ] ] } },
{ "type": "Feature", "properties": { "Kelas": "Cukup Tinggi", "SKOR_LONGSOR": 4 }, "geometry": { "type": "MultiPolygon", "coordinates": [ [ [ [ 110.3897731, -7.980997 ], [ 110.3886592, -7.9814391 ], [ 110.3880336, -7.9816126 ], [ 110.388001928078523, -7.981620455305062 ], [ 110.388001928078523, -7.980962080285627 ], [ 110.38979855864676, -7.980962080285627 ], [ 110.38979855864676, -7.980979946651397 ], [ 110.3897731, -7.980997 ] ] ] ] } },
{ "type": "Feature", "properties": { "Kelas": "Sangat Rendah", "SKOR_LONGSOR": 1 }, "geometry": { "type": "MultiPolygon", "coordinates": [ [ [ [ 110.3868587, -7.981904 ], [ 110.3863094, -7.9819026 ], [ 110.386205297510273, -7.981919054132917 ], [ 110.386205297510273, -7.981857573698641 ], [ 110.387045886895905, -7.981857573698641 ], [ 110.3868587, -7.981904 ] ] ] ] } },
{ "type": "Feature", "properties": { "Kelas": "Cukup Tinggi", "SKOR_LONGSOR": 4 }, "geometry": { "type": "MultiPolygon", "coordinates": [ [ [ [ 110.410459810181507, -7.972281382080142 ], [ 110.410459810181507, -7.972007036849451 ], [ 110.41135812546564, -7.972007036849451 ], [ 110.41135812546564, -7.972035561296257 ], [ 110.410459810181507, -7.972281382080142 ] ] ], [ [ [ 110.407764864329152, -7.969320485084405 ], [ 110.407764864329152, -7.971111521580011 ], [ 110.408663179613271, -7.971111521580011 ], [ 110.408663179613271, -7.970216004324921 ], [ 110.409561494897403, -7.970216004324921 ], [ 110.409561494897403, -7.972171546693682 ], [ 110.408664, -7.9719699 ], [ 110.4073186, -7.9708889 ], [ 110.405968233760916, -7.969988685571265 ], [ 110.405968233760916, -7.969320485084405 ], [ 110.407764864329152, -7.969320485084405 ] ] ], [ [ [ 110.39698508091972, -7.96842496385868 ], [ 110.398781711487956, -7.96842496385868 ], [ 110.398781711487956, -7.969320485084405 ], [ 110.399661312665145, -7.969320485084405 ], [ 110.3986849, -7.9696535 ], [ 110.397883396203838, -7.969809093825187 ], [ 110.397883396203838, -7.969320485084405 ], [ 110.39698508091972, -7.969320485084405 ], [ 110.39698508091972, -7.96842496385868 ] ] ], [ [ [ 110.402374972624443, -7.967529440647958 ], [ 110.403273287908561, -7.967529440647958 ], [ 110.403273287908561, -7.96896686726749 ], [ 110.4027752, -7.9688681 ], [ 110.400578342056193, -7.969092170723181 ], [ 110.400578342056193, -7.96842496385868 ], [ 110.399680026772074, -7.96842496385868 ], [ 110.399680026772074, -7.967529440647958 ], [ 110.400578342056193, -7.967529440647958 ], [ 110.400578342056193, -7.965738388272406 ], [ 110.398781711487956, -7.965738388272406 ], [ 110.398781711487956, -7.964842859108003 ], [ 110.39698508091972, -7.964842859108003 ], [ 110.39698508091972, -7.965738388272406 ], [ 110.397883396203838, -7.965738388272406 ], [ 110.397883396203838, -7.96663391545246 ], [ 110.396086765635602, -7.96663391545246 ], [ 110.396086765635602, -7.967529440647958 ], [ 110.39698508091972, -7.967529440647958 ], [ 110.39698508091972, -7.96842496385868 ], [ 110.396086765635602, -7.96842496385868 ], [ 110.396086765635602, -7.969320485084405 ], [ 110.395188450351469, -7.969320485084405 ], [ 110.395188450351469, -7.970216004324921 ], [ 110.397020073853724, -7.970216004324921 ], [ 110.3970939, -7.9702606 ], [ 110.3971889, -7.9704507 ], [ 110.3972763, -7.9706256 ], [ 110.3973519, -7.971055 ], [ 110.397366, -7.971249 ], [ 110.3973331, -7.9714181 ], [ 110.3973108, -7.9716658 ], [ 110.397215, -7.9717889 ], [ 110.396899, -7.9719253 ], [ 110.396754, -7.9720307 ], [ 110.3966241, -7.9721091 ], [ 110.3965423, -7.9722411 ], [ 110.3965938, -7.9725298 ], [ 110.396724, -7.9727708 ], [ 110.396707290721025, -7.972902550133032 ], [ 110.396086765635602, -7.972902550133032 ], [ 110.396086765635602, -7.974693570741735 ], [ 110.394290135067365, -7.974693570741735 ], [ 110.394290135067365, -7.975589078066425 ], [ 110.393391819783233, -7.975589078066425 ], [ 110.393391819783233, -7.977380086755393 ], [ 110.39698508091972, -7.977380086755393 ], [ 110.39698508091972, -7.976484583404382 ], [ 110.397883396203838, -7.976484583404382 ], [ 110.397883396203838, -7.975589078066425 ], [ 110.39698508091972, -7.975589078066425 ], [ 110.39698508091972, -7.974347704428005 ], [ 110.3972042, -7.974494 ], [ 110.3974941, -7.9745991 ], [ 110.3975179, -7.9746421 ], [ 110.3976154, -7.9747633 ], [ 110.3976544, -7.9748415 ], [ 110.3976935, -7.9749131 ], [ 110.3977781, -7.9751215 ], [ 110.3979733, -7.9755512 ], [ 110.3981358, -7.9759744 ], [ 110.3983507, -7.9763652 ], [ 110.3984028, -7.9764368 ], [ 110.3984705, -7.9765329 ], [ 110.3984939, -7.9766582 ], [ 110.3986888, -7.9772442 ], [ 110.3984631, -7.9779238 ], [ 110.3983791, -7.9783311 ], [ 110.3982418, -7.9786882 ], [ 110.398070040582837, -7.979171087495708 ], [ 110.397883396203838, -7.979171087495708 ], [ 110.397883396203838, -7.979566198969529 ], [ 110.3977306, -7.9798589 ], [ 110.3974941, -7.9802217 ], [ 110.3973033, -7.9803905 ], [ 110.3968227, -7.9806776 ], [ 110.395188450351469, -7.980984021809099 ], [ 110.395188450351469, -7.980962080285627 ], [ 110.39507712794763, -7.980962080285627 ], [ 110.3947704, -7.980885 ], [ 110.394290135067365, -7.980734563146921 ], [ 110.394290135067365, -7.980066584884573 ], [ 110.393391819783233, -7.980066584884573 ], [ 110.393391819783233, -7.978275588119243 ], [ 110.391595189214996, -7.978275588119243 ], [ 110.391595189214996, -7.977380086755393 ], [ 110.38979855864676, -7.977380086755393 ], [ 110.38979855864676, -7.980066584884573 ], [ 110.388900243362642, -7.980066584884573 ], [ 110.388900243362642, -7.978275588119243 ], [ 110.388001928078523, -7.978275588119243 ], [ 110.388001928078523, -7.974693570741735 ], [ 110.387103612794405, -7.974693570741735 ], [ 110.387103612794405, -7.970216004324921 ], [ 110.386205297510273, -7.970216004324921 ], [ 110.386205297510273, -7.969320485084405 ], [ 110.385306982226169, -7.969320485084405 ], [ 110.385306982226169, -7.96842496385868 ], [ 110.386205297510273, -7.96842496385868 ], [ 110.386205297510273, -7.967529440647958 ], [ 110.384408666942036, -7.967529440647958 ], [ 110.384408666942036, -7.965738388272406 ], [ 110.383510351657932, -7.965738388272406 ], [ 110.383510351657932, -7.964842859108003 ], [ 110.381713721089696, -7.964842859108003 ], [ 110.381713721089696, -7.965738388272406 ], [ 110.380815405805564, -7.965738388272406 ], [ 110.380815405805564, -7.963947327959476 ], [ 110.381713721089696, -7.963947327959476 ], [ 110.381713721089696, -7.962156259710917 ], [ 110.3826120363738, -7.962156259710917 ], [ 110.3826120363738, -7.960365183528459 ], [ 110.383510351657932, -7.960365183528459 ], [ 110.383510351657932, -7.959469642462557 ], [ 110.385306982226169, -7.959469642462557 ], [ 110.385306982226169, -7.95767855438251 ], [ 110.386205297510273, -7.95767855438251 ], [ 110.386205297510273, -7.954991907395059 ], [ 110.387103612794405, -7.954991907395059 ], [ 110.387103612794405, -7.959469642462557 ], [ 110.386205297510273, -7.959469642462557 ], [ 110.386205297510273, -7.960365183528459 ], [ 110.385306982226169, -7.960365183528459 ], [ 110.385306982226169, -7.962156259710917 ], [ 110.384408666942036, -7.962156259710917 ], [ 110.384408666942036, -7.963051794827043 ], [ 110.386205297510273, -7.963051794827043 ], [ 110.386205297510273, -7.962156259710917 ], [ 110.388001928078523, -7.962156259710917 ], [ 110.388001928078523, -7.961260722611314 ], [ 110.388900243362642, -7.961260722611314 ], [ 110.388900243362642, -7.960365183528459 ], [ 110.391595189214996, -7.960365183528459 ], [ 110.391595189214996, -7.961260722611314 ], [ 110.392493504499129, -7.961260722611314 ], [ 110.392493504499129, -7.963947327959476 ], [ 110.393391819783233, -7.963947327959476 ], [ 110.393391819783233, -7.961260722611314 ], [ 110.394290135067365, -7.961260722611314 ], [ 110.394290135067365, -7.960365183528459 ], [ 110.393391819783233, -7.960365183528459 ], [ 110.393391819783233, -7.958574099413836 ], [ 110.394290135067365, -7.958574099413836 ], [ 110.394290135067365, -7.95767855438251 ], [ 110.393391819783233, -7.95767855438251 ], [ 110.393391819783233, -7.954096354435476 ], [ 110.394290135067365, -7.954096354435476 ], [ 110.394290135067365, -7.953200799494374 ], [ 110.39698508091972, -7.953200799494374 ], [ 110.39698508091972, -7.952305242571969 ], [ 110.397883396203838, -7.952305242571969 ], [ 110.397883396203838, -7.954991907395059 ], [ 110.399680026772074, -7.954991907395059 ], [ 110.399680026772074, -7.955887458372901 ], [ 110.400578342056193, -7.955887458372901 ], [ 110.400578342056193, -7.956783007368792 ], [ 110.402374972624443, -7.956783007368792 ], [ 110.402374972624443, -7.955887458372901 ], [ 110.401476657340311, -7.955887458372901 ], [ 110.401476657340311, -7.954991907395059 ], [ 110.400578342056193, -7.954991907395059 ], [ 110.400578342056193, -7.954096354435476 ], [ 110.399680026772074, -7.954096354435476 ], [ 110.399680026772074, -7.953200799494374 ], [ 110.401476657340311, -7.953200799494374 ], [ 110.401476657340311, -7.952305242571969 ], [ 110.402374972624443, -7.952305242571969 ], [ 110.402374972624443, -7.953200799494374 ], [ 110.403273287908561, -7.953200799494374 ], [ 110.403273287908561, -7.954096354435476 ], [ 110.40417160319268, -7.954096354435476 ], [ 110.40417160319268, -7.954991907395059 ], [ 110.405968233760916, -7.954991907395059 ], [ 110.405968233760916, -7.955887458372901 ], [ 110.407764864329152, -7.955887458372901 ], [ 110.407764864329152, -7.95767855438251 ], [ 110.409561494897403, -7.95767855438251 ], [ 110.409561494897403, -7.956783007368792 ], [ 110.410459810181507, -7.956783007368792 ], [ 110.410459810181507, -7.955887458372901 ], [ 110.408663179613271, -7.955887458372901 ], [ 110.408663179613271, -7.954991907395059 ], [ 110.407764864329152, -7.954991907395059 ], [ 110.407764864329152, -7.954096354435476 ], [ 110.408663179613271, -7.954096354435476 ], [ 110.408663179613271, -7.953200799494374 ], [ 110.41135812546564, -7.953200799494374 ], [ 110.41135812546564, -7.952305242571969 ], [ 110.406866549045034, -7.952305242571969 ], [ 110.406866549045034, -7.951409683668476 ], [ 110.407764864329152, -7.951409683668476 ], [ 110.407764864329152, -7.949618559919101 ], [ 110.408663179613271, -7.949618559919101 ], [ 110.408663179613271, -7.950514122784115 ], [ 110.409561494897403, -7.950514122784115 ], [ 110.409561494897403, -7.949618559919101 ], [ 110.410459810181507, -7.949618559919101 ], [ 110.410459810181507, -7.950514122784115 ], [ 110.412256440749744, -7.950514122784115 ], [ 110.412256440749744, -7.954096354435476 ], [ 110.413154756033876, -7.954096354435476 ], [ 110.413154756033876, -7.953200799494374 ], [ 110.414053071317994, -7.953200799494374 ], [ 110.414053071317994, -7.950514122784115 ], [ 110.414951386602112, -7.950514122784115 ], [ 110.414951386602112, -7.951409683668476 ], [ 110.418544647738585, -7.951409683668476 ], [ 110.418544647738585, -7.950514122784115 ], [ 110.420341278306836, -7.950514122784115 ], [ 110.420341278306836, -7.949618559919101 ], [ 110.42123959359094, -7.949618559919101 ], [ 110.42123959359094, -7.950514122784115 ], [ 110.422137908875072, -7.950514122784115 ], [ 110.422137908875072, -7.951409683668476 ], [ 110.42123959359094, -7.951409683668476 ], [ 110.42123959359094, -7.954096354435476 ], [ 110.420341278306836, -7.954096354435476 ], [ 110.420341278306836, -7.95767855438251 ], [ 110.42123959359094, -7.95767855438251 ], [ 110.42123959359094, -7.960365183528459 ], [ 110.420341278306836, -7.960365183528459 ], [ 110.420341278306836, -7.959469642462557 ], [ 110.419442963022703, -7.959469642462557 ], [ 110.419442963022703, -7.958574099413836 ], [ 110.417646332454467, -7.958574099413836 ], [ 110.417646332454467, -7.95767855438251 ], [ 110.418544647738585, -7.95767855438251 ], [ 110.418544647738585, -7.956783007368792 ], [ 110.419442963022703, -7.956783007368792 ], [ 110.419442963022703, -7.954991907395059 ], [ 110.418544647738585, -7.954991907395059 ], [ 110.418544647738585, -7.955887458372901 ], [ 110.417646332454467, -7.955887458372901 ], [ 110.417646332454467, -7.954096354435476 ], [ 110.415849701886231, -7.954096354435476 ], [ 110.415849701886231, -7.953200799494374 ], [ 110.414951386602112, -7.953200799494374 ], [ 110.414951386602112, -7.954991907395059 ], [ 110.415849701886231, -7.954991907395059 ], [ 110.415849701886231, -7.955887458372901 ], [ 110.414951386602112, -7.955887458372901 ], [ 110.414951386602112, -7.958574099413836 ], [ 110.414053071317994, -7.958574099413836 ], [ 110.414053071317994, -7.95767855438251 ], [ 110.413154756033876, -7.95767855438251 ], [ 110.413154756033876, -7.956783007368792 ], [ 110.412256440749744, -7.956783007368792 ], [ 110.412256440749744, -7.95767855438251 ], [ 110.41135812546564, -7.95767855438251 ], [ 110.41135812546564, -7.959469642462557 ], [ 110.412256440749744, -7.959469642462557 ], [ 110.412256440749744, -7.960365183528459 ], [ 110.41135812546564, -7.960365183528459 ], [ 110.41135812546564, -7.961260722611314 ], [ 110.410459810181507, -7.961260722611314 ], [ 110.410459810181507, -7.962156259710917 ], [ 110.409561494897403, -7.962156259710917 ], [ 110.409561494897403, -7.963051794827043 ], [ 110.408663179613271, -7.963051794827043 ], [ 110.408663179613271, -7.964842859108003 ], [ 110.407764864329152, -7.964842859108003 ], [ 110.407764864329152, -7.965738388272406 ], [ 110.406866549045034, -7.965738388272406 ], [ 110.406866549045034, -7.967529440647958 ], [ 110.405968233760916, -7.967529440647958 ], [ 110.405968233760916, -7.969320485084405 ], [ 110.404769406184627, -7.969320485084405 ], [ 110.4046028, -7.9692305 ], [ 110.40417160319268, -7.969144996759152 ], [ 110.40417160319268, -7.967529440647958 ], [ 110.405069918476798, -7.967529440647958 ], [ 110.405069918476798, -7.96663391545246 ], [ 110.402374972624443, -7.96663391545246 ], [ 110.402374972624443, -7.967529440647958 ] ], [ [ 110.393391819783233, -7.964842859108003 ], [ 110.394290135067365, -7.964842859108003 ], [ 110.394290135067365, -7.963947327959476 ], [ 110.393391819783233, -7.963947327959476 ], [ 110.393391819783233, -7.964842859108003 ] ], [ [ 110.402374972624443, -7.95767855438251 ], [ 110.403273287908561, -7.95767855438251 ], [ 110.403273287908561, -7.958574099413836 ], [ 110.40417160319268, -7.958574099413836 ], [ 110.40417160319268, -7.959469642462557 ], [ 110.405069918476798, -7.959469642462557 ], [ 110.405069918476798, -7.95767855438251 ], [ 110.40417160319268, -7.95767855438251 ], [ 110.40417160319268, -7.956783007368792 ], [ 110.402374972624443, -7.956783007368792 ], [ 110.402374972624443, -7.95767855438251 ] ], [ [ 110.402374972624443, -7.954096354435476 ], [ 110.402374972624443, -7.954991907395059 ], [ 110.403273287908561, -7.954991907395059 ], [ 110.403273287908561, -7.954096354435476 ], [ 110.402374972624443, -7.954096354435476 ] ], [ [ 110.390696873930878, -7.972902550133032 ], [ 110.388900243362642, -7.972902550133032 ], [ 110.388900243362642, -7.974693570741735 ], [ 110.390696873930878, -7.974693570741735 ], [ 110.390696873930878, -7.972902550133032 ] ], [ [ 110.393391819783233, -7.972007036849451 ], [ 110.392493504499129, -7.972007036849451 ], [ 110.392493504499129, -7.972902550133032 ], [ 110.394290135067365, -7.972902550133032 ], [ 110.394290135067365, -7.971111521580011 ], [ 110.393391819783233, -7.971111521580011 ], [ 110.393391819783233, -7.972007036849451 ] ], [ [ 110.394290135067365, -7.967529440647958 ], [ 110.395188450351469, -7.967529440647958 ], [ 110.395188450351469, -7.96663391545246 ], [ 110.394290135067365, -7.96663391545246 ], [ 110.394290135067365, -7.967529440647958 ] ], [ [ 110.396086765635602, -7.961260722611314 ], [ 110.39698508091972, -7.961260722611314 ], [ 110.39698508091972, -7.960365183528459 ], [ 110.397883396203838, -7.960365183528459 ], [ 110.397883396203838, -7.959469642462557 ], [ 110.39698508091972, -7.959469642462557 ], [ 110.39698508091972, -7.958574099413836 ], [ 110.396086765635602, -7.958574099413836 ], [ 110.396086765635602, -7.961260722611314 ] ] ] ] } },
{ "type": "Feature", "properties": { "Kelas": "Tinggi", "SKOR_LONGSOR": 0 }, "geometry": { "type": "MultiPolygon", "coordinates": [ [ [ [ 110.4284261158639, -7.970203170674785 ], [ 110.4284261158639, -7.967529440647958 ], [ 110.430222746432136, -7.967529440647958 ], [ 110.430222746432136, -7.96842496385868 ], [ 110.430225580228495, -7.96842496385868 ], [ 110.4297047, -7.9688995 ], [ 110.4291019, -7.9695876 ], [ 110.4284261158639, -7.970203170674785 ] ] ], [ [ [ 110.436510953420978, -7.966789129804874 ], [ 110.4364167, -7.9667818 ], [ 110.4357072, -7.96682 ], [ 110.435305398856585, -7.96663391545246 ], [ 110.436510953420978, -7.96663391545246 ], [ 110.436510953420978, -7.966789129804874 ] ] ], [ [ [ 110.432019377000373, -7.965738388272406 ], [ 110.432137488203708, -7.965738388272406 ], [ 110.432019377000373, -7.965964525727239 ], [ 110.432019377000373, -7.965738388272406 ] ] ] ] } },
{ "type": "Feature", "properties": { "Kelas": "Cukup Rendah", "SKOR_LONGSOR": 2 }, "geometry": { "type": "MultiPolygon", "coordinates": [ [ [ [ 110.350343, -7.9750935 ], [ 110.3501748, -7.9753609 ], [ 110.3500705, -7.9757396 ], [ 110.3508849, -7.9773471 ], [ 110.350902714924061, -7.977380086755393 ], [ 110.350272686145502, -7.977380086755393 ], [ 110.350272686145502, -7.978275588119243 ], [ 110.349374370861383, -7.978275588119243 ], [ 110.349374370861383, -7.980066584884573 ], [ 110.35117100142962, -7.980066584884573 ], [ 110.35117100142962, -7.980962080285627 ], [ 110.350272686145502, -7.980962080285627 ], [ 110.350272686145502, -7.981857573698641 ], [ 110.349374370861383, -7.981857573698641 ], [ 110.349374370861383, -7.980962080285627 ], [ 110.348476055577265, -7.980962080285627 ], [ 110.348476055577265, -7.981857573698641 ], [ 110.347577740293133, -7.981857573698641 ], [ 110.347577740293133, -7.983648554559712 ], [ 110.346679425009029, -7.983648554559712 ], [ 110.346679425009029, -7.977380086755393 ], [ 110.348476055577265, -7.977380086755393 ], [ 110.348476055577265, -7.976484583404382 ], [ 110.349374370861383, -7.976484583404382 ], [ 110.349374370861383, -7.974693570741735 ], [ 110.350272686145502, -7.974693570741735 ], [ 110.350272686145502, -7.973798061430529 ], [ 110.35117100142962, -7.973798061430529 ], [ 110.35117100142962, -7.972902550133032 ], [ 110.352069316713738, -7.972902550133032 ], [ 110.352069316713738, -7.972007036849451 ], [ 110.352967631997856, -7.972007036849451 ], [ 110.352967631997856, -7.974693570741735 ], [ 110.353865947281975, -7.974693570741735 ], [ 110.353865947281975, -7.975589078066425 ], [ 110.352967631997856, -7.975589078066425 ], [ 110.352967631997856, -7.976484583404382 ], [ 110.352069316713738, -7.976484583404382 ], [ 110.352069316713738, -7.976519828572346 ], [ 110.3517126, -7.9757984 ], [ 110.3512382, -7.9750726 ], [ 110.350343, -7.9750935 ] ], [ [ 110.348476055577265, -7.980066584884573 ], [ 110.347577740293133, -7.980066584884573 ], [ 110.347577740293133, -7.980962080285627 ], [ 110.348476055577265, -7.980962080285627 ], [ 110.348476055577265, -7.980066584884573 ] ] ] ] } },
{ "type": "Feature", "properties": { "Kelas": "Cukup Tinggi", "SKOR_LONGSOR": 4 }, "geometry": { "type": "MultiPolygon", "coordinates": [ [ [ [ 110.347577740293133, -7.981857573698641 ], [ 110.348476055577265, -7.981857573698641 ], [ 110.348476055577265, -7.98275306512341 ], [ 110.349374370861383, -7.98275306512341 ], [ 110.349374370861383, -7.983648554559712 ], [ 110.347577740293133, -7.983648554559712 ], [ 110.347577740293133, -7.981857573698641 ] ] ] ] } },
{ "type": "Feature", "properties": { "Kelas": "Sangat Rendah", "SKOR_LONGSOR": 1 }, "geometry": { "type": "MultiPolygon", "coordinates": [ [ [ [ 110.345781109724896, -7.980962080285627 ], [ 110.346679425009029, -7.980962080285627 ], [ 110.346679425009029, -7.983648554559712 ], [ 110.344882794440792, -7.983648554559712 ], [ 110.344882794440792, -7.98275306512341 ], [ 110.345781109724896, -7.98275306512341 ], [ 110.345781109724896, -7.980962080285627 ] ] ] ] } },
{ "type": "Feature", "properties": { "Kelas": "Cukup Rendah", "SKOR_LONGSOR": 2 }, "geometry": { "type": "MultiPolygon", "coordinates": [ [ [ [ 110.34398447915666, -7.983648554559712 ], [ 110.344882794440792, -7.983648554559712 ], [ 110.344882794440792, -7.98454404200733 ], [ 110.34398447915666, -7.98454404200733 ], [ 110.34398447915666, -7.983648554559712 ] ] ] ] } },
{ "type": "Feature", "properties": { "Kelas": "Sedang", "SKOR_LONGSOR": 3 }, "geometry": { "type": "MultiPolygon", "coordinates": [ [ [ [ 110.344882794440792, -7.983648554559712 ], [ 110.345781109724896, -7.983648554559712 ], [ 110.345781109724896, -7.98454404200733 ], [ 110.344882794440792, -7.98454404200733 ], [ 110.344882794440792, -7.983648554559712 ] ] ] ] } },
{ "type": "Feature", "properties": { "Kelas": "Cukup Tinggi", "SKOR_LONGSOR": 4 }, "geometry": { "type": "MultiPolygon", "coordinates": [ [ [ [ 110.345781109724896, -7.983648554559712 ], [ 110.347577740293133, -7.983648554559712 ], [ 110.347577740293133, -7.985439527466046 ], [ 110.346679425009029, -7.985439527466046 ], [ 110.346679425009029, -7.98454404200733 ], [ 110.345781109724896, -7.98454404200733 ], [ 110.345781109724896, -7.983648554559712 ] ] ] ] } },
{ "type": "Feature", "properties": { "Kelas": "Sangat Rendah", "SKOR_LONGSOR": 1 }, "geometry": { "type": "MultiPolygon", "coordinates": [ [ [ [ 110.343086163872542, -7.98454404200733 ], [ 110.34398447915666, -7.98454404200733 ], [ 110.34398447915666, -7.985439527466046 ], [ 110.343086163872542, -7.985439527466046 ], [ 110.343086163872542, -7.98454404200733 ] ] ] ] } },
{ "type": "Feature", "properties": { "Kelas": "Cukup Tinggi", "SKOR_LONGSOR": 4 }, "geometry": { "type": "MultiPolygon", "coordinates": [ [ [ [ 110.34398447915666, -7.98454404200733 ], [ 110.345781109724896, -7.98454404200733 ], [ 110.345781109724896, -7.986335010935646 ], [ 110.344882794440792, -7.986335010935646 ], [ 110.344882794440792, -7.985439527466046 ], [ 110.34398447915666, -7.985439527466046 ], [ 110.34398447915666, -7.98454404200733 ] ] ] ] } },
{ "type": "Feature", "properties": { "Kelas": "Sangat Rendah", "SKOR_LONGSOR": 1 }, "geometry": { "type": "MultiPolygon", "coordinates": [ [ [ [ 110.340391218020187, -7.985439527466046 ], [ 110.341289533304305, -7.985439527466046 ], [ 110.341289533304305, -7.986335010935646 ], [ 110.340391218020187, -7.986335010935646 ], [ 110.340391218020187, -7.985439527466046 ] ] ] ] } },
{ "type": "Feature", "properties": { "Kelas": "Cukup Rendah", "SKOR_LONGSOR": 2 }, "geometry": { "type": "MultiPolygon", "coordinates": [ [ [ [ 110.342187848588424, -7.98454404200733 ], [ 110.343086163872542, -7.98454404200733 ], [ 110.343086163872542, -7.986335010935646 ], [ 110.341289533304305, -7.986335010935646 ], [ 110.341289533304305, -7.985439527466046 ], [ 110.342187848588424, -7.985439527466046 ], [ 110.342187848588424, -7.98454404200733 ] ] ] ] } },
{ "type": "Feature", "properties": { "Kelas": "Tinggi", "SKOR_LONGSOR": 0 }, "geometry": { "type": "MultiPolygon", "coordinates": [ [ [ [ 110.34398447915666, -7.985439527466046 ], [ 110.344882794440792, -7.985439527466046 ], [ 110.344882794440792, -7.986335010935646 ], [ 110.34398447915666, -7.986335010935646 ], [ 110.34398447915666, -7.985439527466046 ] ] ] ] } },
{ "type": "Feature", "properties": { "Kelas": "Sangat Rendah", "SKOR_LONGSOR": 1 }, "geometry": { "type": "MultiPolygon", "coordinates": [ [ [ [ 110.323323227621927, -7.986335010935646 ], [ 110.324221542906031, -7.986335010935646 ], [ 110.324221542906031, -7.987230492415909 ], [ 110.323323227621927, -7.987230492415909 ], [ 110.323323227621927, -7.986335010935646 ] ] ] ] } },
{ "type": "Feature", "properties": { "Kelas": "Sangat Rendah", "SKOR_LONGSOR": 1 }, "geometry": { "type": "MultiPolygon", "coordinates": [ [ [ [ 110.339492902736069, -7.986335010935646 ], [ 110.340391218020187, -7.986335010935646 ], [ 110.340391218020187, -7.988125971906618 ], [ 110.339492902736069, -7.988125971906618 ], [ 110.339492902736069, -7.986335010935646 ] ] ] ] } },
{ "type": "Feature", "properties": { "Kelas": "Cukup Rendah", "SKOR_LONGSOR": 2 }, "geometry": { "type": "MultiPolygon", "coordinates": [ [ [ [ 110.340391218020187, -7.986335010935646 ], [ 110.341289533304305, -7.986335010935646 ], [ 110.341289533304305, -7.987230492415909 ], [ 110.340391218020187, -7.987230492415909 ], [ 110.340391218020187, -7.986335010935646 ] ] ] ] } },
{ "type": "Feature", "properties": { "Kelas": "Cukup Tinggi", "SKOR_LONGSOR": 4 }, "geometry": { "type": "MultiPolygon", "coordinates": [ [ [ [ 110.345781109724896, -7.986335010935646 ], [ 110.346679425009029, -7.986335010935646 ], [ 110.346679425009029, -7.987230492415909 ], [ 110.345781109724896, -7.987230492415909 ], [ 110.345781109724896, -7.986335010935646 ] ] ] ] } },
{ "type": "Feature", "properties": { "Kelas": "Sangat Rendah", "SKOR_LONGSOR": 1 }, "geometry": { "type": "MultiPolygon", "coordinates": [ [ [ [ 110.322424912337794, -7.987230492415909 ], [ 110.323323227621927, -7.987230492415909 ], [ 110.323323227621927, -7.988125971906618 ], [ 110.322424912337794, -7.988125971906618 ], [ 110.322424912337794, -7.987230492415909 ] ] ] ] } },
{ "type": "Feature", "properties": { "Kelas": "Cukup Rendah", "SKOR_LONGSOR": 2 }, "geometry": { "type": "MultiPolygon", "coordinates": [ [ [ [ 110.323323227621927, -7.987230492415909 ], [ 110.325119858190163, -7.987230492415909 ], [ 110.325119858190163, -7.988125971906618 ], [ 110.323323227621927, -7.988125971906618 ], [ 110.323323227621927, -7.987230492415909 ] ] ] ] } },
{ "type": "Feature", "properties": { "Kelas": "Sangat Rendah", "SKOR_LONGSOR": 1 }, "geometry": { "type": "MultiPolygon", "coordinates": [ [ [ [ 110.3367979568837, -7.987230492415909 ], [ 110.338594587451951, -7.987230492415909 ], [ 110.338594587451951, -7.988125971906618 ], [ 110.3367979568837, -7.988125971906618 ], [ 110.3367979568837, -7.987230492415909 ] ] ] ] } },
{ "type": "Feature", "properties": { "Kelas": "Cukup Tinggi", "SKOR_LONGSOR": 4 }, "geometry": { "type": "MultiPolygon", "coordinates": [ [ [ [ 110.343086163872542, -7.985439527466046 ], [ 110.34398447915666, -7.985439527466046 ], [ 110.34398447915666, -7.986335010935646 ], [ 110.344882794440792, -7.986335010935646 ], [ 110.344882794440792, -7.987230492415909 ], [ 110.34398447915666, -7.987230492415909 ], [ 110.34398447915666, -7.988125971906618 ], [ 110.343086163872542, -7.988125971906618 ], [ 110.343086163872542, -7.989021449407562 ], [ 110.341289533304305, -7.989021449407562 ], [ 110.341289533304305, -7.988125971906618 ], [ 110.340391218020187, -7.988125971906618 ], [ 110.340391218020187, -7.987230492415909 ], [ 110.341289533304305, -7.987230492415909 ], [ 110.341289533304305, -7.986335010935646 ], [ 110.343086163872542, -7.986335010935646 ], [ 110.343086163872542, -7.985439527466046 ] ] ] ] } },
{ "type": "Feature", "properties": { "Kelas": "Sangat Rendah", "SKOR_LONGSOR": 1 }, "geometry": { "type": "MultiPolygon", "coordinates": [ [ [ [ 110.321526597053676, -7.988125971906618 ], [ 110.322424912337794, -7.988125971906618 ], [ 110.322424912337794, -7.989021449407562 ], [ 110.321526597053676, -7.989021449407562 ], [ 110.321526597053676, -7.988125971906618 ] ] ] ] } },
{ "type": "Feature", "properties": { "Kelas": "Sedang", "SKOR_LONGSOR": 3 }, "geometry": { "type": "MultiPolygon", "coordinates": [ [ [ [ 110.322424912337794, -7.988125971906618 ], [ 110.326018173474267, -7.988125971906618 ], [ 110.326018173474267, -7.989021449407562 ], [ 110.322424912337794, -7.989021449407562 ], [ 110.322424912337794, -7.988125971906618 ] ] ] ] } },
{ "type": "Feature", "properties": { "Kelas": "Cukup Rendah", "SKOR_LONGSOR": 2 }, "geometry": { "type": "MultiPolygon", "coordinates": [ [ [ [ 110.326018173474267, -7.988125971906618 ], [ 110.3269164887584, -7.988125971906618 ], [ 110.3269164887584, -7.989021449407562 ], [ 110.326018173474267, -7.989021449407562 ], [ 110.326018173474267, -7.988125971906618 ] ] ] ] } },
{ "type": "Feature", "properties": { "Kelas": "Tinggi", "SKOR_LONGSOR": 0 }, "geometry": { "type": "MultiPolygon", "coordinates": [ [ [ [ 110.340391218020187, -7.988125971906618 ], [ 110.341289533304305, -7.988125971906618 ], [ 110.341289533304305, -7.989021449407562 ], [ 110.340391218020187, -7.989021449407562 ], [ 110.340391218020187, -7.988125971906618 ] ] ] ] } },
{ "type": "Feature", "properties": { "Kelas": "Sedang", "SKOR_LONGSOR": 3 }, "geometry": { "type": "MultiPolygon", "coordinates": [ [ [ [ 110.353865947281975, -7.98894484740547 ], [ 110.353865947281975, -7.989021449407562 ], [ 110.353771164143168, -7.989021449407562 ], [ 110.353865947281975, -7.98894484740547 ] ] ] ] } },
{ "type": "Feature", "properties": { "Kelas": "Cukup Rendah", "SKOR_LONGSOR": 2 }, "geometry": { "type": "MultiPolygon", "coordinates": [ [ [ [ 110.320628281769558, -7.989021449407562 ], [ 110.321526597053676, -7.989021449407562 ], [ 110.321526597053676, -7.989916924918518 ], [ 110.320628281769558, -7.989916924918518 ], [ 110.320628281769558, -7.989021449407562 ] ] ] ] } },
{ "type": "Feature", "properties": { "Kelas": "Cukup Rendah", "SKOR_LONGSOR": 2 }, "geometry": { "type": "MultiPolygon", "coordinates": [ [ [ [ 110.338594587451951, -7.987230492415909 ], [ 110.339492902736069, -7.987230492415909 ], [ 110.339492902736069, -7.988125971906618 ], [ 110.340391218020187, -7.988125971906618 ], [ 110.340391218020187, -7.989021449407562 ], [ 110.338594587451951, -7.989021449407562 ], [ 110.338594587451951, -7.989916924918518 ], [ 110.337696272167832, -7.989916924918518 ], [ 110.337696272167832, -7.990812398439272 ], [ 110.3367979568837, -7.990812398439272 ], [ 110.3367979568837, -7.988125971906618 ], [ 110.338594587451951, -7.988125971906618 ], [ 110.338594587451951, -7.987230492415909 ] ] ] ] } },
{ "type": "Feature", "properties": { "Kelas": "Cukup Tinggi", "SKOR_LONGSOR": 4 }, "geometry": { "type": "MultiPolygon", "coordinates": [ [ [ [ 110.338594587451951, -7.989021449407562 ], [ 110.341289533304305, -7.989021449407562 ], [ 110.341289533304305, -7.989916924918518 ], [ 110.340391218020187, -7.989916924918518 ], [ 110.340391218020187, -7.990812398439272 ], [ 110.338594587451951, -7.990812398439272 ], [ 110.338594587451951, -7.989021449407562 ] ] ] ] } },
{ "type": "Feature", "properties": { "Kelas": "Sangat Rendah", "SKOR_LONGSOR": 1 }, "geometry": { "type": "MultiPolygon", "coordinates": [ [ [ [ 110.31972996648544, -7.989916924918518 ], [ 110.320628281769558, -7.989916924918518 ], [ 110.320628281769558, -7.990812398439272 ], [ 110.321526597053676, -7.990812398439272 ], [ 110.321526597053676, -7.992603339509301 ], [ 110.31972996648544, -7.992603339509301 ], [ 110.31972996648544, -7.989916924918518 ] ] ] ] } },
{ "type": "Feature", "properties": { "Kelas": "Cukup Tinggi", "SKOR_LONGSOR": 4 }, "geometry": { "type": "MultiPolygon", "coordinates": [ [ [ [ 110.321526597053676, -7.989021449407562 ], [ 110.327814804042518, -7.989021449407562 ], [ 110.327814804042518, -7.989916924918518 ], [ 110.328713119326636, -7.989916924918518 ], [ 110.328713119326636, -7.991707869969603 ], [ 110.327814804042518, -7.991707869969603 ], [ 110.327814804042518, -7.992603339509301 ], [ 110.3269164887584, -7.992603339509301 ], [ 110.3269164887584, -7.993498807058141 ], [ 110.325119858190163, -7.993498807058141 ], [ 110.325119858190163, -7.992603339509301 ], [ 110.323323227621927, -7.992603339509301 ], [ 110.323323227621927, -7.993498807058141 ], [ 110.321526597053676, -7.993498807058141 ], [ 110.321526597053676, -7.990812398439272 ], [ 110.320628281769558, -7.990812398439272 ], [ 110.320628281769558, -7.989916924918518 ], [ 110.321526597053676, -7.989916924918518 ], [ 110.321526597053676, -7.989021449407562 ] ] ] ] } },
{ "type": "Feature", "properties": { "Kelas": "Cukup Tinggi", "SKOR_LONGSOR": 4 }, "geometry": { "type": "MultiPolygon", "coordinates": [ [ [ [ 110.329611434610754, -7.989916924918518 ], [ 110.330509749894873, -7.989916924918518 ], [ 110.330509749894873, -7.991707869969603 ], [ 110.329611434610754, -7.991707869969603 ], [ 110.329611434610754, -7.989916924918518 ] ] ] ] } },
{ "type": "Feature", "properties": { "Kelas": "Tinggi", "SKOR_LONGSOR": 0 }, "geometry": { "type": "MultiPolygon", "coordinates": [ [ [ [ 110.337696272167832, -7.989916924918518 ], [ 110.338594587451951, -7.989916924918518 ], [ 110.338594587451951, -7.990812398439272 ], [ 110.337696272167832, -7.990812398439272 ], [ 110.337696272167832, -7.989916924918518 ] ] ] ] } },
{ "type": "Feature", "properties": { "Kelas": "Sedang", "SKOR_LONGSOR": 3 }, "geometry": { "type": "MultiPolygon", "coordinates": [ [ [ [ 110.330509749894873, -7.990812398439272 ], [ 110.331408065178991, -7.990812398439272 ], [ 110.331408065178991, -7.991707869969603 ], [ 110.330509749894873, -7.991707869969603 ], [ 110.330509749894873, -7.990812398439272 ] ] ] ] } },
{ "type": "Feature", "properties": { "Kelas": "Sangat Rendah", "SKOR_LONGSOR": 1 }, "geometry": { "type": "MultiPolygon", "coordinates": [ [ [ [ 110.331408065178991, -7.990812398439272 ], [ 110.332306380463109, -7.990812398439272 ], [ 110.332306380463109, -7.991707869969603 ], [ 110.331408065178991, -7.991707869969603 ], [ 110.331408065178991, -7.990812398439272 ] ] ] ] } },
{ "type": "Feature", "properties": { "Kelas": "Cukup Rendah", "SKOR_LONGSOR": 2 }, "geometry": { "type": "MultiPolygon", "coordinates": [ [ [ [ 110.332306380463109, -7.990812398439272 ], [ 110.333204695747227, -7.990812398439272 ], [ 110.333204695747227, -7.991707869969603 ], [ 110.332306380463109, -7.991707869969603 ], [ 110.332306380463109, -7.990812398439272 ] ] ] ] } },
{ "type": "Feature", "properties": { "Kelas": "Cukup Tinggi", "SKOR_LONGSOR": 4 }, "geometry": { "type": "MultiPolygon", "coordinates": [ [ [ [ 110.344882794440792, -7.990812398439272 ], [ 110.346679425009029, -7.990812398439272 ], [ 110.346679425009029, -7.991707869969603 ], [ 110.344882794440792, -7.991707869969603 ], [ 110.344882794440792, -7.990812398439272 ] ] ] ] } },
{ "type": "Feature", "properties": { "Kelas": "Cukup Tinggi", "SKOR_LONGSOR": 4 }, "geometry": { "type": "MultiPolygon", "coordinates": [ [ [ [ 110.3503878, -7.9893792 ], [ 110.3506332, -7.9897735 ], [ 110.3508566, -7.9900081 ], [ 110.35117100142962, -7.990041556171011 ], [ 110.35117100142962, -7.991707869969603 ], [ 110.349374370861383, -7.991707869969603 ], [ 110.349374370861383, -7.992603339509301 ], [ 110.348476055577265, -7.992603339509301 ], [ 110.348476055577265, -7.993498807058141 ], [ 110.347577740293133, -7.993498807058141 ], [ 110.347577740293133, -7.990812398439272 ], [ 110.349374370861383, -7.990812398439272 ], [ 110.349374370861383, -7.989916924918518 ], [ 110.350272686145502, -7.989916924918518 ], [ 110.350272686145502, -7.988998426909141 ], [ 110.3502736, -7.9890002 ], [ 110.350327, -7.989096 ], [ 110.3503339, -7.9891203 ], [ 110.3504033, -7.9893678 ], [ 110.3503878, -7.9893792 ] ] ], [ [ [ 110.350296554802, -7.988125971906618 ], [ 110.3503041, -7.9881895 ], [ 110.3503118, -7.9882358 ], [ 110.350272686145502, -7.988347502606747 ], [ 110.350272686145502, -7.988125971906618 ], [ 110.350296554802, -7.988125971906618 ] ] ], [ [ [ 110.355131255822457, -7.988125971906618 ], [ 110.354405533423204, -7.988125971906618 ], [ 110.3544741, -7.9879836 ], [ 110.3547544, -7.9876605 ], [ 110.3550565, -7.9876833 ], [ 110.355168, -7.9879624 ], [ 110.355131255822457, -7.988125971906618 ] ] ], [ [ [ 110.3651449, -7.9821832 ], [ 110.3649565, -7.9824483 ], [ 110.3648519, -7.9825991 ], [ 110.36480672288873, -7.98275306512341 ], [ 110.362849100123171, -7.98275306512341 ], [ 110.362849100123171, -7.981857573698641 ], [ 110.361052469554934, -7.981857573698641 ], [ 110.361052469554934, -7.982433549448739 ], [ 110.3610202, -7.9824214 ], [ 110.3609628, -7.9824621 ], [ 110.360947, -7.9824734 ], [ 110.3599324, -7.9823026 ], [ 110.359913, -7.9822931 ], [ 110.3586293, -7.9816644 ], [ 110.3577634, -7.9812401 ], [ 110.3575574, -7.9809981 ], [ 110.3568028, -7.980112 ], [ 110.356775035221318, -7.980066584884573 ], [ 110.357459208418462, -7.980066584884573 ], [ 110.357459208418462, -7.979171087495708 ], [ 110.361950784839067, -7.979171087495708 ], [ 110.361950784839067, -7.978275588119243 ], [ 110.36554404597554, -7.978275588119243 ], [ 110.36554404597554, -7.979171087495708 ], [ 110.366429642369667, -7.979171087495708 ], [ 110.366357, -7.9796462 ], [ 110.3662842, -7.9801219 ], [ 110.3657361, -7.9811131 ], [ 110.3654591, -7.9815019 ], [ 110.3653855, -7.9818453 ], [ 110.3652808, -7.9820273 ], [ 110.3651449, -7.9821832 ] ] ], [ [ [ 110.3664819, -7.9788293 ], [ 110.366442361259658, -7.979087900456221 ], [ 110.366442361259658, -7.978184512375441 ], [ 110.3664819, -7.9788293 ] ] ] ] } },
{ "type": "Feature", "properties": { "Kelas": "Cukup Rendah", "SKOR_LONGSOR": 2 }, "geometry": { "type": "MultiPolygon", "coordinates": [ [ [ [ 110.316136705348967, -7.991707869969603 ], [ 110.317933335917203, -7.991707869969603 ], [ 110.317933335917203, -7.993498807058141 ], [ 110.317035020633085, -7.993498807058141 ], [ 110.317035020633085, -7.992603339509301 ], [ 110.316136705348967, -7.992603339509301 ], [ 110.316136705348967, -7.991707869969603 ] ] ] ] } },
{ "type": "Feature", "properties": { "Kelas": "Cukup Rendah", "SKOR_LONGSOR": 2 }, "geometry": { "type": "MultiPolygon", "coordinates": [ [ [ [ 110.318831651201322, -7.991707869969603 ], [ 110.31972996648544, -7.991707869969603 ], [ 110.31972996648544, -7.992603339509301 ], [ 110.318831651201322, -7.992603339509301 ], [ 110.318831651201322, -7.991707869969603 ] ] ] ] } },
{ "type": "Feature", "properties": { "Kelas": "Cukup Tinggi", "SKOR_LONGSOR": 4 }, "geometry": { "type": "MultiPolygon", "coordinates": [ [ [ [ 110.335001326315464, -7.989916924918518 ], [ 110.3367979568837, -7.989916924918518 ], [ 110.3367979568837, -7.990812398439272 ], [ 110.338594587451951, -7.990812398439272 ], [ 110.338594587451951, -7.991707869969603 ], [ 110.3367979568837, -7.991707869969603 ], [ 110.3367979568837, -7.992603339509301 ], [ 110.332306380463109, -7.992603339509301 ], [ 110.332306380463109, -7.991707869969603 ], [ 110.333204695747227, -7.991707869969603 ], [ 110.333204695747227, -7.990812398439272 ], [ 110.33410301103136, -7.990812398439272 ], [ 110.33410301103136, -7.991707869969603 ], [ 110.335001326315464, -7.991707869969603 ], [ 110.335001326315464, -7.989916924918518 ] ] ] ] } },
{ "type": "Feature", "properties": { "Kelas": "Cukup Tinggi", "SKOR_LONGSOR": 4 }, "geometry": { "type": "MultiPolygon", "coordinates": [ [ [ [ 110.317933335917203, -7.992603339509301 ], [ 110.320628281769558, -7.992603339509301 ], [ 110.320628281769558, -7.993498807058141 ], [ 110.318831651201322, -7.993498807058141 ], [ 110.318831651201322, -7.994394272615912 ], [ 110.317933335917203, -7.994394272615912 ], [ 110.317933335917203, -7.992603339509301 ] ] ] ] } },
{ "type": "Feature", "properties": { "Kelas": "Cukup Tinggi", "SKOR_LONGSOR": 4 }, "geometry": { "type": "MultiPolygon", "coordinates": [ [ [ [ 110.317035020633085, -7.994394272615912 ], [ 110.317933335917203, -7.994394272615912 ], [ 110.317933335917203, -7.995289736182395 ], [ 110.317035020633085, -7.995289736182395 ], [ 110.317035020633085, -7.994394272615912 ] ] ] ] } },
{ "type": "Feature", "properties": { "Kelas": "Cukup Tinggi", "SKOR_LONGSOR": 4 }, "geometry": { "type": "MultiPolygon", "coordinates": [ [ [ [ 110.316136705348967, -7.996185197757372 ], [ 110.317035020633085, -7.996185197757372 ], [ 110.317035020633085, -7.998871570531104 ], [ 110.317933335917203, -7.998871570531104 ], [ 110.317933335917203, -8.002453373001844 ], [ 110.316136705348967, -8.002453373001844 ], [ 110.316136705348967, -7.996185197757372 ] ] ] ] } },
{ "type": "Feature", "properties": { "Kelas": "Cukup Tinggi", "SKOR_LONGSOR": 4 }, "geometry": { "type": "MultiPolygon", "coordinates": [ [ [ [ 110.326018173474267, -7.996185197757372 ], [ 110.328713119326636, -7.996185197757372 ], [ 110.328713119326636, -7.997080657340627 ], [ 110.329611434610754, -7.997080657340627 ], [ 110.329611434610754, -7.997976114931943 ], [ 110.327814804042518, -7.997976114931943 ], [ 110.327814804042518, -7.997080657340627 ], [ 110.326018173474267, -7.997080657340627 ], [ 110.326018173474267, -7.996185197757372 ] ] ] ] } },
{ "type": "Feature", "properties": { "Kelas": "Sedang", "SKOR_LONGSOR": 3 }, "geometry": { "type": "MultiPolygon", "coordinates": [ [ [ [ 110.315238390064835, -7.997080657340627 ], [ 110.316136705348967, -7.997080657340627 ], [ 110.316136705348967, -7.997976114931943 ], [ 110.315238390064835, -7.997976114931943 ], [ 110.315238390064835, -7.997080657340627 ] ] ] ] } },
{ "type": "Feature", "properties": { "Kelas": "Cukup Tinggi", "SKOR_LONGSOR": 4 }, "geometry": { "type": "MultiPolygon", "coordinates": [ [ [ [ 110.325119858190163, -7.997080657340627 ], [ 110.326018173474267, -7.997080657340627 ], [ 110.326018173474267, -7.997976114931943 ], [ 110.325119858190163, -7.997976114931943 ], [ 110.325119858190163, -7.997080657340627 ] ] ] ] } },
{ "type": "Feature", "properties": { "Kelas": "Cukup Tinggi", "SKOR_LONGSOR": 4 }, "geometry": { "type": "MultiPolygon", "coordinates": [ [ [ [ 110.323323227621927, -7.997976114931943 ], [ 110.325119858190163, -7.997976114931943 ], [ 110.325119858190163, -7.998871570531104 ], [ 110.324221542906031, -7.998871570531104 ], [ 110.324221542906031, -7.999767024137889 ], [ 110.323323227621927, -7.999767024137889 ], [ 110.323323227621927, -7.997976114931943 ] ] ] ] } },
{ "type": "Feature", "properties": { "Kelas": "Sedang", "SKOR_LONGSOR": 3 }, "geometry": { "type": "MultiPolygon", "coordinates": [ [ [ [ 110.328713119326636, -7.997976114931943 ], [ 110.329611434610754, -7.997976114931943 ], [ 110.329611434610754, -7.998871570531104 ], [ 110.328713119326636, -7.998871570531104 ], [ 110.328713119326636, -7.997976114931943 ] ] ] ] } },
{ "type": "Feature", "properties": { "Kelas": "Cukup Tinggi", "SKOR_LONGSOR": 4 }, "geometry": { "type": "MultiPolygon", "coordinates": [ [ [ [ 110.330509749894873, -7.998871570531104 ], [ 110.331271058625447, -7.998871570531104 ], [ 110.3312185, -7.9989409 ], [ 110.3311346, -7.9993338 ], [ 110.331039254018137, -7.999767024137889 ], [ 110.330509749894873, -7.999767024137889 ], [ 110.330509749894873, -7.998871570531104 ] ] ], [ [ [ 110.3324011, -7.9979768 ], [ 110.332306380463109, -7.998015357396867 ], [ 110.332306380463109, -7.997976114931943 ], [ 110.332402309409829, -7.997976114931943 ], [ 110.3324011, -7.9979768 ] ] ], [ [ [ 110.3413275, -7.9950452 ], [ 110.341152, -7.9951181 ], [ 110.3411139, -7.9951272 ], [ 110.3409613, -7.995131 ], [ 110.3408239, -7.9950957 ], [ 110.3404425, -7.9949422 ], [ 110.3404043, -7.9949155 ], [ 110.340391218020187, -7.994906123056426 ], [ 110.340391218020187, -7.993498807058141 ], [ 110.342187848588424, -7.993498807058141 ], [ 110.342187848588424, -7.994394272615912 ], [ 110.343086163872542, -7.994394272615912 ], [ 110.343086163872542, -7.994846447781361 ], [ 110.3421286, -7.9949903 ], [ 110.3419683, -7.9949531 ], [ 110.3417319, -7.9949836 ], [ 110.341564, -7.9950013 ], [ 110.3413275, -7.9950452 ] ] ], [ [ [ 110.347577740293133, -7.994959720944681 ], [ 110.3474953, -7.9949596 ], [ 110.3468555, -7.9947608 ], [ 110.3468466, -7.9947577 ], [ 110.346679425009029, -7.994656018270198 ], [ 110.346679425009029, -7.993498807058141 ], [ 110.347577740293133, -7.993498807058141 ], [ 110.347577740293133, -7.994959720944681 ] ] ], [ [ [ 110.345781109724896, -7.994631725846745 ], [ 110.3443945, -7.9946499 ], [ 110.34398447915666, -7.994711496317169 ], [ 110.34398447915666, -7.993498807058141 ], [ 110.344882794440792, -7.993498807058141 ], [ 110.344882794440792, -7.994394272615912 ], [ 110.345781109724896, -7.994394272615912 ], [ 110.345781109724896, -7.994631725846745 ] ] ] ] } },
{ "type": "Feature", "properties": { "Kelas": "Sedang", "SKOR_LONGSOR": 3 }, "geometry": { "type": "MultiPolygon", "coordinates": [ [ [ [ 110.324221542906031, -8.000662475752085 ], [ 110.325119858190163, -8.000662475752085 ], [ 110.325119858190163, -8.001557925373476 ], [ 110.324221542906031, -8.001557925373476 ], [ 110.324221542906031, -8.000662475752085 ] ] ] ] } },
{ "type": "Feature", "properties": { "Kelas": "Cukup Tinggi", "SKOR_LONGSOR": 4 }, "geometry": { "type": "MultiPolygon", "coordinates": [ [ [ [ 110.3295935, -8.0038581 ], [ 110.329530374066223, -8.004244262278633 ], [ 110.327814804042518, -8.004244262278633 ], [ 110.327814804042518, -8.002453373001844 ], [ 110.325119858190163, -8.002453373001844 ], [ 110.325119858190163, -8.001557925373476 ], [ 110.327814804042518, -8.001557925373476 ], [ 110.327814804042518, -8.000662475752085 ], [ 110.328713119326636, -8.000662475752085 ], [ 110.328713119326636, -8.003348818636965 ], [ 110.329611434610754, -8.003348818636965 ], [ 110.329611434610754, -8.003795949704074 ], [ 110.3295935, -8.0038581 ] ] ] ] } },
{ "type": "Feature", "properties": { "Kelas": "Cukup Rendah", "SKOR_LONGSOR": 2 }, "geometry": { "type": "MultiPolygon", "coordinates": [ [ [ [ 110.3310202, -7.9998536 ], [ 110.3309821, -8.0000338 ], [ 110.3306463, -8.0007052 ], [ 110.3306234, -8.0007834 ], [ 110.3305166, -8.0010114 ], [ 110.330448, -8.0012021 ], [ 110.330364, -8.0014367 ], [ 110.3301428, -8.0020842 ], [ 110.3298376, -8.0030122 ], [ 110.329611434610754, -8.003795949704074 ], [ 110.329611434610754, -8.003348818636965 ], [ 110.328713119326636, -8.003348818636965 ], [ 110.328713119326636, -8.000662475752085 ], [ 110.327814804042518, -8.000662475752085 ], [ 110.327814804042518, -8.001557925373476 ], [ 110.325119858190163, -8.001557925373476 ], [ 110.325119858190163, -8.000662475752085 ], [ 110.324221542906031, -8.000662475752085 ], [ 110.324221542906031, -7.998871570531104 ], [ 110.325119858190163, -7.998871570531104 ], [ 110.325119858190163, -7.997976114931943 ], [ 110.326018173474267, -7.997976114931943 ], [ 110.326018173474267, -7.997080657340627 ], [ 110.327814804042518, -7.997080657340627 ], [ 110.327814804042518, -7.997976114931943 ], [ 110.328713119326636, -7.997976114931943 ], [ 110.328713119326636, -7.998871570531104 ], [ 110.330509749894873, -7.998871570531104 ], [ 110.330509749894873, -7.999767024137889 ], [ 110.331039254018137, -7.999767024137889 ], [ 110.3310202, -7.9998536 ] ] ] ] } },
{ "type": "Feature", "properties": { "Kelas": "Sangat Rendah", "SKOR_LONGSOR": 1 }, "geometry": { "type": "MultiPolygon", "coordinates": [ [ [ [ 110.316136705348967, -8.002453373001844 ], [ 110.317035020633085, -8.002453373001844 ], [ 110.317035020633085, -8.005139703926625 ], [ 110.316136705348967, -8.005139703926625 ], [ 110.316136705348967, -8.002453373001844 ] ] ] ] } },
{ "type": "Feature", "properties": { "Kelas": "Cukup Tinggi", "SKOR_LONGSOR": 4 }, "geometry": { "type": "MultiPolygon", "coordinates": [ [ [ [ 110.317035020633085, -8.003348818636965 ], [ 110.317933335917203, -8.003348818636965 ], [ 110.317933335917203, -8.005139703926625 ], [ 110.317035020633085, -8.005139703926625 ], [ 110.317035020633085, -8.003348818636965 ] ] ] ] } },
{ "type": "Feature", "properties": { "Kelas": "Cukup Tinggi", "SKOR_LONGSOR": 4 }, "geometry": { "type": "MultiPolygon", "coordinates": [ [ [ [ 110.333550686242148, -8.015884848116901 ], [ 110.333204695747227, -8.015884848116901 ], [ 110.333204695747227, -8.015282645482911 ], [ 110.3332152, -8.0153069 ], [ 110.3335604, -8.0158648 ], [ 110.333550686242148, -8.015884848116901 ] ] ], [ [ [ 110.332306380463109, -8.014094010706685 ], [ 110.332306380463109, -8.013306759603536 ], [ 110.3326353, -8.0139679 ], [ 110.332689916578659, -8.014094010706685 ], [ 110.332306380463109, -8.014094010706685 ] ] ] ] } },
{ "type": "Feature", "properties": { "Kelas": "Cukup Tinggi", "SKOR_LONGSOR": 4 }, "geometry": { "type": "MultiPolygon", "coordinates": [ [ [ [ 110.324221542906031, -8.010512311935249 ], [ 110.326018173474267, -8.010512311935249 ], [ 110.326018173474267, -8.01140773962144 ], [ 110.3269164887584, -8.01140773962144 ], [ 110.3269164887584, -8.012303165312222 ], [ 110.327814804042518, -8.012303165312222 ], [ 110.327814804042518, -8.014094010706685 ], [ 110.328713119326636, -8.014094010706685 ], [ 110.328713119326636, -8.014989430409932 ], [ 110.327814804042518, -8.014989430409932 ], [ 110.327814804042518, -8.016780263827371 ], [ 110.3269164887584, -8.016780263827371 ], [ 110.3269164887584, -8.015884848116901 ], [ 110.326018173474267, -8.015884848116901 ], [ 110.326018173474267, -8.016780263827371 ], [ 110.325119858190163, -8.016780263827371 ], [ 110.325119858190163, -8.015884848116901 ], [ 110.324221542906031, -8.015884848116901 ], [ 110.324221542906031, -8.014094010706685 ], [ 110.323323227621927, -8.014094010706685 ], [ 110.323323227621927, -8.013198589007377 ], [ 110.324221542906031, -8.013198589007377 ], [ 110.324221542906031, -8.010512311935249 ] ] ] ] } },
{ "type": "Feature", "properties": { "Kelas": "Sedang", "SKOR_LONGSOR": 3 }, "geometry": { "type": "MultiPolygon", "coordinates": [ [ [ [ 110.323323227621927, -8.014094010706685 ], [ 110.324221542906031, -8.014094010706685 ], [ 110.324221542906031, -8.014989430409932 ], [ 110.323323227621927, -8.014989430409932 ], [ 110.323323227621927, -8.014094010706685 ] ] ] ] } },
{ "type": "Feature", "properties": { "Kelas": "Cukup Rendah", "SKOR_LONGSOR": 2 }, "geometry": { "type": "MultiPolygon", "coordinates": [ [ [ [ 110.323323227621927, -8.014989430409932 ], [ 110.324221542906031, -8.014989430409932 ], [ 110.324221542906031, -8.015884848116901 ], [ 110.325119858190163, -8.015884848116901 ], [ 110.325119858190163, -8.016780263827371 ], [ 110.324221542906031, -8.016780263827371 ], [ 110.324221542906031, -8.017675677541137 ], [ 110.323323227621927, -8.017675677541137 ], [ 110.323323227621927, -8.014989430409932 ] ] ] ] } },
{ "type": "Feature", "properties": { "Kelas": "Cukup Tinggi", "SKOR_LONGSOR": 4 }, "geometry": { "type": "MultiPolygon", "coordinates": [ [ [ [ 110.328713119326636, -8.015884848116901 ], [ 110.329611434610754, -8.015884848116901 ], [ 110.329611434610754, -8.017675677541137 ], [ 110.327814804042518, -8.017675677541137 ], [ 110.327814804042518, -8.016780263827371 ], [ 110.328713119326636, -8.016780263827371 ], [ 110.328713119326636, -8.015884848116901 ] ] ] ] } },
{ "type": "Feature", "properties": { "Kelas": "Tinggi", "SKOR_LONGSOR": 0 }, "geometry": { "type": "MultiPolygon", "coordinates": [ [ [ [ 110.3543868, -7.9816634 ], [ 110.3543401, -7.9817794 ], [ 110.3540273, -7.9825166 ], [ 110.3531499, -7.9834431 ], [ 110.3524404, -7.9840401 ], [ 110.3522344, -7.98432 ], [ 110.3519902, -7.9850882 ], [ 110.3515477, -7.9858244 ], [ 110.3505102, -7.9876378 ], [ 110.3503805, -7.9877089 ], [ 110.3502813, -7.9878472 ], [ 110.3502736, -7.9879301 ], [ 110.3502736, -7.9879327 ], [ 110.350296554802, -7.988125971906618 ], [ 110.350272686145502, -7.988125971906618 ], [ 110.350272686145502, -7.988347502606747 ], [ 110.3501592, -7.9886716 ], [ 110.350205, -7.9888671 ], [ 110.350272686145502, -7.988998426909141 ], [ 110.350272686145502, -7.989916924918518 ], [ 110.349374370861383, -7.989916924918518 ], [ 110.349374370861383, -7.990812398439272 ], [ 110.347577740293133, -7.990812398439272 ], [ 110.347577740293133, -7.993498807058141 ], [ 110.346679425009029, -7.993498807058141 ], [ 110.346679425009029, -7.994656018270198 ], [ 110.3465916, -7.9946026 ], [ 110.3458136, -7.9946313 ], [ 110.345781109724896, -7.994631725846745 ], [ 110.345781109724896, -7.994394272615912 ], [ 110.344882794440792, -7.994394272615912 ], [ 110.344882794440792, -7.993498807058141 ], [ 110.34398447915666, -7.993498807058141 ], [ 110.34398447915666, -7.994711496317169 ], [ 110.343086163872542, -7.994846447781361 ], [ 110.343086163872542, -7.994394272615912 ], [ 110.342187848588424, -7.994394272615912 ], [ 110.342187848588424, -7.993498807058141 ], [ 110.340391218020187, -7.993498807058141 ], [ 110.340391218020187, -7.994906123056426 ], [ 110.3402899, -7.9948335 ], [ 110.3401907, -7.9947753 ], [ 110.3400152, -7.9947338 ], [ 110.3398245, -7.9947514 ], [ 110.339733, -7.9948501 ], [ 110.3396414, -7.9949488 ], [ 110.3394964, -7.995018 ], [ 110.3394125, -7.995028 ], [ 110.3393286, -7.9950394 ], [ 110.3391074, -7.995018 ], [ 110.3390768, -7.9949917 ], [ 110.338291, -7.9953804 ], [ 110.3376196, -7.9956956 ], [ 110.3369406, -7.9959087 ], [ 110.3362158, -7.996428 ], [ 110.335903, -7.9965982 ], [ 110.3352087, -7.9966402 ], [ 110.3349799, -7.9966616 ], [ 110.3346136, -7.9967684 ], [ 110.3339499, -7.9969616 ], [ 110.3338049, -7.997025 ], [ 110.3338049, -7.9970536 ], [ 110.3335913, -7.9974098 ], [ 110.3333471, -7.9975443 ], [ 110.333309, -7.9975557 ], [ 110.3330877, -7.9976549 ], [ 110.332958, -7.9977135 ], [ 110.3327826, -7.9977607 ], [ 110.332402309409829, -7.997976114931943 ], [ 110.332306380463109, -7.997976114931943 ], [ 110.332306380463109, -7.998015357396867 ], [ 110.3321493, -7.9980793 ], [ 110.3315695, -7.9984779 ], [ 110.331271058625447, -7.998871570531104 ], [ 110.329611434610754, -7.998871570531104 ], [ 110.329611434610754, -7.997080657340627 ], [ 110.328713119326636, -7.997080657340627 ], [ 110.328713119326636, -7.996185197757372 ], [ 110.326018173474267, -7.996185197757372 ], [ 110.326018173474267, -7.997080657340627 ], [ 110.325119858190163, -7.997080657340627 ], [ 110.325119858190163, -7.997976114931943 ], [ 110.323323227621927, -7.997976114931943 ], [ 110.323323227621927, -7.999767024137889 ], [ 110.324221542906031, -7.999767024137889 ], [ 110.324221542906031, -8.001557925373476 ], [ 110.325119858190163, -8.001557925373476 ], [ 110.325119858190163, -8.002453373001844 ], [ 110.327814804042518, -8.002453373001844 ], [ 110.327814804042518, -8.004244262278633 ], [ 110.329530374066223, -8.004244262278633 ], [ 110.3294256, -8.0048852 ], [ 110.3292502, -8.0057559 ], [ 110.3292368, -8.0061346 ], [ 110.3292362, -8.0061509 ], [ 110.3292708, -8.0066704 ], [ 110.3293776, -8.0075593 ], [ 110.3295454, -8.0082602 ], [ 110.329782, -8.0091233 ], [ 110.3301253, -8.0097174 ], [ 110.3310408, -8.0113806 ], [ 110.3321471, -8.0129866 ], [ 110.332306380463109, -8.013306759603536 ], [ 110.332306380463109, -8.014094010706685 ], [ 110.332689916578659, -8.014094010706685 ], [ 110.333204695747227, -8.015282645482911 ], [ 110.333204695747227, -8.015884848116901 ], [ 110.333550686242148, -8.015884848116901 ], [ 110.3334884, -8.0160134 ], [ 110.3331166, -8.0167811 ], [ 110.3330302, -8.0174887 ], [ 110.3333984, -8.0180837 ], [ 110.3340224, -8.0185943 ], [ 110.3347318, -8.0190951 ], [ 110.3347738, -8.0191248 ], [ 110.3348327, -8.0192971 ], [ 110.3352522, -8.0198903 ], [ 110.3355879, -8.0201277 ], [ 110.3362669, -8.0205513 ], [ 110.3366516, -8.020957 ], [ 110.33676909360274, -8.021257312424719 ], [ 110.335899641599596, -8.021257312424719 ], [ 110.335899641599596, -8.020361906699977 ], [ 110.335001326315464, -8.020361906699977 ], [ 110.335001326315464, -8.021257312424719 ], [ 110.332306380463109, -8.021257312424719 ], [ 110.332306380463109, -8.019466498977653 ], [ 110.331408065178991, -8.019466498977653 ], [ 110.331408065178991, -8.020361906699977 ], [ 110.330509749894873, -8.020361906699977 ], [ 110.330509749894873, -8.01857108925797 ], [ 110.329611434610754, -8.01857108925797 ], [ 110.329611434610754, -8.015884848116901 ], [ 110.328713119326636, -8.015884848116901 ], [ 110.328713119326636, -8.014094010706685 ], [ 110.327814804042518, -8.014094010706685 ], [ 110.327814804042518, -8.012303165312222 ], [ 110.3269164887584, -8.012303165312222 ], [ 110.3269164887584, -8.01140773962144 ], [ 110.326018173474267, -8.01140773962144 ], [ 110.326018173474267, -8.010512311935249 ], [ 110.323323227621927, -8.010512311935249 ], [ 110.323323227621927, -8.008721450577502 ], [ 110.321526597053676, -8.008721450577502 ], [ 110.321526597053676, -8.00782601690638 ], [ 110.31972996648544, -8.00782601690638 ], [ 110.31972996648544, -8.006035143580725 ], [ 110.318831651201322, -8.006035143580725 ], [ 110.318831651201322, -8.004244262278633 ], [ 110.317933335917203, -8.004244262278633 ], [ 110.317933335917203, -8.003348818636965 ], [ 110.317035020633085, -8.003348818636965 ], [ 110.317035020633085, -8.002453373001844 ], [ 110.317933335917203, -8.002453373001844 ], [ 110.317933335917203, -7.998871570531104 ], [ 110.317035020633085, -7.998871570531104 ], [ 110.317035020633085, -7.995289736182395 ], [ 110.317933335917203, -7.995289736182395 ], [ 110.317933335917203, -7.994394272615912 ], [ 110.318831651201322, -7.994394272615912 ], [ 110.318831651201322, -7.993498807058141 ], [ 110.320628281769558, -7.993498807058141 ], [ 110.320628281769558, -7.992603339509301 ], [ 110.321526597053676, -7.992603339509301 ], [ 110.321526597053676, -7.993498807058141 ], [ 110.323323227621927, -7.993498807058141 ], [ 110.323323227621927, -7.992603339509301 ], [ 110.325119858190163, -7.992603339509301 ], [ 110.325119858190163, -7.993498807058141 ], [ 110.3269164887584, -7.993498807058141 ], [ 110.3269164887584, -7.992603339509301 ], [ 110.327814804042518, -7.992603339509301 ], [ 110.327814804042518, -7.991707869969603 ], [ 110.328713119326636, -7.991707869969603 ], [ 110.328713119326636, -7.989916924918518 ], [ 110.329611434610754, -7.989916924918518 ], [ 110.329611434610754, -7.991707869969603 ], [ 110.332306380463109, -7.991707869969603 ], [ 110.332306380463109, -7.992603339509301 ], [ 110.3367979568837, -7.992603339509301 ], [ 110.3367979568837, -7.991707869969603 ], [ 110.338594587451951, -7.991707869969603 ], [ 110.338594587451951, -7.990812398439272 ], [ 110.340391218020187, -7.990812398439272 ], [ 110.340391218020187, -7.989916924918518 ], [ 110.341289533304305, -7.989916924918518 ], [ 110.341289533304305, -7.989021449407562 ], [ 110.343086163872542, -7.989021449407562 ], [ 110.343086163872542, -7.988125971906618 ], [ 110.34398447915666, -7.988125971906618 ], [ 110.34398447915666, -7.987230492415909 ], [ 110.344882794440792, -7.987230492415909 ], [ 110.344882794440792, -7.986335010935646 ], [ 110.345781109724896, -7.986335010935646 ], [ 110.345781109724896, -7.98454404200733 ], [ 110.346679425009029, -7.98454404200733 ], [ 110.346679425009029, -7.985439527466046 ], [ 110.347577740293133, -7.985439527466046 ], [ 110.347577740293133, -7.983648554559712 ], [ 110.349374370861383, -7.983648554559712 ], [ 110.349374370861383, -7.98275306512341 ], [ 110.348476055577265, -7.98275306512341 ], [ 110.348476055577265, -7.980962080285627 ], [ 110.349374370861383, -7.980962080285627 ], [ 110.349374370861383, -7.981857573698641 ], [ 110.350272686145502, -7.981857573698641 ], [ 110.350272686145502, -7.980962080285627 ], [ 110.352069316713738, -7.980962080285627 ], [ 110.352069316713738, -7.980066584884573 ], [ 110.352967631997856, -7.980066584884573 ], [ 110.352967631997856, -7.979490979595672 ], [ 110.3533205, -7.9796934 ], [ 110.3549078, -7.9807556 ], [ 110.354852, -7.9809765 ], [ 110.3548131, -7.9809821 ], [ 110.3546111, -7.9812135 ], [ 110.3545308, -7.9813054 ], [ 110.3543868, -7.9816634 ] ], [ [ 110.345781109724896, -7.987230492415909 ], [ 110.346679425009029, -7.987230492415909 ], [ 110.346679425009029, -7.986335010935646 ], [ 110.345781109724896, -7.986335010935646 ], [ 110.345781109724896, -7.987230492415909 ] ], [ [ 110.344882794440792, -7.991707869969603 ], [ 110.346679425009029, -7.991707869969603 ], [ 110.346679425009029, -7.990812398439272 ], [ 110.344882794440792, -7.990812398439272 ], [ 110.344882794440792, -7.991707869969603 ] ] ], [ [ [ 110.3951747, -7.9809866 ], [ 110.39507712794763, -7.980962080285627 ], [ 110.395188450351469, -7.980962080285627 ], [ 110.395188450351469, -7.980984021809099 ], [ 110.3951747, -7.9809866 ] ] ], [ [ [ 110.352186, -7.9789331 ], [ 110.352438221897344, -7.979171087495708 ], [ 110.352069316713738, -7.979171087495708 ], [ 110.352069316713738, -7.978681887002542 ], [ 110.352186, -7.9789331 ] ] ], [ [ [ 110.352069316713738, -7.976519828572346 ], [ 110.352069316713738, -7.976484583404382 ], [ 110.353865947281975, -7.976484583404382 ], [ 110.353865947281975, -7.977793185804797 ], [ 110.352248, -7.9768812 ], [ 110.352069316713738, -7.976519828572346 ] ] ], [ [ [ 110.391566, -7.9806132 ], [ 110.3906887, -7.9808993 ], [ 110.389857, -7.9809408 ], [ 110.38979855864676, -7.980979946651397 ], [ 110.38979855864676, -7.980962080285627 ], [ 110.378161053229888, -7.980962080285627 ], [ 110.377222144669091, -7.980475645423164 ], [ 110.377222144669091, -7.980066584884573 ], [ 110.376698554242978, -7.980066584884573 ], [ 110.3764522, -7.9798512 ], [ 110.3756816, -7.9794483 ], [ 110.3754833, -7.9793958 ], [ 110.375323, -7.9793133 ], [ 110.3751323, -7.9791403 ], [ 110.372729, -7.9771166 ], [ 110.371104, -7.9752159 ], [ 110.3696468, -7.9743385 ], [ 110.3675792, -7.9733688 ], [ 110.3672515, -7.9733756 ], [ 110.3672476, -7.9733757 ], [ 110.3672442, -7.9733757 ], [ 110.3668001, -7.9735279 ], [ 110.3666037, -7.9739261 ], [ 110.3664068, -7.9746333 ], [ 110.3663308, -7.9763652 ], [ 110.366442361259658, -7.978184512375441 ], [ 110.366442361259658, -7.979087900456221 ], [ 110.366429642369667, -7.979171087495708 ], [ 110.36554404597554, -7.979171087495708 ], [ 110.36554404597554, -7.978275588119243 ], [ 110.361950784839067, -7.978275588119243 ], [ 110.361950784839067, -7.979171087495708 ], [ 110.357459208418462, -7.979171087495708 ], [ 110.357459208418462, -7.980066584884573 ], [ 110.356775035221318, -7.980066584884573 ], [ 110.3560383, -7.9788615 ], [ 110.3553788, -7.9783808 ], [ 110.354764262566107, -7.978176543904465 ], [ 110.354764262566107, -7.975589078066425 ], [ 110.357459208418462, -7.975589078066425 ], [ 110.357459208418462, -7.974693570741735 ], [ 110.356560893134343, -7.974693570741735 ], [ 110.356560893134343, -7.973798061430529 ], [ 110.359255838986698, -7.973798061430529 ], [ 110.359255838986698, -7.974693570741735 ], [ 110.36015415427083, -7.974693570741735 ], [ 110.36015415427083, -7.972007036849451 ], [ 110.359255838986698, -7.972007036849451 ], [ 110.359255838986698, -7.971111521580011 ], [ 110.36015415427083, -7.971111521580011 ], [ 110.36015415427083, -7.967529440647958 ], [ 110.361950784839067, -7.967529440647958 ], [ 110.361950784839067, -7.971111521580011 ], [ 110.363747415407303, -7.971111521580011 ], [ 110.363747415407303, -7.972902550133032 ], [ 110.364645730691407, -7.972902550133032 ], [ 110.364645730691407, -7.971111521580011 ], [ 110.366442361259658, -7.971111521580011 ], [ 110.366442361259658, -7.972007036849451 ], [ 110.367340676543776, -7.972007036849451 ], [ 110.367340676543776, -7.971111521580011 ], [ 110.368238991827894, -7.971111521580011 ], [ 110.368238991827894, -7.970216004324921 ], [ 110.369137307112013, -7.970216004324921 ], [ 110.369137307112013, -7.972007036849451 ], [ 110.370035622396131, -7.972007036849451 ], [ 110.370035622396131, -7.972902550133032 ], [ 110.371832252964367, -7.972902550133032 ], [ 110.371832252964367, -7.973798061430529 ], [ 110.3727305682485, -7.973798061430529 ], [ 110.3727305682485, -7.972902550133032 ], [ 110.373628883532604, -7.972902550133032 ], [ 110.373628883532604, -7.973798061430529 ], [ 110.37542551410084, -7.973798061430529 ], [ 110.37542551410084, -7.974693570741735 ], [ 110.376323829384972, -7.974693570741735 ], [ 110.376323829384972, -7.976484583404382 ], [ 110.377222144669091, -7.976484583404382 ], [ 110.377222144669091, -7.978275588119243 ], [ 110.381713721089696, -7.978275588119243 ], [ 110.381713721089696, -7.976484583404382 ], [ 110.3826120363738, -7.976484583404382 ], [ 110.3826120363738, -7.978275588119243 ], [ 110.383510351657932, -7.978275588119243 ], [ 110.383510351657932, -7.977380086755393 ], [ 110.384408666942036, -7.977380086755393 ], [ 110.384408666942036, -7.978275588119243 ], [ 110.385306982226169, -7.978275588119243 ], [ 110.385306982226169, -7.977380086755393 ], [ 110.387103612794405, -7.977380086755393 ], [ 110.387103612794405, -7.976484583404382 ], [ 110.388001928078523, -7.976484583404382 ], [ 110.388001928078523, -7.978275588119243 ], [ 110.388900243362642, -7.978275588119243 ], [ 110.388900243362642, -7.980066584884573 ], [ 110.38979855864676, -7.980066584884573 ], [ 110.38979855864676, -7.977380086755393 ], [ 110.391595189214996, -7.977380086755393 ], [ 110.391595189214996, -7.978275588119243 ], [ 110.393391819783233, -7.978275588119243 ], [ 110.393391819783233, -7.980066584884573 ], [ 110.394290135067365, -7.980066584884573 ], [ 110.394290135067365, -7.980734563146921 ], [ 110.3940837, -7.9806699 ], [ 110.393893, -7.980607 ], [ 110.3931301, -7.9805545 ], [ 110.3924282, -7.9805526 ], [ 110.3918712, -7.9806013 ], [ 110.3917644, -7.9805984 ], [ 110.391762, -7.9805992 ], [ 110.3916118, -7.9805948 ], [ 110.391566, -7.9806132 ] ], [ [ 110.390696873930878, -7.980066584884573 ], [ 110.391595189214996, -7.980066584884573 ], [ 110.391595189214996, -7.979171087495708 ], [ 110.390696873930878, -7.979171087495708 ], [ 110.390696873930878, -7.980066584884573 ] ] ] ] } },
{ "type": "Feature", "properties": { "Kelas": "Sangat Rendah", "SKOR_LONGSOR": 1 }, "geometry": { "type": "MultiPolygon", "coordinates": [ [ [ [ 110.335001326315464, -8.020361906699977 ], [ 110.335899641599596, -8.020361906699977 ], [ 110.335899641599596, -8.021257312424719 ], [ 110.335001326315464, -8.021257312424719 ], [ 110.335001326315464, -8.020361906699977 ] ] ] ] } },
{ "type": "Feature", "properties": { "Kelas": "Sangat Rendah", "SKOR_LONGSOR": 1 }, "geometry": { "type": "MultiPolygon", "coordinates": [ [ [ [ 110.333204695747227, -8.021257312424719 ], [ 110.335001326315464, -8.021257312424719 ], [ 110.335001326315464, -8.022152716151666 ], [ 110.333204695747227, -8.022152716151666 ], [ 110.333204695747227, -8.021257312424719 ] ] ] ] } },
{ "type": "Feature", "properties": { "Kelas": "Cukup Tinggi", "SKOR_LONGSOR": 4 }, "geometry": { "type": "MultiPolygon", "coordinates": [ [ [ [ 110.335001326315464, -8.021257312424719 ], [ 110.335899641599596, -8.021257312424719 ], [ 110.335899641599596, -8.023048117880597 ], [ 110.335001326315464, -8.023048117880597 ], [ 110.335001326315464, -8.021257312424719 ] ] ] ] } },
{ "type": "Feature", "properties": { "Kelas": "Sangat Rendah", "SKOR_LONGSOR": 1 }, "geometry": { "type": "MultiPolygon", "coordinates": [ [ [ [ 110.3367979568837, -8.021331086670186 ], [ 110.3367979568837, -8.022152716151666 ], [ 110.335899641599596, -8.022152716151666 ], [ 110.335899641599596, -8.021257312424719 ], [ 110.33676909360274, -8.021257312424719 ], [ 110.3367979568837, -8.021331086670186 ] ] ] ] } },
{ "type": "Feature", "properties": { "Kelas": "Tinggi", "SKOR_LONGSOR": 0 }, "geometry": { "type": "MultiPolygon", "coordinates": [ [ [ [ 110.3368052, -8.0213496 ], [ 110.336843658163687, -8.022152716151666 ], [ 110.3367979568837, -8.022152716151666 ], [ 110.3367979568837, -8.021331086670186 ], [ 110.3368052, -8.0213496 ] ] ] ] } },
{ "type": "Feature", "properties": { "Kelas": "Cukup Tinggi", "SKOR_LONGSOR": 4 }, "geometry": { "type": "MultiPolygon", "coordinates": [ [ [ [ 110.3378463, -8.0245232 ], [ 110.338022563204575, -8.024838915343548 ], [ 110.337696272167832, -8.024838915343548 ], [ 110.337696272167832, -8.024152318267983 ], [ 110.3378463, -8.0245232 ] ] ] ] } },
{ "type": "Feature", "properties": { "Kelas": "Tinggi", "SKOR_LONGSOR": 0 }, "geometry": { "type": "MultiPolygon", "coordinates": [ [ [ [ 110.339643328825147, -8.02752509654745 ], [ 110.339492902736069, -8.02752509654745 ], [ 110.339492902736069, -8.027272233293395 ], [ 110.339643328825147, -8.02752509654745 ] ] ] ] } },
{ "type": "Feature", "properties": { "Kelas": "Cukup Rendah", "SKOR_LONGSOR": 2 }, "geometry": { "type": "MultiPolygon", "coordinates": [ [ [ [ 110.3397983, -8.0277856 ], [ 110.3398199, -8.0278125 ], [ 110.3397649, -8.0279565 ], [ 110.3397462, -8.0280055 ], [ 110.3397432, -8.0280133 ], [ 110.339687, -8.027989 ], [ 110.339492902736069, -8.027914347206179 ], [ 110.339492902736069, -8.02752509654745 ], [ 110.339643328825147, -8.02752509654745 ], [ 110.3397983, -8.0277856 ] ] ] ] } },
{ "type": "Feature", "properties": { "Kelas": "Cukup Rendah", "SKOR_LONGSOR": 2 }, "geometry": { "type": "MultiPolygon", "coordinates": [ [ [ [ 110.3523059, -7.9898876 ], [ 110.3529328, -7.989699 ], [ 110.353771164143168, -7.989021449407562 ], [ 110.353865947281975, -7.989021449407562 ], [ 110.353865947281975, -7.98894484740547 ], [ 110.3541037, -7.9887527 ], [ 110.354405533423204, -7.988125971906618 ], [ 110.355131255822457, -7.988125971906618 ], [ 110.3550553, -7.9884641 ], [ 110.3549202, -7.9889436 ], [ 110.3549645, -7.9892894 ], [ 110.3550424, -7.9895238 ], [ 110.3550528, -7.9900146 ], [ 110.3553316, -7.9906732 ], [ 110.3554316, -7.9910861 ], [ 110.3553922, -7.9913537 ], [ 110.3553638, -7.9915433 ], [ 110.3550049, -7.9920224 ], [ 110.3546965, -7.9924569 ], [ 110.3541359, -7.9931365 ], [ 110.3535144, -7.9935517 ], [ 110.3534606, -7.9935884 ], [ 110.3528289, -7.9940198 ], [ 110.352302, -7.9946325 ], [ 110.3517863, -7.995234 ], [ 110.3511816, -7.9955342 ], [ 110.349917, -7.9956103 ], [ 110.3496882, -7.9952307 ], [ 110.3491851, -7.9949288 ], [ 110.3482451, -7.9949607 ], [ 110.347577740293133, -7.994959720944681 ], [ 110.347577740293133, -7.993498807058141 ], [ 110.348476055577265, -7.993498807058141 ], [ 110.348476055577265, -7.992603339509301 ], [ 110.349374370861383, -7.992603339509301 ], [ 110.349374370861383, -7.991707869969603 ], [ 110.35117100142962, -7.991707869969603 ], [ 110.35117100142962, -7.990041556171011 ], [ 110.351365, -7.9900622 ], [ 110.3514943, -7.990076 ], [ 110.3523059, -7.9898876 ] ] ], [ [ [ 110.3835323, -7.9822025 ], [ 110.3831203, -7.9822263 ], [ 110.3826091, -7.9822874 ], [ 110.3820369, -7.9822106 ], [ 110.381602, -7.9822035 ], [ 110.3813579, -7.9821524 ], [ 110.3812816, -7.9821396 ], [ 110.3808544, -7.9820447 ], [ 110.380287109015555, -7.981857573698641 ], [ 110.386205297510273, -7.981857573698641 ], [ 110.386205297510273, -7.981919054132917 ], [ 110.3859203, -7.9819641 ], [ 110.3853023, -7.9820943 ], [ 110.3845699, -7.9822616 ], [ 110.3842876, -7.9822421 ], [ 110.3835323, -7.9822025 ] ] ], [ [ [ 110.4152556, -7.9719589 ], [ 110.4136425, -7.9714055 ], [ 110.4121746, -7.9718111 ], [ 110.4118693, -7.9718956 ], [ 110.4118082, -7.9719124 ], [ 110.41135812546564, -7.972035561296257 ], [ 110.41135812546564, -7.972007036849451 ], [ 110.409561494897403, -7.972007036849451 ], [ 110.409561494897403, -7.969320485084405 ], [ 110.408663179613271, -7.969320485084405 ], [ 110.408663179613271, -7.96842496385868 ], [ 110.407764864329152, -7.96842496385868 ], [ 110.407764864329152, -7.965738388272406 ], [ 110.408663179613271, -7.965738388272406 ], [ 110.408663179613271, -7.96663391545246 ], [ 110.410459810181507, -7.96663391545246 ], [ 110.410459810181507, -7.96842496385868 ], [ 110.41135812546564, -7.96842496385868 ], [ 110.41135812546564, -7.967529440647958 ], [ 110.414053071317994, -7.967529440647958 ], [ 110.414053071317994, -7.96663391545246 ], [ 110.414951386602112, -7.96663391545246 ], [ 110.414951386602112, -7.969320485084405 ], [ 110.415849701886231, -7.969320485084405 ], [ 110.415849701886231, -7.96842496385868 ], [ 110.417646332454467, -7.96842496385868 ], [ 110.417646332454467, -7.970216004324921 ], [ 110.418544647738585, -7.970216004324921 ], [ 110.418544647738585, -7.971111521580011 ], [ 110.419442963022703, -7.971111521580011 ], [ 110.419442963022703, -7.972007036849451 ], [ 110.420341278306836, -7.972007036849451 ], [ 110.420341278306836, -7.972902550133032 ], [ 110.418544647738585, -7.972902550133032 ], [ 110.418544647738585, -7.97299475915047 ], [ 110.4182147, -7.9729751 ], [ 110.4178104, -7.9728926 ], [ 110.4176654, -7.9727919 ], [ 110.417646332454467, -7.972784178115837 ], [ 110.417646332454467, -7.972007036849451 ], [ 110.415410191080085, -7.972007036849451 ], [ 110.4152556, -7.9719589 ] ], [ [ 110.414053071317994, -7.969320485084405 ], [ 110.413154756033876, -7.969320485084405 ], [ 110.413154756033876, -7.970216004324921 ], [ 110.414053071317994, -7.970216004324921 ], [ 110.414053071317994, -7.969320485084405 ] ] ] ] } }
]
}
